,epoch,train_loss,val_loss,train_accuracy,val_accuracy,train_margin_at_50,val_margin_at_50,train_robstacc_108,val_robstacc_108,train_robstacc_255,val_robstacc_255,train_robstacc_36,val_robstacc_36,train_robstacc_72,val_robstacc_72,train_throughput,val_throughput
2023-08-22 10:15:53.037388,1.0,0.8858686734218987,0.8070681244134903,0.2461,0.3358,0.0,0.0,0.0026,0.019,0.0,0.0,0.06002,0.13,0.01264,0.0436,808.3659717793367,16209.268571472168
2023-08-22 10:16:45.246950,2.0,0.8018535497237225,0.7424932241439819,0.34452,0.4092,0.0,0.0,0.0145,0.0396,4e-05,0.0,0.14,0.2303,0.04698,0.1031,1012.1145638446419,16176.295250701904
2023-08-22 10:17:48.142467,3.0,0.7572305290674677,0.7117786481976509,0.39414,0.4374,0.0,0.0,0.02922,0.0672,8e-05,0.0004,0.19396,0.2698,0.08072,0.1447,824.24390979689,14563.706926727295
2023-08-22 10:18:46.751192,4.0,0.7323342272821738,0.6890294954180718,0.41616,0.4677,0.0,0.0,0.04196,0.052,0.00028,0.0,0.22638,0.2677,0.10382,0.1327,890.4691046111437,16994.995031738283
2023-08-22 10:19:38.072988,5.0,0.7152175991510858,0.6686094745993614,0.43526,0.4781,0.0,0.0,0.0499,0.0841,0.0003,0.0007,0.24674,0.2993,0.12102,0.1732,1024.437005334971,16853.07398300171
2023-08-22 10:20:38.527703,6.0,0.6996736538653471,0.656835064291954,0.45284,0.4946,0.0,0.0,0.05974,0.1016,0.00036,0.0019,0.267,0.3224,0.13612,0.1891,863.7279490256797,15970.560737609863
2023-08-22 10:21:39.474671,7.0,0.6911000895256899,0.6737107142806054,0.45796,0.4725,0.0,0.0,0.06524,0.0997,0.00052,0.0054,0.27394,0.3112,0.14326,0.1851,868.2070515691017,19107.09861755371
2023-08-22 10:22:33.681287,8.0,0.6817803839031531,0.6464715525507927,0.46918,0.5023,0.0,0.002316594123840332,0.07154,0.1131,0.00068,0.0027,0.2892,0.3373,0.15506,0.205,970.4289729838468,17954.21805114746
2023-08-22 10:23:37.069618,9.0,0.6729048812875942,0.633751006424427,0.47806,0.514,0.0,0.015106350183486938,0.07916,0.1158,0.00074,0.0009,0.29818,0.3479,0.16356,0.2172,821.1083091424435,15441.400804138184
2023-08-22 10:24:42.218899,10.0,0.6656599771611544,0.6311063185334206,0.48442,0.5091,0.0,0.010969161987304688,0.08378,0.1231,0.00092,0.0027,0.30524,0.3474,0.17046,0.2183,797.7852400954889,18879.91487350464
2023-08-22 10:25:45.605918,11.0,0.6576114555402678,0.6168573006987572,0.49672,0.5288,0.0,0.03453285992145538,0.08746,0.1197,0.00106,0.0024,0.31496,0.3548,0.1752,0.2175,826.7780590446628,17545.88151245117
2023-08-22 10:26:45.885940,12.0,0.6483486690083329,0.61029811501503,0.49972,0.5358,0.0,0.03943595290184021,0.09304,0.1336,0.0012,0.004,0.32214,0.3664,0.18488,0.229,867.316056621318,18385.84617919922
2023-08-22 10:27:42.461891,13.0,0.643630423412031,0.6000864908099175,0.5068,0.537,0.007607161998748779,0.047731637954711914,0.09752,0.1535,0.00134,0.0076,0.3308,0.3814,0.19166,0.2459,946.8179659940758,15596.369228363037
2023-08-22 10:28:45.968875,14.0,0.6422370608363833,0.6099583670496941,0.50938,0.5336,0.010105758905410767,0.03881394863128662,0.09834,0.1393,0.0015,0.0057,0.33358,0.3677,0.19306,0.2315,819.658532901686,16980.61654891968
2023-08-22 10:29:49.168174,15.0,0.63509223625368,0.6038723349571228,0.51474,0.5429,0.016287624835968018,0.04736706614494324,0.1071,0.1279,0.00216,0.0042,0.3401,0.3682,0.20314,0.2285,822.809425276153,14346.312205505372
2023-08-22 10:30:52.530271,16.0,0.6328386381572607,0.5908970475196839,0.51564,0.5585,0.01629731059074402,0.06620417535305023,0.10528,0.1501,0.00142,0.0045,0.3413,0.3938,0.2009,0.2511,818.1770365189533,15442.42460861206
2023-08-22 10:31:47.494042,17.0,0.6228127601195355,0.5819278120994568,0.52724,0.5606,0.02938133478164673,0.06816086173057556,0.11324,0.1624,0.002,0.0055,0.35204,0.4003,0.21126,0.2656,963.022071604826,17061.630908203126
2023-08-22 10:32:42.198164,18.0,0.62541129485685,0.5787448689341546,0.52276,0.5694,0.023803353309631348,0.07918623089790344,0.11282,0.1567,0.00216,0.0049,0.35034,0.3954,0.21122,0.258,967.8606238073232,19666.293801116943
2023-08-22 10:33:37.416586,19.0,0.6151025851770323,0.5763702094554901,0.53394,0.5678,0.038847148418426514,0.07870304584503174,0.11886,0.158,0.00238,0.0035,0.35722,0.4033,0.21854,0.2647,948.9741038886868,18411.300723266602
2023-08-22 10:34:34.375116,20.0,0.61608523708217,0.5731620728969574,0.53098,0.5734,0.03486272692680359,0.09099861979484558,0.11878,0.1606,0.00232,0.0036,0.35948,0.4145,0.219,0.2682,930.0729620797293,17562.307080078124
2023-08-22 10:35:26.980940,21.0,0.6102051217945255,0.5788558095693588,0.54174,0.5591,0.04590737819671631,0.07515232264995575,0.1223,0.1534,0.00286,0.0028,0.36664,0.4039,0.22348,0.2658,1006.1260674145757,19088.44323577881
2023-08-22 10:36:16.027530,22.0,0.6048047895334205,0.5700357690453529,0.54388,0.5654,0.04863959550857544,0.08592846989631653,0.126,0.1846,0.00296,0.0071,0.37304,0.4182,0.2285,0.2903,1079.4931008475166,16724.327904510497
2023-08-22 10:37:06.382788,23.0,0.6086772576886781,0.5677989467978477,0.54096,0.5797,0.046501487493515015,0.09315448999404907,0.12406,0.1607,0.0028,0.0035,0.36876,0.4143,0.2261,0.2722,1054.394821556247,14037.808116149903
2023-08-22 10:37:56.176035,24.0,0.6029840993637942,0.5623801633715629,0.54616,0.582,0.052810490131378174,0.09917151927947998,0.12958,0.1696,0.00322,0.0058,0.37434,0.4191,0.23236,0.2755,1068.4413566589355,18134.800581359865
2023-08-22 10:38:58.448598,25.0,0.5997025446624172,0.5583968341350556,0.54882,0.5869,0.05683475732803345,0.09946480393409729,0.13002,0.1723,0.00308,0.0065,0.3766,0.4192,0.23372,0.2777,836.7154827507175,16503.270777893067
2023-08-22 10:39:58.248241,26.0,0.596299192735127,0.5552740901708603,0.55158,0.5851,0.05886772274971008,0.10754302144050598,0.1337,0.174,0.00344,0.0037,0.38226,0.4269,0.23858,0.285,876.9089393615723,18505.596941375734
2023-08-22 10:40:51.169486,27.0,0.5904424102330694,0.5651988387107849,0.55932,0.5727,0.0680619478225708,0.09314528107643127,0.13806,0.1649,0.0036,0.0043,0.38668,0.4157,0.24328,0.2746,999.1676114919235,18018.37705230713
2023-08-22 10:41:45.024717,28.0,0.5888633977393715,0.5490516409277916,0.5593,0.5949,0.06832845509052277,0.11366719007492065,0.13754,0.1827,0.00396,0.0076,0.39024,0.4337,0.2462,0.2963,970.2345131076112,16547.729209136964
2023-08-22 10:42:43.061679,29.0,0.5856085325382194,0.5501170724630355,0.56382,0.5894,0.07320427894592285,0.11462366580963135,0.14292,0.1891,0.00418,0.0077,0.39352,0.4342,0.24866,0.3013,900.4427163260324,17744.801013183594
2023-08-22 10:43:44.810378,30.0,0.5826711104232438,0.5519194573163986,0.5652,0.5891,0.07513397932052612,0.10720771551132202,0.14368,0.176,0.0043,0.0055,0.39488,0.4292,0.25186,0.2897,855.9380152176838,19459.086408996583
2023-08-22 10:44:36.506702,31.0,0.5814007858232576,0.5536225214600563,0.56774,0.5905,0.0788092315196991,0.11228935420513153,0.1459,0.1831,0.00368,0.0068,0.39872,0.4356,0.2526,0.2971,1020.3827304450833,19503.80066757202
2023-08-22 10:45:24.339030,32.0,0.5807687260058462,0.547284622490406,0.56932,0.5903,0.07897073030471802,0.11905261874198914,0.14668,0.1924,0.0045,0.0066,0.39736,0.4384,0.25454,0.3008,1100.3104466029577,21562.00440826416
2023-08-22 10:46:25.396344,33.0,0.5770432748356644,0.5481565982103348,0.57358,0.5968,0.08541350066661835,0.11837872862815857,0.14698,0.1711,0.00428,0.0044,0.40502,0.4329,0.2561,0.2921,867.896827464201,14260.276750946045
2023-08-22 10:47:30.825845,34.0,0.5833143844288222,0.5431883700191975,0.56374,0.5989,0.07496890425682068,0.1285160779953003,0.14508,0.1871,0.0039,0.0068,0.39724,0.4415,0.25304,0.3012,789.4346166338239,15200.113604736329
2023-08-22 10:48:31.918331,35.0,0.5743181723721174,0.5446225807070733,0.57372,0.5999,0.0836479663848877,0.12851130962371826,0.14832,0.1804,0.00376,0.0063,0.4025,0.4382,0.25856,0.2942,851.8279088857223,14119.05733718872
2023-08-22 10:49:28.571524,36.0,0.569801467869963,0.5427081905305385,0.57972,0.5964,0.09168916940689087,0.12210723757743835,0.15388,0.1986,0.00444,0.0088,0.41228,0.4424,0.265,0.3035,928.3068849991779,18338.33981933594
2023-08-22 10:50:22.649684,37.0,0.5728290303021061,0.5504423841834069,0.57598,0.5883,0.08867901563644409,0.10960206389427185,0.15436,0.1953,0.00526,0.0188,0.40848,0.4326,0.26496,0.3015,971.253178187779,16101.292774963378
2023-08-22 10:51:23.213491,38.0,0.5696057686392142,0.5381802268326282,0.57976,0.6027,0.09128901362419128,0.1225719153881073,0.1555,0.1971,0.00522,0.0127,0.41064,0.4426,0.26532,0.3075,860.8532865096112,18086.123368835448
2023-08-22 10:52:23.552467,39.0,0.5640044884414089,0.530683021992445,0.58396,0.615,0.09941865503787994,0.14251023530960083,0.15828,0.2023,0.00578,0.0077,0.41596,0.4545,0.27018,0.3136,867.0728212473343,15387.806226348877
2023-08-22 10:53:20.359366,40.0,0.5646512195163843,0.5341465473175049,0.5849,0.6041,0.09912151098251343,0.13832780718803406,0.15854,0.2117,0.0052,0.0128,0.41674,0.453,0.26996,0.3211,931.7780848911831,17863.60648498535
2023-08-22 10:54:14.713808,41.0,0.5660257868620814,0.5470999665558338,0.584,0.596,0.09975434839725494,0.1182960569858551,0.1573,0.1768,0.00534,0.006,0.41824,0.4331,0.26992,0.2856,987.8887638169892,21233.534187316895
2023-08-22 10:55:12.583503,42.0,0.5685385100695551,0.5551881432533264,0.58126,0.5857,0.09673574566841125,0.11670437455177307,0.15642,0.184,0.00494,0.0059,0.4119,0.438,0.26706,0.2984,905.6316539219448,19891.249923706055
2023-08-22 10:56:13.692505,43.0,0.5610376269537576,0.5228766269981862,0.58988,0.6204,0.10394588112831116,0.15651074051856995,0.15948,0.1962,0.0052,0.0075,0.421,0.4644,0.27184,0.3126,854.1691340232383,14570.993354034425
2023-08-22 10:57:13.107739,44.0,0.5626320338674954,0.5381097108125686,0.58842,0.6093,0.10564261674880981,0.1256028264760971,0.16072,0.1809,0.00554,0.0082,0.42298,0.4378,0.27468,0.2922,884.3122532124422,14396.44556350708
2023-08-22 10:58:16.936668,45.0,0.5579083799099436,0.5338030725717544,0.59042,0.605,0.10948732495307922,0.14268645644187927,0.16546,0.2135,0.00562,0.0095,0.42524,0.461,0.27832,0.3209,814.886267837213,13945.036602020264
2023-08-22 10:59:19.951729,46.0,0.5638054128812284,0.546618889272213,0.58574,0.5883,0.098909392952919,0.12147316336631775,0.15876,0.192,0.00518,0.012,0.41714,0.437,0.27248,0.3024,820.8895958880989,17025.73953552246
2023-08-22 11:00:18.519989,47.0,0.5592001110923533,0.5276689484715462,0.59022,0.615,0.10960716009140015,0.14670151472091675,0.16164,0.2,0.00472,0.0068,0.42594,0.4602,0.27576,0.3107,906.1945118028291,16103.927770996093
2023-08-22 11:01:18.501833,48.0,0.5577017807838868,0.5286800622940063,0.5908,0.6147,0.10879948735237122,0.14048916101455688,0.16452,0.2007,0.00588,0.0085,0.42462,0.4519,0.2769,0.3133,871.4283212934222,14364.16022644043
2023-08-22 11:02:12.890815,49.0,0.5570162546877958,0.5285625658929348,0.59104,0.6126,0.109366774559021,0.13600534200668335,0.16582,0.191,0.0058,0.0073,0.42626,0.4528,0.2787,0.306,975.0338309151786,16613.723429107667
2023-08-22 11:03:12.203982,50.0,0.5534720510548475,0.5274944961071014,0.59686,0.607,0.11485973000526428,0.14680364727973938,0.16702,0.1978,0.00586,0.0066,0.42928,0.4556,0.28222,0.3119,894.1054012532137,18357.5418838501
2023-08-22 11:04:11.925788,51.0,0.5479918224166851,0.5227625846862793,0.59982,0.6216,0.12105855345726013,0.1516423225402832,0.17328,0.2025,0.00658,0.0075,0.43502,0.4635,0.28716,0.3211,877.1735953506159,16071.440560913086
2023-08-22 11:05:17.853598,52.0,0.550909450467752,0.5265840008854866,0.59842,0.6134,0.11858910322189331,0.15365633368492126,0.16726,0.2164,0.00628,0.0089,0.43252,0.4632,0.282,0.3294,785.6923684879225,17299.06730194092
2023-08-22 11:06:17.770215,53.0,0.5522176749548133,0.5235690340399742,0.59704,0.618,0.11750239133834839,0.1542454957962036,0.1702,0.204,0.00628,0.0081,0.43198,0.4629,0.28424,0.3203,884.384253209951,17371.737451171874
2023-08-22 11:07:17.621836,54.0,0.5543572525588834,0.5206227786839008,0.59394,0.6297,0.11248904466629028,0.15184813737869263,0.16964,0.1947,0.00658,0.0079,0.42892,0.4625,0.28282,0.3191,891.6684822549626,18139.41494369507
2023-08-22 11:08:17.926192,55.0,0.5477066084134335,0.5216095067560673,0.6014,0.6236,0.12090325355529785,0.15596610307693481,0.17374,0.2074,0.00596,0.0091,0.43562,0.4688,0.28846,0.3262,864.5684348125847,17587.865476226805
2023-08-22 11:09:17.502495,56.0,0.5489046900552146,0.5153783231973648,0.60196,0.625,0.122813880443573,0.16142058372497559,0.17212,0.2191,0.00658,0.0119,0.43652,0.4691,0.28732,0.3333,885.9660106581084,15500.517413330079
2023-08-22 11:10:06.700706,57.0,0.5444099700876645,0.5189964137971401,0.60614,0.6174,0.12807691097259521,0.15708252787590027,0.17506,0.2249,0.0063,0.0131,0.43974,0.4691,0.29008,0.3376,1075.7317942405234,16300.586235809325
2023-08-22 11:10:59.546728,58.0,0.5462999468555256,0.5197055332362652,0.60402,0.6215,0.12318137288093567,0.15960565209388733,0.17416,0.2199,0.00674,0.0112,0.43738,0.4702,0.2891,0.3333,989.7243096487863,18865.458102416993
2023-08-22 11:11:51.159566,59.0,0.5459825959132643,0.5180948436260223,0.60352,0.6183,0.12493926286697388,0.15584459900856018,0.17534,0.2149,0.00698,0.0105,0.43872,0.4663,0.28962,0.3278,1022.3931973515724,19700.311268615722
2023-08-22 11:12:44.425848,60.0,0.5457403524493685,0.520478293299675,0.60338,0.6248,0.1271241307258606,0.15473124384880066,0.17144,0.2029,0.00644,0.0075,0.43958,0.4657,0.29036,0.3175,985.1855591754525,17799.433185577393
2023-08-22 11:13:37.898534,61.0,0.5447245332963613,0.5158811986446381,0.60642,0.6306,0.1290028989315033,0.16249388456344604,0.17398,0.2106,0.00602,0.0078,0.44096,0.4702,0.29062,0.3303,981.3633861152493,15759.514385986327
2023-08-22 11:14:33.818144,62.0,0.5443934168742628,0.5206050232052803,0.60432,0.6191,0.12505383789539337,0.16336101293563843,0.17466,0.2208,0.007,0.0144,0.43772,0.4741,0.29044,0.3335,955.1035965121522,20090.29405822754
2023-08-22 11:15:29.203859,63.0,0.5428225539472639,0.5210823014378547,0.60684,0.6113,0.12874533236026764,0.14974111318588257,0.17742,0.2053,0.00664,0.0144,0.44292,0.4613,0.2936,0.3208,967.4131481404207,18638.742575836182
2023-08-22 11:16:27.128730,64.0,0.541926139167377,0.5227396585047245,0.60766,0.6186,0.13108935952186584,0.15606725215911865,0.1776,0.2286,0.00708,0.0118,0.44336,0.4711,0.29308,0.339,912.9008870806013,16604.231611633302
2023-08-22 11:17:30.728003,65.0,0.5404387648616519,0.5265552178025246,0.60846,0.6091,0.13097989559173584,0.14485448598861694,0.17746,0.2054,0.0072,0.0097,0.44426,0.4586,0.29498,0.3174,814.1965331252741,17219.112922668457
2023-08-22 11:18:32.532298,66.0,0.5424990202395283,0.5095225051045418,0.60476,0.6393,0.12881913781166077,0.1751783788204193,0.178,0.2035,0.00644,0.0068,0.44362,0.4801,0.29314,0.3252,842.1165225749113,16996.518381500246
2023-08-22 11:19:28.737295,67.0,0.5435658474357761,0.5111957505345345,0.6061,0.6331,0.12654632329940796,0.16992193460464478,0.17514,0.209,0.00638,0.0114,0.4405,0.4739,0.29324,0.328,939.0597566877093,16691.908892059328
2023-08-22 11:20:25.165730,68.0,0.5409783558273802,0.5245815522968769,0.60718,0.6179,0.1302797794342041,0.1579718291759491,0.1771,0.2126,0.00674,0.0077,0.4428,0.4701,0.29384,0.3269,921.5398480162329,17458.483306121827
2023-08-22 11:21:23.525841,69.0,0.5392881417456938,0.5127933956682682,0.60904,0.6234,0.13242462277412415,0.1751135289669037,0.1814,0.2345,0.00746,0.0123,0.44586,0.4819,0.29798,0.3551,904.3393239391094,21327.97479171753
2023-08-22 11:22:20.353047,70.0,0.5408895622406688,0.5256797581911087,0.60524,0.6225,0.13133206963539124,0.15530818700790405,0.17976,0.2127,0.00684,0.0194,0.4449,0.4656,0.29842,0.3202,924.4645849733937,16900.760008239748
2023-08-22 11:23:20.460464,71.0,0.5386574248574219,0.5328062444925308,0.60866,0.6067,0.1340290606021881,0.13730362057685852,0.18124,0.1985,0.00802,0.0096,0.44756,0.4559,0.29632,0.3113,871.7736566504653,16749.644493103027
2023-08-22 11:24:17.926582,72.0,0.5391284064674864,0.5165375374257565,0.60954,0.6224,0.13390743732452393,0.16351741552352905,0.17884,0.2131,0.00726,0.0115,0.44394,0.4738,0.2953,0.3291,931.8548335639798,16686.31424102783
2023-08-22 11:25:12.636830,73.0,0.539720932439882,0.5312965847551823,0.60754,0.6013,0.13446012139320374,0.14305511116981506,0.18008,0.2213,0.0075,0.017,0.44498,0.4619,0.29742,0.3301,961.8560218032526,17312.97353668213
2023-08-22 11:26:12.312421,74.0,0.5387491016667716,0.5165304273366929,0.60956,0.6254,0.1349528580904007,0.1662205159664154,0.18262,0.2204,0.00766,0.0095,0.44696,0.4751,0.2993,0.3347,874.3075018902214,18381.162496948244
2023-08-22 11:27:11.410956,75.0,0.5358921072008659,0.50962083786726,0.6127,0.6353,0.1383485198020935,0.1725885272026062,0.17878,0.2107,0.00848,0.0081,0.4502,0.4785,0.29968,0.329,885.0265246021504,15600.946600341797
2023-08-22 11:28:14.129392,76.0,0.5370748531149359,0.5128214105963707,0.6106,0.6268,0.1348920464515686,0.16863691806793213,0.18138,0.2167,0.008,0.0121,0.44868,0.4754,0.30206,0.3314,828.4039012363979,15393.976157379151
2023-08-22 11:29:16.187210,77.0,0.5367393996946666,0.5198006577789783,0.61192,0.6215,0.13887561857700348,0.16231146454811096,0.18242,0.2211,0.0079,0.0132,0.45114,0.4724,0.30094,0.334,838.0951557548678,16991.919635772705
2023-08-22 11:30:15.709512,78.0,0.5374872736176666,0.5136651888489723,0.61146,0.6271,0.13593128323554993,0.16844075918197632,0.18168,0.2177,0.0072,0.0146,0.44744,0.4792,0.3001,0.3311,880.0133324447943,21124.767892456053
2023-08-22 11:31:13.939679,79.0,0.5339100858082577,0.5207596011459827,0.616,0.6173,0.14264842867851257,0.15337568521499634,0.18368,0.2183,0.00768,0.0159,0.45438,0.4658,0.30158,0.3272,899.9633378009407,22134.865632629393
2023-08-22 11:32:03.116436,80.0,0.5352508162661475,0.514504424482584,0.61418,0.6279,0.13935619592666626,0.1666814386844635,0.18244,0.2253,0.00704,0.0156,0.45144,0.4755,0.29932,0.3383,1076.9421615600586,15461.027787780762
2023-08-22 11:33:02.406515,81.0,0.5356599259741452,0.5103384837508201,0.61346,0.6329,0.1383492350578308,0.169452965259552,0.18308,0.2101,0.00742,0.0096,0.45024,0.4775,0.30224,0.3299,876.5964244920381,14917.845017242431
2023-08-22 11:34:00.075560,82.0,0.5353341701687598,0.5150454476475715,0.61142,0.623,0.139573872089386,0.166670024394989,0.18428,0.2192,0.00776,0.0152,0.45126,0.4763,0.3021,0.3384,908.5192273976852,15139.376999664306
2023-08-22 11:34:58.093411,83.0,0.5298480210559708,0.5205695115029811,0.61768,0.6212,0.14472132921218872,0.1541077196598053,0.18646,0.1988,0.00768,0.0141,0.4556,0.4598,0.30586,0.313,908.6181966820542,18475.086793518065
2023-08-22 11:36:03.446527,84.0,0.5352487980711217,0.5271431602537632,0.6124,0.6128,0.13971251249313354,0.14955028891563416,0.18326,0.2161,0.00796,0.0113,0.4513,0.4651,0.30082,0.3271,793.3204326240384,16579.617638397216
2023-08-22 11:37:01.453649,85.0,0.5362418175351863,0.506604503840208,0.61308,0.639,0.13693886995315552,0.1770332157611847,0.18238,0.2126,0.00792,0.0118,0.44886,0.4832,0.2992,0.3357,914.3381515814334,18996.751364898682
2023-08-22 11:37:57.268736,86.0,0.5319864395625737,0.5072785131633282,0.6169,0.628,0.14077475666999817,0.16925570368766785,0.1853,0.2239,0.00902,0.0116,0.45142,0.4763,0.30326,0.34,961.7375367612254,14554.566813659669
2023-08-22 11:38:59.088468,87.0,0.5331981883061175,0.5094829648733139,0.6161,0.6228,0.139766126871109,0.17826074361801147,0.18568,0.2325,0.00818,0.0116,0.45184,0.4851,0.30304,0.3474,840.8787865152165,14858.435746765137
2023-08-22 11:40:01.307217,88.0,0.5285051309940766,0.5084759645164013,0.61844,0.6308,0.1457422971725464,0.17528945207595825,0.18934,0.2231,0.00896,0.0128,0.45762,0.4807,0.30968,0.3392,836.5523763384138,18117.33126144409
2023-08-22 11:40:58.073291,89.0,0.529773829846966,0.5037943609058857,0.6178,0.6423,0.14460080862045288,0.18342605233192444,0.18806,0.2048,0.00822,0.0119,0.45498,0.4851,0.30626,0.3314,918.020079087238,18455.46227645874
2023-08-22 11:41:48.602467,90.0,0.5290579786714242,0.5081681795418262,0.61746,0.6264,0.14309576153755188,0.17389988899230957,0.189,0.2245,0.00858,0.0099,0.45436,0.4798,0.3074,0.3398,1040.616969828703,19677.637049102785
2023-08-22 11:42:46.532313,91.0,0.5306568630799955,0.5228068590164184,0.6169,0.6142,0.14668960869312286,0.15546420216560364,0.1862,0.2182,0.00838,0.0122,0.45634,0.4706,0.30694,0.3353,902.5596940176828,14409.586023712158
2023-08-22 11:43:47.195502,92.0,0.5332873834639179,0.5094039499759674,0.6153,0.6324,0.13992440700531006,0.17545676231384277,0.18718,0.222,0.008,0.0163,0.45216,0.4799,0.30566,0.3395,867.3119091111787,19006.699674224852
2023-08-22 11:44:44.533840,93.0,0.529586132691831,0.5115990117192268,0.61894,0.6316,0.1466960906982422,0.17555812001228333,0.18788,0.2138,0.00792,0.0098,0.45692,0.4821,0.30772,0.3367,919.0274873850296,17442.446047973634
2023-08-22 11:45:47.827396,94.0,0.533856564638566,0.5008213311433792,0.61328,0.638,0.1413404941558838,0.18934932351112366,0.18472,0.2313,0.00806,0.0129,0.45252,0.4919,0.29998,0.3468,821.2063886681382,16954.68144378662
2023-08-22 11:46:52.372013,95.0,0.5271968295683667,0.5106257319450378,0.62144,0.6214,0.15010489523410797,0.17187374830245972,0.18864,0.2305,0.00862,0.0131,0.45838,0.4771,0.30782,0.3414,800.7193945281359,15658.18286895752
2023-08-22 11:47:49.726223,96.0,0.5327100592608355,0.5017109774053097,0.61658,0.64,0.13953423500061035,0.18894529342651367,0.18882,0.2259,0.00846,0.013,0.45154,0.4918,0.306,0.3397,912.2762338287977,18019.754890441895
2023-08-22 11:48:49.865380,97.0,0.5274427869186109,0.505053611844778,0.62088,0.6341,0.15179234743118286,0.1768505871295929,0.19168,0.2213,0.00872,0.0107,0.4618,0.4825,0.31186,0.3428,875.9045892053721,17329.640308380127
2023-08-22 11:49:47.926290,98.0,0.5289829388564947,0.5144205048680306,0.61904,0.6206,0.14900141954421997,0.16757476329803467,0.19022,0.2336,0.00824,0.0133,0.4572,0.478,0.30946,0.3475,904.3301742709413,20116.38779373169
2023-08-22 11:50:38.766705,99.0,0.5326883674276118,0.5080974973738194,0.61488,0.6323,0.14416736364364624,0.1777363419532776,0.18684,0.2235,0.00812,0.0117,0.45472,0.4849,0.30422,0.3451,1036.4752284458705,16755.47451171875
2023-08-22 11:51:35.750836,100.0,0.5274797851333812,0.5045907713472844,0.62256,0.6345,0.1495738923549652,0.17730313539505005,0.18882,0.2235,0.00892,0.0119,0.45872,0.4842,0.3086,0.343,924.0260911279795,18384.579360961914
2023-08-22 11:52:37.772015,101.0,0.5240217269379266,0.4990219481289387,0.6237,0.6463,0.15167149901390076,0.18559494614601135,0.19144,0.2191,0.00838,0.0121,0.46174,0.4901,0.31108,0.3409,842.8656259653519,21251.438927459716
2023-08-22 11:53:28.483236,102.0,0.5294673053585753,0.5063121683895588,0.62036,0.6403,0.148298442363739,0.17569413781166077,0.18824,0.2049,0.00854,0.0068,0.4574,0.4805,0.30614,0.3284,1040.0365168513083,19834.644174957277
2023-08-22 11:54:19.274543,103.0,0.5270348943921984,0.5131727173924446,0.6211,0.6291,0.14871972799301147,0.17464634776115417,0.18992,0.2286,0.00894,0.0161,0.45996,0.4839,0.31002,0.3422,1049.4648510679906,20311.22134628296
2023-08-22 11:55:18.612567,104.0,0.5247735236676372,0.5062041863799095,0.62408,0.6327,0.1508912742137909,0.17935480177402496,0.19178,0.2174,0.00884,0.0103,0.46006,0.484,0.31068,0.3342,880.9606589492487,14638.918450164794
2023-08-22 11:56:10.702519,105.0,0.5251236760190555,0.5086714886128902,0.62202,0.6257,0.148268461227417,0.17265214025974274,0.19166,0.2274,0.00874,0.0198,0.45826,0.4817,0.31046,0.3406,1019.941511893759,17324.357443237306
2023-08-22 11:57:07.953763,106.0,0.521375948069047,0.5007312946021557,0.62756,0.6324,0.15691721439361572,0.18505428731441498,0.19606,0.2407,0.00874,0.0175,0.4667,0.4899,0.31826,0.3542,915.5448951721191,18967.416859436034
2023-08-22 11:58:10.289103,107.0,0.525354059070957,0.508872839063406,0.62478,0.6246,0.15546631813049316,0.181892991065979,0.19202,0.236,0.00924,0.012,0.46492,0.4876,0.31294,0.3549,835.1612250658931,15444.412312316894
2023-08-22 11:59:02.497133,108.0,0.5274236904723304,0.5008450329303742,0.61964,0.6399,0.15015465021133423,0.18319669365882874,0.19046,0.2175,0.00818,0.0099,0.46122,0.4849,0.30862,0.3343,1018.9902825647471,20665.97055053711
2023-08-22 11:59:59.011863,109.0,0.525254880439262,0.4992042392492294,0.62286,0.6426,0.1537693738937378,0.187214195728302,0.19226,0.2302,0.00882,0.013,0.463,0.4912,0.31172,0.3503,931.688562354263,14837.301022338866
2023-08-22 12:00:59.246211,110.0,0.5221143404440004,0.5214699357748032,0.62696,0.6155,0.15679889917373657,0.1622331738471985,0.19648,0.2221,0.0088,0.0138,0.46524,0.4743,0.31522,0.3393,866.8266104873346,18322.80319595337
2023-08-22 12:02:03.134963,111.0,0.523092903044759,0.5040323033928871,0.62506,0.6409,0.1536235213279724,0.1836380660533905,0.19416,0.2208,0.00886,0.0141,0.4636,0.4881,0.31246,0.338,813.5880151086924,15383.31375656128
2023-08-22 12:02:55.860085,112.0,0.5258245439249642,0.5049707368016243,0.62102,0.6339,0.15024128556251526,0.18076300621032715,0.194,0.2239,0.00918,0.0127,0.45938,0.486,0.31238,0.3436,999.3598460761868,15010.830373382569
2023-08-22 12:03:54.012440,113.0,0.5254839794064055,0.49846950396895406,0.62154,0.6408,0.15235242247581482,0.19042116403579712,0.19224,0.2385,0.008,0.0134,0.4625,0.4947,0.31294,0.3537,894.4789098622848,15169.444525909425
2023-08-22 12:04:56.133156,114.0,0.5231771545142544,0.508411718904972,0.62356,0.6302,0.15373507142066956,0.17350417375564575,0.19458,0.213,0.00888,0.0084,0.46304,0.48,0.3146,0.3314,847.3859918555435,16698.667810058592
2023-08-22 12:05:56.698130,115.0,0.5237418578899636,0.49830395355820656,0.62506,0.6433,0.15383800864219666,0.18338370323181152,0.19256,0.213,0.00856,0.0085,0.46318,0.4876,0.31496,0.334,866.3394137791225,14052.19147567749
2023-08-22 12:06:55.034663,116.0,0.5250550242406982,0.5049567930400372,0.62156,0.629,0.15012626349925995,0.1773802936077118,0.19328,0.2322,0.00908,0.0136,0.45984,0.4846,0.31274,0.3488,905.9853208892199,17909.992308807374
2023-08-22 12:07:52.952334,117.0,0.5211618275058513,0.5045426994562149,0.62742,0.6297,0.16061246395111084,0.17696094512939453,0.19664,0.2241,0.00914,0.0146,0.46754,0.4814,0.31788,0.3373,906.5394073797733,17347.833906555177
2023-08-22 12:08:50.412143,118.0,0.5190774251003655,0.5066315345466137,0.6274,0.6394,0.16298708319664001,0.17707061767578125,0.19962,0.2185,0.00962,0.0122,0.47018,0.4814,0.32102,0.3366,924.733415876116,15765.650527191163
2023-08-22 12:09:53.253588,119.0,0.5220714307257107,0.50003050416708,0.62624,0.6355,0.1566803753376007,0.18549120426177979,0.19574,0.2388,0.00964,0.0143,0.46472,0.4906,0.31586,0.356,825.469539798036,20204.67192840576
2023-08-22 12:10:40.121851,120.0,0.5222519339651478,0.515484093874693,0.62592,0.6199,0.15759244561195374,0.16707874834537506,0.19638,0.2271,0.0084,0.0193,0.46564,0.4776,0.31456,0.3434,1122.6250784737724,18730.292916870116
2023-08-22 12:11:30.820428,121.0,0.5197791691337313,0.5129028879106045,0.62784,0.6163,0.15723451972007751,0.16472205519676208,0.19924,0.2459,0.00966,0.0174,0.46746,0.4773,0.31914,0.3508,1039.807153195751,17334.263122558594
2023-08-22 12:12:32.385744,122.0,0.5225537353936507,0.49766162410378456,0.62586,0.6474,0.15347132086753845,0.1849263608455658,0.19438,0.2138,0.00948,0.0095,0.464,0.4872,0.31332,0.3402,848.7094210410605,15854.131961059571
2023-08-22 12:13:34.509172,123.0,0.5219194002601565,0.4926196947693825,0.62374,0.6528,0.15743300318717957,0.20063745975494385,0.19514,0.2218,0.00888,0.0122,0.46616,0.501,0.31704,0.3491,841.3309613441934,19557.171448516845
2023-08-22 12:14:27.535819,124.0,0.5184748726231712,0.4948640301823616,0.63028,0.645,0.16034889221191406,0.18966123461723328,0.19742,0.2335,0.00948,0.0131,0.46796,0.4926,0.31738,0.3514,1014.8037499408333,15699.740891265868
2023-08-22 12:15:27.021407,125.0,0.5184127914966369,0.5108296893537044,0.62994,0.6289,0.1609441637992859,0.17419791221618652,0.1996,0.2254,0.0096,0.0134,0.46878,0.4819,0.31756,0.3407,877.9081368738291,14978.6568939209
2023-08-22 12:16:25.439274,126.0,0.5204006655483829,0.5025558203458786,0.62984,0.6417,0.15675416588783264,0.1852203756570816,0.19704,0.2223,0.00884,0.0145,0.46582,0.4895,0.31648,0.3367,895.7463045704121,23651.86839828491
2023-08-22 12:17:21.168949,127.0,0.5188502457981207,0.49477954804897306,0.62676,0.6443,0.15906822681427002,0.1848733127117157,0.1969,0.225,0.0091,0.0135,0.46838,0.4874,0.31812,0.3419,938.4717166667082,15300.65915298462
2023-08-22 12:18:16.578397,128.0,0.5199107751250267,0.4924398437142372,0.62888,0.6452,0.1609988510608673,0.19099022448062897,0.19858,0.231,0.00996,0.0127,0.46994,0.4937,0.31984,0.345,980.830748966762,15224.32259979248
2023-08-22 12:19:11.580895,129.0,0.5170214095590066,0.5056813798844815,0.62992,0.6277,0.16236796975135803,0.1693497598171234,0.2016,0.2347,0.00932,0.0165,0.47104,0.4788,0.32088,0.3468,965.3382949829102,22122.30084762573
2023-08-22 12:20:06.598993,130.0,0.5196110972640465,0.5071093127131462,0.62636,0.6243,0.15688559412956238,0.17482903599739075,0.1989,0.2309,0.0096,0.0102,0.46642,0.4796,0.31712,0.3471,958.4423370361328,14230.196604919434
2023-08-22 12:20:57.021866,131.0,0.5168475371842481,0.4934308797121048,0.633,0.6526,0.1664837896823883,0.19295825064182281,0.2026,0.2223,0.01024,0.0115,0.47278,0.494,0.32332,0.3451,1042.3453472682409,20702.729653930663
2023-08-22 12:21:51.213959,132.0,0.5182151025047108,0.501487223058939,0.6292,0.6422,0.1610499918460846,0.189858078956604,0.1989,0.2302,0.0101,0.0142,0.46968,0.4937,0.32014,0.3508,973.7227502939652,16977.88537979126
2023-08-22 12:22:42.969222,133.0,0.518724294949551,0.4993044599890709,0.62892,0.6409,0.15802067518234253,0.19006967544555664,0.19976,0.2304,0.00956,0.0139,0.46716,0.4949,0.31846,0.3504,1021.466838758819,17911.3705368042
2023-08-22 12:23:38.905112,134.0,0.5157581329041597,0.49621993899345396,0.63336,0.6462,0.16282311081886292,0.1919480264186859,0.20122,0.2349,0.0094,0.013,0.46964,0.4945,0.32138,0.354,939.468448638916,19098.13790512085
2023-08-22 12:24:32.745689,135.0,0.518122279674423,0.49694926142692564,0.6279,0.6416,0.1586453914642334,0.19419598579406738,0.19864,0.2355,0.00962,0.0119,0.46804,0.4962,0.31844,0.3586,994.1678107125418,17085.770038604736
2023-08-22 12:25:35.657740,136.0,0.5182388896236614,0.49602295458316803,0.62874,0.6511,0.15939727425575256,0.1924712061882019,0.20124,0.2165,0.00946,0.0072,0.46734,0.4933,0.32078,0.3423,828.9112357314752,14564.9361038208
2023-08-22 12:26:35.645619,137.0,0.5185664098481743,0.4913354553282261,0.62788,0.6516,0.15992146730422974,0.19886937737464905,0.19808,0.234,0.00952,0.0121,0.46822,0.4993,0.31838,0.3564,875.1696081356126,19816.648041534423
2023-08-22 12:27:29.421908,138.0,0.5177494129356073,0.500279700011015,0.63024,0.6373,0.16064219176769257,0.183781236410141,0.19884,0.2298,0.00984,0.0156,0.4695,0.4869,0.31966,0.3514,966.7627901349749,20279.691118621828
2023-08-22 12:28:21.656355,139.0,0.5185315155861329,0.5103985704481602,0.63056,0.6286,0.16116052865982056,0.1694924235343933,0.20222,0.2203,0.01046,0.0111,0.4692,0.4769,0.31966,0.338,1000.1585564126774,19012.72920074463
2023-08-22 12:29:15.427079,140.0,0.5169650754150079,0.4934621065855026,0.62996,0.6499,0.16238895058631897,0.2006126344203949,0.20142,0.2322,0.01014,0.0116,0.47052,0.5008,0.32178,0.3572,983.7711892419932,18106.1268119812
2023-08-22 12:30:09.176612,141.0,0.5160230732693964,0.5040909260511398,0.63198,0.6283,0.16388753056526184,0.1844540238380432,0.20106,0.2381,0.00934,0.0175,0.47056,0.4899,0.32306,0.3562,979.1428132349131,20177.50617752075
2023-08-22 12:30:59.379428,142.0,0.5164813242700635,0.5057042926549912,0.63102,0.6272,0.16240760684013367,0.17884141206741333,0.19982,0.2349,0.00966,0.0129,0.47024,0.4857,0.3215,0.3509,1039.5297401583925,20905.38570327759
2023-08-22 12:31:49.483143,143.0,0.515067638487232,0.5029379650950432,0.6331,0.6323,0.16371488571166992,0.1777712106704712,0.20482,0.2258,0.01056,0.0132,0.47152,0.4821,0.32282,0.3392,1054.444842124472,15176.966209411621
2023-08-22 12:32:39.063149,144.0,0.5157135116810702,0.4937934197485447,0.63168,0.641,0.16353127360343933,0.19484415650367737,0.20066,0.2385,0.00942,0.0155,0.47224,0.4963,0.32054,0.353,1080.7573084150042,19779.660510253907
2023-08-22 12:33:29.418687,145.0,0.5154708614762948,0.5016444899141789,0.6343,0.639,0.16376569867134094,0.18412193655967712,0.20196,0.2191,0.00966,0.012,0.47244,0.4885,0.32152,0.337,1057.503101193175,14956.0529586792
2023-08-22 12:34:27.768927,146.0,0.5150618574448994,0.49877279326319696,0.632,0.6419,0.1655430793762207,0.1896767020225525,0.20078,0.2344,0.00954,0.0148,0.47266,0.4922,0.32214,0.3572,891.7928840481505,19557.51107788086
2023-08-22 12:35:23.079471,147.0,0.5147638822696647,0.4994640156626701,0.63472,0.6388,0.16878870129585266,0.1963193416595459,0.2019,0.2569,0.00986,0.0185,0.47572,0.4977,0.32388,0.3689,957.7928227015904,19114.662242126466
2023-08-22 12:36:22.996020,148.0,0.5161484233578857,0.4992952190339565,0.63042,0.6467,0.163190096616745,0.1923319399356842,0.20236,0.2136,0.01002,0.0078,0.4709,0.4945,0.32016,0.3409,864.9427842899245,20834.544831085204
2023-08-22 12:37:21.053316,149.0,0.5142013138654281,0.5077629767358303,0.63198,0.6268,0.165692538022995,0.17990699410438538,0.20564,0.2422,0.01054,0.0157,0.4741,0.4881,0.32622,0.3542,913.3755299315161,13886.61216430664
2023-08-22 12:38:17.488694,150.0,0.5155408934366946,0.495949912071228,0.63182,0.6406,0.16585692763328552,0.19809067249298096,0.20086,0.2399,0.00976,0.0134,0.47282,0.499,0.3218,0.358,934.421824396873,14223.30747909546
2023-08-22 12:39:10.060405,151.0,0.512973532688861,0.5004139177501201,0.63402,0.6414,0.16739952564239502,0.18031036853790283,0.20452,0.2116,0.00998,0.0088,0.47296,0.4861,0.32466,0.333,1009.3546040593361,23148.16927871704
2023-08-22 12:39:54.816016,152.0,0.5173772958164312,0.49779881834983825,0.6297,0.6461,0.163722425699234,0.19640862941741943,0.20174,0.2243,0.00966,0.0113,0.47208,0.4974,0.32334,0.3465,1170.5452742284658,15252.206648254394
2023-08-22 12:40:51.421190,153.0,0.5134800400356857,0.4941226802766323,0.63572,0.6445,0.1698395013809204,0.19617970287799835,0.20334,0.2448,0.01088,0.0165,0.4758,0.4979,0.32648,0.3613,923.9029196135851,22121.686295318603
2023-08-22 12:41:44.805474,154.0,0.515980182101532,0.49510815888643267,0.6323,0.6439,0.16400229930877686,0.19363486766815186,0.20194,0.2333,0.01024,0.0143,0.47192,0.4951,0.32146,0.3528,995.4141337336326,15835.085315704346
2023-08-22 12:42:34.215051,155.0,0.5145423471623537,0.5026167184114456,0.63484,0.6383,0.16715362668037415,0.18788400292396545,0.20434,0.239,0.01082,0.016,0.47396,0.4907,0.32512,0.351,1082.548522092858,19759.5882522583
2023-08-22 12:43:26.603316,156.0,0.5122632200316507,0.4953070193529129,0.63496,0.645,0.16862934827804565,0.19182994961738586,0.20318,0.2268,0.01038,0.013,0.47448,0.4939,0.32742,0.3495,1003.351560475875,17650.71370010376
2023-08-22 12:44:26.005338,157.0,0.5125077217817307,0.5090453743934631,0.6356,0.6321,0.1686486005783081,0.18003273010253906,0.2042,0.2257,0.01038,0.0129,0.4758,0.4849,0.32628,0.343,876.2072470528739,19271.4362991333
2023-08-22 12:45:24.547894,158.0,0.5119870857012515,0.5004922546446323,0.63546,0.6404,0.1684565544128418,0.18384745717048645,0.204,0.2279,0.01002,0.0164,0.47532,0.4883,0.3239,0.347,895.227613877277,16256.211821746827
2023-08-22 12:46:24.031778,159.0,0.5165100071807297,0.5000459745526313,0.62954,0.6379,0.16340024769306183,0.1874300241470337,0.20206,0.2355,0.01082,0.0116,0.47196,0.4916,0.32188,0.3514,880.358407234659,14182.156166839599
2023-08-22 12:47:18.471774,160.0,0.5137903047155361,0.4950212977826595,0.63284,0.6489,0.16622763872146606,0.1903349757194519,0.20504,0.2168,0.01106,0.0108,0.47304,0.4917,0.32502,0.3355,965.7614585720763,19777.445304107667
2023-08-22 12:48:13.144675,161.0,0.5110537275976065,0.5065568216145039,0.63666,0.6273,0.1678861677646637,0.1778952181339264,0.2053,0.2269,0.01006,0.0145,0.4755,0.4857,0.32728,0.3408,986.7951175144741,17150.450092315674
2023-08-22 12:49:06.548561,162.0,0.5135055045996394,0.4996662221848965,0.63358,0.6385,0.16670925915241241,0.18052387237548828,0.20416,0.2222,0.01008,0.0094,0.47418,0.4845,0.32306,0.3442,997.674577985491,14997.94906463623
2023-08-22 12:49:56.566044,163.0,0.5112389774650944,0.5003029935061931,0.63698,0.6407,0.17186835408210754,0.18289396166801453,0.20596,0.225,0.0094,0.0158,0.47662,0.488,0.32534,0.3433,1055.8971594207142,22295.987252807616
2023-08-22 12:50:47.946838,164.0,0.5133176677081049,0.4981559254229069,0.63514,0.6426,0.17021708190441132,0.2027587592601776,0.204,0.2326,0.01032,0.0122,0.47648,0.5021,0.32502,0.3574,1026.69797344597,17401.73563079834
2023-08-22 12:51:42.133528,165.0,0.5089117141098393,0.4969294138252735,0.63856,0.6434,0.1738835722208023,0.186459481716156,0.20804,0.2268,0.01128,0.0109,0.47906,0.4905,0.329,0.3461,983.1541456105758,17509.35768890381
2023-08-22 12:52:43.907120,166.0,0.5088100697921247,0.49012461975216864,0.63758,0.6558,0.17049843072891235,0.19844937324523926,0.20762,0.2349,0.01098,0.0112,0.47824,0.4995,0.32968,0.3536,847.2194319744499,16119.408401489258
2023-08-22 12:53:42.884165,167.0,0.510648464061776,0.5000524975359439,0.63478,0.6428,0.1690981388092041,0.1834033727645874,0.20766,0.2224,0.01046,0.0144,0.4763,0.4888,0.32838,0.3386,890.4055410891164,15331.881513214112
2023-08-22 12:54:42.950726,168.0,0.5103954993644539,0.49799749329686166,0.63696,0.6405,0.17007368803024292,0.19984257221221924,0.2071,0.236,0.01116,0.0146,0.47584,0.5001,0.32792,0.3574,880.3978036374461,15154.539514160157
2023-08-22 12:55:38.886664,169.0,0.5105995353387327,0.49604876041412355,0.63672,0.6433,0.17117974162101746,0.19611093401908875,0.20546,0.238,0.01094,0.0143,0.47718,0.4976,0.32978,0.3594,949.8274686385174,18666.923400878906
2023-08-22 12:56:37.749342,170.0,0.5109386573336563,0.48959913924336435,0.63622,0.6455,0.17070826888084412,0.2015790045261383,0.2079,0.2378,0.0109,0.0144,0.47646,0.502,0.32954,0.3558,905.8510890882842,18783.035984039307
2023-08-22 12:57:39.637336,171.0,0.5079674491164635,0.5003349415957927,0.63908,0.6353,0.1739397644996643,0.17418313026428223,0.21132,0.2131,0.01092,0.0139,0.4785,0.4821,0.3327,0.3347,843.38388349572,15352.435139465331
2023-08-22 12:58:36.677476,172.0,0.5108653088005222,0.5031703442335129,0.6345,0.6367,0.17075175046920776,0.1818152666091919,0.207,0.2135,0.01052,0.0136,0.4773,0.4841,0.328,0.3299,950.923471567582,16920.529976654052
2023-08-22 12:59:30.511748,173.0,0.5092370621099764,0.4939757525920868,0.63834,0.6466,0.1702820062637329,0.19300705194473267,0.20504,0.2292,0.01018,0.0124,0.47626,0.4944,0.32898,0.3473,979.1060166650889,16705.474877929686
2023-08-22 13:00:23.594780,174.0,0.5093354613197093,0.48801615461707115,0.63884,0.6446,0.17362162470817566,0.20547276735305786,0.2073,0.2501,0.01112,0.0167,0.47866,0.5038,0.32972,0.3724,985.4236166039292,18260.134740447997
2023-08-22 13:01:12.257750,175.0,0.5079148954578808,0.4933962844312191,0.63884,0.652,0.17301732301712036,0.19567793607711792,0.20876,0.2289,0.01106,0.0122,0.47888,0.4966,0.33222,0.3508,1076.6622507523516,17542.057595062255
2023-08-22 13:02:12.742021,176.0,0.5069340294112965,0.49375843331217767,0.64162,0.6496,0.1781652569770813,0.20060259103775024,0.20858,0.2334,0.01068,0.0145,0.48198,0.5011,0.33216,0.3555,863.9507591870366,19607.9236869812
2023-08-22 13:03:08.296178,177.0,0.505509936079687,0.49815515279769895,0.64152,0.6373,0.18125829100608826,0.18943330645561218,0.21034,0.2315,0.0112,0.0122,0.48536,0.4936,0.33412,0.3553,960.8935115580656,13800.725424957276
2023-08-22 13:04:06.537670,178.0,0.5099619582903628,0.4844370998442173,0.6364,0.6545,0.17302048206329346,0.21019789576530457,0.20888,0.2383,0.01114,0.0128,0.47968,0.5074,0.33014,0.36,898.6846925385145,20496.876622772215
2023-08-22 13:05:02.459537,179.0,0.5087989659941926,0.494758141040802,0.63664,0.642,0.17295043170452118,0.19443252682685852,0.20768,0.2369,0.01164,0.0143,0.47908,0.4952,0.33032,0.3574,946.3874181630661,17116.79885253906
2023-08-22 13:06:04.911145,180.0,0.5101585287828835,0.4973547153174877,0.63788,0.6367,0.17262709140777588,0.1933990865945816,0.20834,0.2376,0.0111,0.0183,0.47852,0.4942,0.33062,0.352,833.8015413089674,15119.103294372559
2023-08-22 13:07:07.658823,181.0,0.5085749723473374,0.5053688541054726,0.64048,0.6324,0.17448729276657104,0.17468297481536865,0.2095,0.2295,0.01104,0.017,0.48022,0.4822,0.3311,0.3468,832.5638292273696,13660.037638854981
2023-08-22 13:07:58.617357,182.0,0.5082570440611061,0.49784665554761887,0.63922,0.6455,0.1745491921901703,0.18989582359790802,0.21024,0.219,0.01022,0.0113,0.47982,0.4919,0.33236,0.3425,1030.8859326888105,19413.980962371825
2023-08-22 13:08:56.274554,183.0,0.5071784294381434,0.4925993293523788,0.63968,0.6434,0.1741359829902649,0.195001021027565,0.2082,0.243,0.01076,0.0165,0.48034,0.4972,0.33058,0.3608,905.042218889509,15552.183470916749
2023-08-22 13:09:56.708034,184.0,0.5082091401730265,0.497327034175396,0.6382,0.6408,0.17446738481521606,0.18922126293182373,0.21096,0.2253,0.011,0.0124,0.48042,0.4918,0.3325,0.3476,862.1670719847388,17869.80506744385
2023-08-22 13:10:43.949755,185.0,0.5043593521933166,0.4826303504407406,0.64348,0.6639,0.1788206249475479,0.21494229137897491,0.21332,0.236,0.01172,0.0139,0.48366,0.5129,0.3348,0.3597,1120.270868729572,14451.816707611084
2023-08-22 13:11:39.412716,186.0,0.5065877688478451,0.4929990090429783,0.64312,0.6469,0.18077056109905243,0.2014373540878296,0.20874,0.2356,0.01002,0.0129,0.48508,0.5015,0.33202,0.3585,948.20376501278,19026.801251220702
2023-08-22 13:12:29.613903,187.0,0.5053154202748318,0.502918342500925,0.64126,0.6343,0.17894619703292847,0.1899491548538208,0.2114,0.2389,0.01154,0.0209,0.48514,0.4926,0.33462,0.3541,1058.6700860626843,13951.50389175415
2023-08-22 13:13:26.796984,188.0,0.5052411612503382,0.4884059071540833,0.64286,0.6449,0.18114683032035828,0.20731192827224731,0.2114,0.2491,0.01214,0.0175,0.48418,0.5042,0.33298,0.3679,923.5018092564175,18046.990884399413
2023-08-22 13:14:25.311498,189.0,0.5072436281004731,0.5213839374482632,0.6366,0.6137,0.17542508244514465,0.1516893208026886,0.2112,0.2346,0.01162,0.025,0.4808,0.4709,0.33282,0.3422,905.7165731313278,17294.273315429688
2023-08-22 13:15:28.564136,190.0,0.5042375995188343,0.4900801546871662,0.64366,0.6516,0.1785394549369812,0.20121517777442932,0.21532,0.237,0.0119,0.0158,0.48352,0.5016,0.33362,0.3595,820.3515902927944,16299.690304565429
2023-08-22 13:16:18.793812,191.0,0.5076152848041787,0.48908194676041605,0.63816,0.6544,0.17736661434173584,0.20527389645576477,0.20848,0.2339,0.0104,0.0141,0.48194,0.5053,0.3317,0.357,1057.8253400374433,22988.286365509033
2023-08-22 13:17:03.754457,192.0,0.5022885696012147,0.48201885521411897,0.64506,0.6557,0.1840742826461792,0.2105388641357422,0.2138,0.2411,0.0113,0.0146,0.487,0.5088,0.33608,0.3642,1173.4319443994639,22644.745652770995
2023-08-22 13:17:48.722202,193.0,0.5041567369991419,0.49182280004024503,0.64302,0.6504,0.17985719442367554,0.19775021076202393,0.21152,0.2368,0.01172,0.0146,0.48378,0.4986,0.33486,0.3588,1164.8636185003786,21820.775325012208
2023-08-22 13:18:40.852588,194.0,0.5045379973491844,0.4904421031475067,0.64136,0.6478,0.1797778308391571,0.19665899872779846,0.21242,0.2252,0.0123,0.0125,0.4853,0.498,0.33624,0.353,1016.7994875226702,15673.993841552734
2023-08-22 13:19:29.217293,195.0,0.5061671160617653,0.4895738586783409,0.641,0.6551,0.17524652183055878,0.19561129808425903,0.2102,0.2331,0.01202,0.0166,0.48146,0.4973,0.33366,0.3537,1091.9912634090501,15130.202592468262
2023-08-22 13:20:31.724568,196.0,0.5028845001848377,0.49158083871006963,0.6418,0.6471,0.1829836666584015,0.1980917900800705,0.21332,0.234,0.01146,0.0146,0.48764,0.4991,0.33576,0.3512,833.8387237081722,16232.111101150513
2023-08-22 13:21:31.317783,197.0,0.5071850517878727,0.48953489139676093,0.6405,0.6528,0.1771741807460785,0.20912468433380127,0.21124,0.234,0.01086,0.0138,0.482,0.5082,0.33278,0.3546,877.748341618752,19347.474233245848
2023-08-22 13:22:33.332194,198.0,0.504132478973087,0.48756166100502013,0.64262,0.6519,0.18406176567077637,0.2124723494052887,0.21266,0.2509,0.01064,0.0166,0.48782,0.5099,0.33652,0.3687,840.6453022859534,17749.36693572998
2023-08-22 13:23:35.878175,199.0,0.5029933668520986,0.49077448099851606,0.64436,0.6454,0.18198055028915405,0.2027004361152649,0.21358,0.2442,0.01112,0.0163,0.48584,0.5017,0.3381,0.3643,828.6918898601921,16297.654656982422
2023-08-22 13:24:32.308621,200.0,0.5019917602137643,0.48868252262473105,0.64408,0.6505,0.18177688121795654,0.20636600255966187,0.21476,0.2471,0.01224,0.0152,0.486,0.5049,0.33762,0.3648,933.6234300574478,15818.41164855957
2023-08-22 13:25:36.991680,201.0,0.5032519096014451,0.500285379588604,0.64582,0.6409,0.1836112141609192,0.17825809121131897,0.21142,0.2248,0.01108,0.0153,0.48726,0.4849,0.33666,0.3404,801.5777699996014,16618.294869232177
2023-08-22 13:26:35.837727,202.0,0.49915139605196157,0.48569198697805405,0.6479,0.6549,0.1856253743171692,0.20864811539649963,0.21674,0.2361,0.01156,0.0137,0.48866,0.5064,0.33968,0.3614,892.8613556842415,22271.485956573488
2023-08-22 13:27:29.441456,203.0,0.5052050432684471,0.4818775974214077,0.64248,0.6571,0.1796342134475708,0.20581485331058502,0.21146,0.2398,0.0111,0.0157,0.48368,0.5047,0.33278,0.3588,989.4371008581045,24021.041157531738
2023-08-22 13:28:20.613301,204.0,0.5038622479353633,0.4894695051014423,0.64402,0.6459,0.1813548505306244,0.20382606983184814,0.21494,0.2498,0.01118,0.0198,0.48566,0.5022,0.33556,0.3723,1028.550370041205,15673.924520874023
2023-08-22 13:29:17.735071,205.0,0.5047495491346534,0.4835075758397579,0.643,0.6502,0.18069246411323547,0.20966026186943054,0.21158,0.253,0.01154,0.014,0.48366,0.5079,0.33308,0.3671,912.2656661831603,18767.15481491089
2023-08-22 13:30:14.247096,206.0,0.4991198738618773,0.48811298683285714,0.6499,0.6517,0.18672651052474976,0.20376479625701904,0.21438,0.2403,0.01158,0.0202,0.48996,0.5026,0.34008,0.358,934.1313271814463,18276.969121551512
2023-08-22 13:31:15.264584,207.0,0.5023614872170954,0.4928774520754814,0.64424,0.6423,0.18213507533073425,0.1942673921585083,0.21672,0.2364,0.01206,0.0149,0.48732,0.4951,0.33998,0.3546,856.9268682830187,15117.399058532716
2023-08-22 13:32:08.646853,208.0,0.504759395913202,0.49326506853103635,0.6442,0.6497,0.17847272753715515,0.19965991377830505,0.2129,0.2463,0.0113,0.0191,0.48284,0.5001,0.33468,0.3619,995.1356686961894,21014.007431030273
2023-08-22 13:33:03.630187,209.0,0.5013291838825965,0.4980114854872227,0.64572,0.6411,0.18212133646011353,0.18533053994178772,0.2135,0.2213,0.01172,0.0165,0.48694,0.4887,0.33558,0.3404,946.9416648709044,18318.94538269043
2023-08-22 13:33:58.082649,210.0,0.5033245871261675,0.4887997329235077,0.64554,0.6459,0.18188351392745972,0.2036171555519104,0.21382,0.2443,0.01196,0.0127,0.48556,0.503,0.3358,0.3661,993.6222675089933,16330.326795959472
2023-08-22 13:35:02.058512,211.0,0.4990119082587106,0.48530527800321577,0.64766,0.6524,0.18911483883857727,0.20254790782928467,0.21582,0.238,0.0118,0.0107,0.49162,0.5022,0.3424,0.3662,809.7410895678462,19166.58368148804
2023-08-22 13:35:52.119091,212.0,0.500297909640536,0.4961618989706039,0.6467,0.6423,0.1866399049758911,0.19700706005096436,0.21562,0.2402,0.01214,0.0266,0.49008,0.4976,0.3401,0.3569,1054.4929849274304,18595.23980331421
2023-08-22 13:36:45.370549,213.0,0.49900080795798984,0.4922863207757473,0.64886,0.6423,0.18939810991287231,0.1959688365459442,0.21814,0.241,0.01186,0.0154,0.4913,0.4972,0.34092,0.3588,983.7221299774793,16864.47776184082
2023-08-22 13:37:43.710694,214.0,0.49800666619320305,0.48379444107413294,0.64938,0.6513,0.18952006101608276,0.2113240659236908,0.21942,0.2525,0.01228,0.0148,0.4914,0.509,0.34212,0.373,894.6754886082241,15936.022419738769
2023-08-22 13:38:31.295452,215.0,0.4990011786623877,0.4861722469329834,0.64924,0.6551,0.18487757444381714,0.20689517259597778,0.21862,0.2302,0.01114,0.0166,0.4875,0.5057,0.33924,0.3527,1108.7606769483916,16134.24249420166
2023-08-22 13:39:23.746398,216.0,0.49891153403690885,0.4937461532652378,0.64976,0.6448,0.18782249093055725,0.1875847578048706,0.21574,0.2139,0.01236,0.0149,0.49122,0.4914,0.3396,0.3364,1001.07992398009,14341.751361846924
2023-08-22 13:40:18.449544,217.0,0.49932621389019244,0.4851800210773945,0.64836,0.6543,0.18743062019348145,0.2084031105041504,0.21588,0.2301,0.0121,0.0139,0.49044,0.5056,0.34078,0.3541,953.8345813361966,15675.346535491943
2023-08-22 13:41:09.144453,218.0,0.5008002610839143,0.493178254365921,0.64594,0.6463,0.18693214654922485,0.19384616613388062,0.2152,0.2303,0.01202,0.0172,0.49014,0.4959,0.33838,0.3521,1047.6534472874232,20996.59944229126
2023-08-22 13:42:00.677286,219.0,0.5022759404109449,0.4889569699764252,0.64704,0.6492,0.18184617161750793,0.19325390458106995,0.21272,0.2391,0.01152,0.0148,0.48572,0.495,0.33768,0.3572,1028.1227177211217,16391.692485809326
2023-08-22 13:42:54.860683,220.0,0.4985322070365049,0.48415302112698555,0.64914,0.6437,0.18879194557666779,0.2163478136062622,0.21528,0.2574,0.01086,0.0203,0.49148,0.5114,0.34134,0.3777,976.9321204983459,15206.723316192627
2023-08-22 13:43:49.993366,221.0,0.5027229224844855,0.48187643066048624,0.64466,0.6546,0.18460988998413086,0.20895859599113464,0.21462,0.2405,0.0121,0.0185,0.48776,0.5092,0.33752,0.3647,992.9541823718013,23285.640662384034
2023-08-22 13:44:50.205855,222.0,0.5025605667306452,0.4784780710935593,0.64384,0.6602,0.18080982565879822,0.22527854144573212,0.21418,0.2554,0.01134,0.0154,0.48494,0.5185,0.33586,0.3778,867.4808379192741,17057.554439544678
2023-08-22 13:45:44.763387,223.0,0.4983959000329582,0.4809297978878021,0.64784,0.656,0.18868103623390198,0.21748393774032593,0.21688,0.2539,0.01176,0.0176,0.49134,0.5146,0.33984,0.3717,952.0634667532785,20423.964445495607
2023-08-22 13:46:40.627726,224.0,0.498558194661627,0.48316169530153275,0.64906,0.653,0.1909531056880951,0.2103208601474762,0.21912,0.2498,0.01234,0.0165,0.49292,0.5085,0.342,0.3647,936.1444358825684,19846.267109680175
2023-08-22 13:47:36.640933,225.0,0.49916160638843265,0.4905578225851059,0.64754,0.6442,0.18906769156455994,0.20411735773086548,0.21666,0.2506,0.01192,0.0136,0.49224,0.5034,0.34172,0.3654,963.9464108992596,18458.082273101805
2023-08-22 13:48:40.168624,226.0,0.5013809398728974,0.4873029440641403,0.64484,0.652,0.18440020084381104,0.19929158687591553,0.21568,0.2296,0.01158,0.0165,0.48832,0.4998,0.33924,0.3547,814.4660193774165,17857.202764129637
2023-08-22 13:49:35.178818,227.0,0.4983114115133577,0.4888105422258377,0.64898,0.6438,0.18504202365875244,0.20017264783382416,0.21738,0.249,0.01226,0.0159,0.48842,0.5006,0.34056,0.3635,948.7311288483289,17071.26856613159
2023-08-22 13:50:36.093997,228.0,0.497617527690469,0.4833837389945984,0.64842,0.6573,0.19277548789978027,0.21139046549797058,0.21732,0.2398,0.01198,0.0123,0.49494,0.5095,0.3415,0.3666,859.3519737087951,15519.321800994872
2023-08-22 13:51:32.113694,229.0,0.498871062635159,0.49381145387887954,0.64638,0.6453,0.18689623475074768,0.18785947561264038,0.22104,0.2201,0.0121,0.0127,0.49086,0.4921,0.34078,0.3454,942.6625259555116,14515.760332489013
2023-08-22 13:52:24.616015,230.0,0.5001323002637649,0.49509055018424986,0.6485,0.6388,0.18604996800422668,0.2039092481136322,0.2148,0.2587,0.0126,0.0233,0.48926,0.5029,0.33998,0.3671,1013.027101789202,20673.7645652771
2023-08-22 13:53:28.448823,231.0,0.5000326400812791,0.4834562160074711,0.64788,0.6562,0.18825435638427734,0.21818646788597107,0.21646,0.2541,0.01192,0.0172,0.49136,0.5146,0.33924,0.3728,817.456846509661,13608.241024017334
2023-08-22 13:54:31.549909,232.0,0.4983731918797201,0.4924297511577606,0.6493,0.6441,0.18906426429748535,0.19977310299873352,0.2212,0.2354,0.0134,0.0188,0.49166,0.5005,0.34274,0.3541,825.3477635286292,19835.94512023926
2023-08-22 13:55:30.583597,233.0,0.49680869828681556,0.47458973377943037,0.64992,0.6679,0.1912626028060913,0.2263498604297638,0.21934,0.252,0.0125,0.0179,0.49372,0.5214,0.3436,0.3756,884.5976903487225,17194.12309112549
2023-08-22 13:56:30.203977,234.0,0.49523954519203733,0.4796373151242733,0.65146,0.6625,0.1903223693370819,0.2181181013584137,0.22064,0.2434,0.01304,0.0162,0.49292,0.5139,0.34634,0.371,892.4891583968182,20450.111196899416
2023-08-22 13:57:24.957793,235.0,0.49501459133260106,0.4801147997379303,0.65286,0.6579,0.19522395730018616,0.2174527645111084,0.22174,0.2522,0.0121,0.0175,0.49642,0.5128,0.34474,0.3766,952.0904542572645,19977.176288604736
2023-08-22 13:58:21.703254,236.0,0.4972624343876936,0.48650087490677835,0.64834,0.6444,0.18703481554985046,0.21429258584976196,0.21874,0.2592,0.01186,0.0182,0.4907,0.509,0.34344,0.3765,934.5738674085967,15406.494729614258
2023-08-22 13:59:27.227055,237.0,0.49585991824159814,0.5112503156065941,0.65154,0.6153,0.19570684432983398,0.17513573169708252,0.22038,0.2534,0.01246,0.021,0.4969,0.485,0.34578,0.3636,786.0632263494998,15798.432328796387
2023-08-22 14:00:28.474404,238.0,0.499362407138153,0.4826656073331833,0.64894,0.6502,0.18469688296318054,0.21592804789543152,0.22004,0.2601,0.01232,0.02,0.48846,0.5119,0.34084,0.3765,860.0563714163644,18310.569091796875
2023-08-22 14:01:30.215907,239.0,0.4978324132306235,0.4778305634856224,0.6482,0.6542,0.1862170398235321,0.22218093276023865,0.21994,0.2604,0.01252,0.0169,0.48926,0.5163,0.34358,0.3772,845.596593895737,17245.543054199217
2023-08-22 14:02:29.162632,240.0,0.49639178325935285,0.47889840602874756,0.64962,0.665,0.19249768555164337,0.2168506681919098,0.21938,0.2438,0.01216,0.0155,0.49358,0.5165,0.34392,0.3681,882.5065063943669,16363.362273406983
2023-08-22 14:03:21.611765,241.0,0.4927927907936427,0.49298879578709603,0.6542,0.6445,0.19555720686912537,0.18881526589393616,0.2211,0.2353,0.01236,0.0167,0.49642,0.4918,0.34688,0.3487,1002.5214895131637,21061.98330001831
2023-08-22 14:04:17.263382,242.0,0.49648371308433764,0.48247325196862223,0.65166,0.6581,0.1931973099708557,0.211617112159729,0.21952,0.2397,0.01196,0.0134,0.49496,0.5091,0.34376,0.3613,943.2148171249701,16330.563827514648
2023-08-22 14:05:12.896461,243.0,0.49393719723638224,0.4776077441871166,0.6548,0.6618,0.1953425109386444,0.21609529852867126,0.2225,0.2475,0.01262,0.0166,0.4968,0.5146,0.3464,0.3716,938.302621958207,17808.927685546874
2023-08-22 14:06:11.659698,244.0,0.4929533851694088,0.48477116227149963,0.65636,0.6489,0.1965087503194809,0.21217040717601776,0.22214,0.2586,0.01248,0.0211,0.49784,0.5107,0.34654,0.3741,888.4477198075275,17047.095512390137
2023-08-22 14:07:06.283319,245.0,0.49647592251398126,0.47835420072078705,0.65018,0.6621,0.18962249159812927,0.2161959856748581,0.22016,0.249,0.01356,0.0164,0.49276,0.5146,0.34532,0.3674,950.5274029167331,19686.980992126464
2023-08-22 14:07:59.947124,246.0,0.49189186415502,0.48219890519976616,0.65488,0.6522,0.1948758363723755,0.21287381649017334,0.22398,0.2432,0.01234,0.0165,0.49622,0.5092,0.34678,0.3627,971.1089623120366,19188.293576049804
2023-08-22 14:08:54.805692,247.0,0.49429296671735995,0.477704880386591,0.65248,0.654,0.19325540959835052,0.22003982961177826,0.22238,0.2634,0.01236,0.0213,0.49576,0.5179,0.3471,0.3801,952.4845325703524,16537.25820465088
2023-08-22 14:09:49.451679,248.0,0.4927367061680677,0.48425308540463446,0.65514,0.6543,0.1967732012271881,0.2160540372133255,0.22192,0.2405,0.01236,0.0158,0.49794,0.5119,0.34584,0.3658,953.0912682669504,20702.21001586914
2023-08-22 14:10:36.108527,249.0,0.4923350712170406,0.4869068615138531,0.6552,0.6533,0.19423401355743408,0.2010563313961029,0.2238,0.2294,0.01264,0.0156,0.49612,0.5012,0.34604,0.3507,1128.168921412254,18888.18228225708
2023-08-22 14:11:30.996564,250.0,0.49841849901238267,0.4861395761370659,0.64758,0.6567,0.18879616260528564,0.20423170924186707,0.21996,0.2307,0.0125,0.0132,0.49208,0.5022,0.34298,0.3547,950.7701055565659,14887.616566467284
2023-08-22 14:12:26.708738,251.0,0.4946546653399662,0.4883186466991901,0.65284,0.6499,0.19154863059520721,0.20625194907188416,0.22212,0.2323,0.0127,0.0158,0.49364,0.5068,0.34446,0.3563,937.9956971771863,14564.927505493164
2023-08-22 14:13:24.780719,252.0,0.4947496990160066,0.4802167318761349,0.6517,0.6502,0.19381435215473175,0.22549700736999512,0.22,0.2532,0.0126,0.0192,0.49578,0.5169,0.34614,0.3775,900.7574778187031,17021.718235778808
2023-08-22 14:14:17.796586,253.0,0.49719557014046883,0.4797051928937435,0.6498,0.6531,0.1874040961265564,0.22131294012069702,0.22036,0.2663,0.01164,0.02,0.49068,0.5154,0.34378,0.3789,1001.3028038180604,19678.73137435913
2023-08-22 14:15:17.793059,254.0,0.494995895697146,0.4819627858698368,0.65152,0.661,0.19382280111312866,0.21583858132362366,0.22202,0.2413,0.01282,0.0156,0.49574,0.511,0.3441,0.366,882.4506102581413,18343.977420043946
2023-08-22 14:16:24.079680,255.0,0.4915973054511206,0.48699094727635384,0.65528,0.659,0.20162999629974365,0.21351367235183716,0.22364,0.2399,0.01302,0.0169,0.50186,0.5117,0.35032,0.3601,782.8103108308753,13932.902866363525
2023-08-22 14:17:26.382660,256.0,0.49349227121898104,0.4913709878921509,0.654,0.649,0.1966296136379242,0.2039453387260437,0.22362,0.2412,0.01292,0.0192,0.4975,0.5045,0.34622,0.3588,835.9364302498954,14981.234691619873
2023-08-22 14:18:22.619176,257.0,0.49551599381529554,0.47998298406600953,0.6514,0.6542,0.19331936538219452,0.2161724865436554,0.2215,0.2547,0.01318,0.0178,0.4953,0.5114,0.34618,0.3732,945.6290942600796,22352.147660064697
2023-08-22 14:19:07.537749,258.0,0.4936996893006928,0.49052271991968155,0.65474,0.6417,0.19333219528198242,0.20319044589996338,0.2239,0.2488,0.01222,0.0166,0.49466,0.5022,0.3482,0.3683,1169.2730761158223,18562.899793243407
2023-08-22 14:20:04.715205,259.0,0.49263614857075166,0.4820941619575024,0.65394,0.6525,0.1973532885313034,0.21181100606918335,0.2219,0.2451,0.0121,0.0163,0.49874,0.5098,0.35046,0.3679,913.552734530702,15578.426403808593
2023-08-22 14:20:59.627764,260.0,0.4914487963732408,0.47767463102936747,0.65574,0.6615,0.19563373923301697,0.2176850140094757,0.22496,0.2517,0.01292,0.0159,0.49682,0.5142,0.34794,0.3706,968.8475737279775,18060.723946380615
2023-08-22 14:21:44.077876,261.0,0.4910970395620988,0.49107413813471795,0.65534,0.6307,0.19872267544269562,0.19919738173484802,0.22478,0.2506,0.0133,0.0248,0.49932,0.4999,0.34868,0.3693,1174.9958478188028,21505.962660980225
2023-08-22 14:22:38.120312,262.0,0.49011377701345754,0.47567871436476705,0.65596,0.6588,0.2003207802772522,0.21750065684318542,0.22526,0.2474,0.01302,0.0145,0.50056,0.5141,0.34884,0.3696,978.3435408923091,18854.274769592284
2023-08-22 14:23:32.559342,263.0,0.49172940637384144,0.4858178086578846,0.65262,0.6521,0.19856752455234528,0.20372256636619568,0.223,0.2406,0.01296,0.016,0.49914,0.5033,0.34916,0.3637,956.6427574157715,13708.551918029785
2023-08-22 14:24:36.743059,264.0,0.48939404773468875,0.4829897902905941,0.65956,0.6509,0.20168372988700867,0.21224671602249146,0.22666,0.2505,0.0128,0.0171,0.50148,0.5096,0.34888,0.3733,803.7745338751346,17276.440892028808
2023-08-22 14:25:32.172935,265.0,0.4906524471482452,0.4738095350563526,0.65628,0.662,0.1996806263923645,0.22360029816627502,0.2252,0.2538,0.01316,0.0182,0.50016,0.5186,0.35038,0.3726,943.5044965938646,17173.718296813964
2023-08-22 14:26:32.276071,266.0,0.49078744923581885,0.48397445157170293,0.65676,0.6526,0.19773423671722412,0.19889608025550842,0.22664,0.2444,0.01298,0.0158,0.49876,0.4997,0.34818,0.3632,866.6016683773119,19233.71115951538
2023-08-22 14:27:35.448156,267.0,0.49024059364990313,0.47335723489522935,0.65618,0.6624,0.2001422941684723,0.22282415628433228,0.22376,0.2525,0.01338,0.0142,0.50048,0.5159,0.34912,0.3739,819.9221731691945,19716.677478027344
2023-08-22 14:28:30.076602,268.0,0.4893801461677162,0.4728720560669899,0.65734,0.6614,0.20216527581214905,0.226491779088974,0.22588,0.2532,0.01256,0.0172,0.50218,0.5203,0.35246,0.379,972.3427450997489,20463.457851409912
2023-08-22 14:29:24.535066,269.0,0.4909011970977394,0.47775527983903887,0.65568,0.6526,0.19780302047729492,0.2198353111743927,0.22444,0.261,0.01248,0.0162,0.49872,0.5142,0.34804,0.3723,974.8845176696777,22935.46212463379
2023-08-22 14:30:14.238928,270.0,0.4924610206971363,0.47664511799812315,0.65252,0.6598,0.19825872778892517,0.21675732731819153,0.22558,0.2503,0.014,0.0169,0.4989,0.5127,0.35006,0.3738,1066.2132486615862,16148.137545013427
2023-08-22 14:31:09.179912,271.0,0.48896354893032384,0.4738744392991066,0.65804,0.6645,0.20362430810928345,0.22373582422733307,0.22774,0.2523,0.0136,0.0182,0.50302,0.5189,0.35188,0.3726,969.8037855187241,18905.007894897462
2023-08-22 14:31:58.010726,272.0,0.4880986116370376,0.49259996190667155,0.658,0.6467,0.2044234275817871,0.20711693167686462,0.22918,0.244,0.01298,0.0172,0.50398,0.506,0.35532,0.3687,1078.999008178711,21252.666342926026
2023-08-22 14:32:48.359838,273.0,0.48577422405384024,0.4834650203585625,0.661,0.6545,0.2060265690088272,0.21066024899482727,0.22952,0.248,0.01336,0.0141,0.50488,0.5103,0.35514,0.3661,1047.9639763345524,15809.103020477294
2023-08-22 14:33:42.235227,274.0,0.4888171441092783,0.48007780611515044,0.65672,0.6597,0.2014922797679901,0.21085414290428162,0.22734,0.2365,0.0134,0.0196,0.50164,0.5112,0.35234,0.3598,971.2907067123724,18691.20485610962
2023-08-22 14:34:43.511655,275.0,0.4881053433126333,0.4790386915206909,0.65948,0.6529,0.19921159744262695,0.21384963393211365,0.22804,0.2576,0.0137,0.0201,0.4998,0.5093,0.34952,0.3757,852.8515372762874,14991.611321258544
2023-08-22 14:35:45.674371,276.0,0.489630180810179,0.4884751960635185,0.65822,0.6409,0.20004883408546448,0.21030233800411224,0.22582,0.2613,0.01326,0.0199,0.50032,0.5074,0.35128,0.3747,842.2637199090451,17222.755697631837
2023-08-22 14:36:49.568851,277.0,0.48977766657362176,0.48558428063988684,0.65564,0.6504,0.20557865500450134,0.20957708358764648,0.22388,0.2364,0.01354,0.0167,0.5047,0.5061,0.3526,0.358,810.2133800740145,16891.270616912843
2023-08-22 14:37:40.469286,278.0,0.4905509883347823,0.48740651458501816,0.65654,0.6502,0.20130234956741333,0.2046460658311844,0.22702,0.2442,0.01394,0.0201,0.50158,0.5032,0.34948,0.3612,1040.0348256169534,21184.552349853515
2023-08-22 14:38:26.124378,279.0,0.48820166730759096,0.4720026105642319,0.65748,0.6637,0.20343409478664398,0.22908374667167664,0.22716,0.2619,0.01314,0.0171,0.50324,0.5208,0.3517,0.3834,1158.1293379335987,17232.398581695557
2023-08-22 14:39:22.003211,280.0,0.48969482463233327,0.47114205434918405,0.65784,0.6637,0.19961248338222504,0.2335798144340515,0.22606,0.2625,0.01338,0.0199,0.5001,0.523,0.34988,0.3812,941.3891983032227,17136.26699447632
2023-08-22 14:40:21.388515,281.0,0.48739103455932775,0.4808514729142189,0.66178,0.6554,0.20689138770103455,0.217603400349617,0.2271,0.2492,0.01354,0.0201,0.5056,0.5128,0.35462,0.3709,885.1538342845683,19097.96346359253
2023-08-22 14:41:24.961547,282.0,0.4874402648028062,0.47484541684389114,0.65914,0.6601,0.20244765281677246,0.23216572403907776,0.22658,0.267,0.01334,0.02,0.5026,0.5216,0.35172,0.3899,818.2936050259337,19099.716076660156
2023-08-22 14:42:23.486062,283.0,0.48682732241494314,0.48774904385209084,0.66046,0.6477,0.20730385184288025,0.20665094256401062,0.22698,0.2555,0.0135,0.0221,0.50652,0.5055,0.35352,0.3713,893.5429690614038,20076.958460235597
2023-08-22 14:43:23.535274,284.0,0.4895073952419417,0.480276695638895,0.65786,0.6541,0.20200204849243164,0.21303316950798035,0.22596,0.255,0.0133,0.0201,0.50204,0.5084,0.3519,0.3759,867.4326254397023,18716.3335357666
2023-08-22 14:44:21.543082,285.0,0.48927270970782455,0.48041011989116666,0.65744,0.6504,0.20378008484840393,0.21233217418193817,0.22706,0.253,0.0137,0.0159,0.50326,0.5076,0.35106,0.3694,893.7653672354562,17088.017333221436
2023-08-22 14:45:20.002922,286.0,0.48434124765347464,0.48146471977233884,0.66218,0.6496,0.2105800211429596,0.21335268020629883,0.23058,0.2626,0.01342,0.0218,0.50804,0.5093,0.35624,0.3769,895.8597570146833,16197.637615203857
2023-08-22 14:46:17.731443,287.0,0.4858725250375514,0.48112697526812553,0.66002,0.6583,0.20384633541107178,0.2111242413520813,0.23006,0.2383,0.01418,0.025,0.50334,0.5093,0.35578,0.359,928.6694543021066,18215.696057128906
2023-08-22 14:47:15.740187,288.0,0.4848657659426027,0.4739131897687912,0.66306,0.6572,0.20835381746292114,0.23489892482757568,0.22924,0.2664,0.01266,0.0212,0.5072,0.5241,0.35448,0.3882,904.7617029462542,14293.688092041015
2023-08-22 14:48:07.634157,289.0,0.4870161617896995,0.4811954826116562,0.65892,0.6573,0.20398373901844025,0.2130107283592224,0.22816,0.2378,0.01354,0.0144,0.50356,0.5116,0.35342,0.3633,1012.2731944492886,20525.90146560669
2023-08-22 14:49:08.389183,290.0,0.4870664484950961,0.47463123351335523,0.65998,0.6549,0.20281073451042175,0.22225970029830933,0.23144,0.2616,0.01376,0.0201,0.50228,0.5177,0.35274,0.3805,858.7142996496084,17498.323612213135
2023-08-22 14:50:06.631158,291.0,0.48775881772138635,0.4745383210480213,0.65742,0.6679,0.20247846841812134,0.22342684864997864,0.2292,0.2396,0.01348,0.0162,0.50248,0.519,0.35234,0.3673,896.6691290407765,16304.659395599365
2023-08-22 14:51:11.377028,292.0,0.4870504405425519,0.48618763610720633,0.6608,0.6475,0.20578111708164215,0.2000655233860016,0.229,0.2417,0.013,0.0204,0.5048,0.5001,0.35386,0.361,801.5077111380441,20470.810190582277
2023-08-22 14:52:09.074172,293.0,0.4843523219531896,0.4811847284436226,0.66168,0.6565,0.20853838324546814,0.213420569896698,0.23072,0.2493,0.0141,0.0198,0.50772,0.5104,0.3556,0.3651,903.516588249985,14162.780368041993
2023-08-22 14:53:07.388356,294.0,0.4848404011251975,0.47515263482928277,0.66192,0.6606,0.20661845803260803,0.22856757044792175,0.23124,0.2505,0.01436,0.023,0.50608,0.5198,0.35664,0.3764,895.8606196812221,18067.701748657226
2023-08-22 14:54:10.599033,295.0,0.4850289362425707,0.48081777468323705,0.66126,0.6546,0.20568934082984924,0.21786943078041077,0.23102,0.2534,0.01482,0.019,0.50528,0.5132,0.35532,0.3708,826.8635172162737,15186.201482391358
2023-08-22 14:55:14.329723,296.0,0.48613043585602117,0.47706127539277077,0.65994,0.6521,0.20506343245506287,0.22003212571144104,0.22998,0.2639,0.01364,0.0207,0.5045,0.5142,0.3558,0.3785,814.9736258059132,17418.289588928223
2023-08-22 14:56:13.484593,297.0,0.4854957347317618,0.47449989765882494,0.66184,0.6619,0.21002617478370667,0.22336432337760925,0.23044,0.2542,0.01348,0.0159,0.50744,0.5196,0.35438,0.376,881.3619032100755,16806.001042175292
2023-08-22 14:57:15.199716,298.0,0.4870504580286084,0.46752655059099196,0.66066,0.6683,0.20565974712371826,0.23522940278053284,0.2296,0.2605,0.01474,0.0183,0.50504,0.5271,0.35404,0.3833,845.1156735322913,15190.641948699951
2023-08-22 14:58:06.110111,299.0,0.487769819035822,0.47455119490623476,0.65718,0.659,0.20519372820854187,0.22159624099731445,0.22856,0.2622,0.01392,0.0199,0.5043,0.5162,0.3535,0.3765,1039.5972260455696,14451.563957977294
2023-08-22 14:58:55.956785,300.0,0.48645794467658415,0.48064177930355073,0.66054,0.6612,0.20522737503051758,0.21992430090904236,0.22994,0.2509,0.01404,0.0184,0.5046,0.515,0.35564,0.3763,1071.9421247365524,14771.617707824707
2023-08-22 14:59:55.358783,301.0,0.48558841448049156,0.4688421480357647,0.66214,0.6755,0.20566073060035706,0.23595981299877167,0.22958,0.248,0.01434,0.0168,0.5052,0.5287,0.35362,0.3748,884.6260530899982,16108.961093902588
2023-08-22 15:01:02.067957,302.0,0.48507282518002454,0.4696245387196541,0.66458,0.6674,0.20748445391654968,0.23540550470352173,0.22974,0.26,0.01352,0.0205,0.50624,0.5237,0.35446,0.3841,772.9494577524613,14640.0188331604
2023-08-22 15:02:07.743133,303.0,0.48296493535139123,0.4697477862238884,0.66312,0.6695,0.21213656663894653,0.2266327142715454,0.22992,0.2513,0.01404,0.0167,0.50954,0.5188,0.35802,0.3733,791.2885173875459,15193.8021484375
2023-08-22 15:03:10.040283,304.0,0.48596709784196346,0.47654692456126213,0.65966,0.66,0.20369988679885864,0.22734570503234863,0.22926,0.2621,0.01396,0.0229,0.5032,0.5166,0.3541,0.3848,841.4293653527085,16767.140438079834
2023-08-22 15:04:15.939062,305.0,0.4854257959796458,0.47157661989331245,0.66274,0.6659,0.20793168246746063,0.2310585081577301,0.22966,0.2584,0.01372,0.0169,0.50646,0.521,0.35328,0.3783,786.2956725140007,18682.579748535158
2023-08-22 15:05:15.777626,306.0,0.4851353998695101,0.49167940467596055,0.66054,0.6414,0.20596450567245483,0.19909286499023438,0.23222,0.2503,0.01358,0.0301,0.50458,0.4995,0.35762,0.3627,878.2783013168646,15324.792725372314
2023-08-22 15:06:18.845954,307.0,0.4858472961552289,0.47979160472750665,0.6602,0.6583,0.2067325860261917,0.22256684303283691,0.23128,0.2562,0.01402,0.0217,0.50544,0.5184,0.35688,0.3743,823.7403077106087,15642.72906036377
2023-08-22 15:07:26.056357,308.0,0.4856492224700597,0.4653636060655117,0.66086,0.6731,0.20529842376708984,0.23540091514587402,0.23126,0.2614,0.01316,0.0188,0.50456,0.5263,0.35552,0.3878,766.9262245333924,15022.32056350708
2023-08-22 15:08:21.863283,309.0,0.4849507851260049,0.4755259953439236,0.6637,0.6602,0.2112303227186203,0.22339880466461182,0.23118,0.257,0.01384,0.0169,0.5088,0.5189,0.35846,0.3793,936.8979516321299,19916.500812530518
2023-08-22 15:09:11.014587,310.0,0.4840545404930504,0.4787692092359066,0.66408,0.6553,0.21037477254867554,0.22664406895637512,0.23316,0.2575,0.01372,0.02,0.5076,0.5192,0.3564,0.3795,1077.737771092629,14178.05608215332
2023-08-22 15:10:17.554726,311.0,0.4845109606275753,0.47177077606320383,0.66004,0.6682,0.207577645778656,0.2282603681087494,0.23224,0.249,0.01394,0.0159,0.5064,0.5217,0.35794,0.3738,782.4237101029377,18255.664404296876
2023-08-22 15:11:13.094401,312.0,0.482524859509906,0.475947904586792,0.66616,0.6648,0.21105825901031494,0.21414047479629517,0.23194,0.2399,0.0144,0.017,0.5094,0.51,0.35922,0.3672,935.2040517378827,13795.918746185303
2023-08-22 15:12:04.114760,313.0,0.483792639660592,0.48802434131503103,0.66366,0.6467,0.21190151572227478,0.2148115038871765,0.22914,0.2615,0.01326,0.0234,0.5089,0.5095,0.3571,0.3763,1031.2862263115085,20957.50681838989
2023-08-22 15:13:07.951071,314.0,0.48479446783965946,0.47209240198135377,0.66284,0.6629,0.2067282497882843,0.23390378057956696,0.23048,0.2628,0.01368,0.0188,0.50608,0.5276,0.35496,0.3838,809.9276475711745,20369.887191009522
2023-08-22 15:14:06.881900,315.0,0.4846040237010742,0.4760564059019089,0.66312,0.6687,0.20856916904449463,0.21884426474571228,0.231,0.2405,0.01376,0.0163,0.50736,0.5157,0.35784,0.3631,895.2356519893724,19571.5264541626
2023-08-22 15:15:02.341564,316.0,0.4833957464719305,0.48065735027194023,0.66372,0.6507,0.2097339630126953,0.22049441933631897,0.2337,0.2593,0.01454,0.0232,0.50842,0.5149,0.35892,0.3762,946.3179863131776,19593.070738983155
2023-08-22 15:16:10.047804,317.0,0.4863411314329322,0.4780288107693195,0.65952,0.6565,0.20870783925056458,0.21895289421081543,0.22712,0.255,0.01396,0.0209,0.5067,0.5135,0.35506,0.3718,760.8392516155632,18475.214009857176
2023-08-22 15:17:05.548862,318.0,0.4805543731365885,0.4638787508010864,0.66674,0.6708,0.21262365579605103,0.24367763102054596,0.23518,0.2578,0.0144,0.0216,0.51084,0.5326,0.3605,0.3833,948.2989196777344,16248.503485107422
2023-08-22 15:17:52.131108,319.0,0.4825491333494381,0.47449092790484426,0.66528,0.6652,0.21211165189743042,0.21939712762832642,0.23112,0.2514,0.0142,0.0153,0.5102,0.5169,0.35746,0.3733,1132.1899059840612,22551.177598571776
2023-08-22 15:18:49.203780,320.0,0.4842845647006619,0.4714543417096138,0.66362,0.667,0.21308879554271698,0.23021629452705383,0.23052,0.2608,0.01458,0.0202,0.51028,0.5236,0.35938,0.3837,916.15984391193,16598.576106262208
2023-08-22 15:19:54.814355,321.0,0.4820281274768771,0.4854777634143829,0.66532,0.6568,0.2134404182434082,0.21073171496391296,0.23284,0.2461,0.01396,0.0229,0.51024,0.5088,0.35922,0.3632,790.3730657927844,14270.09601135254
2023-08-22 15:21:00.377448,322.0,0.48462256241817864,0.4771462082862854,0.66352,0.6599,0.20667536556720734,0.22248762845993042,0.23204,0.2463,0.01312,0.0218,0.50618,0.5154,0.3556,0.3718,789.3262728477011,13084.871422576904
2023-08-22 15:21:59.896769,323.0,0.48529800407740536,0.47380947768688203,0.66176,0.6568,0.2084026038646698,0.23401090502738953,0.23098,0.2699,0.01384,0.0257,0.50676,0.5229,0.35726,0.3921,875.7695093738789,18545.97300720215
2023-08-22 15:22:56.534723,324.0,0.4824437939999055,0.47265559881925584,0.66514,0.6676,0.21103692054748535,0.2188723087310791,0.2355,0.2422,0.01408,0.0175,0.5087,0.5147,0.36228,0.3664,919.6466918478206,20210.71805267334
2023-08-22 15:23:51.749964,325.0,0.48178467504224,0.480195426940918,0.66482,0.6502,0.21309509873390198,0.22402545809745789,0.23318,0.2622,0.0144,0.0235,0.51116,0.5148,0.35948,0.3789,942.7606553058235,15388.450005340575
2023-08-22 15:24:48.751242,326.0,0.48287262706732265,0.47612342014908793,0.66378,0.66,0.21162816882133484,0.2270117998123169,0.23182,0.2636,0.01418,0.0209,0.50874,0.5197,0.35766,0.3804,918.7083674839565,17437.810291290283
2023-08-22 15:25:42.602316,327.0,0.4827318585344723,0.46924769356846807,0.6647,0.6684,0.21259933710098267,0.22592312097549438,0.23396,0.2558,0.01466,0.0214,0.51,0.5208,0.35802,0.3808,964.6596607286103,13781.60244293213
2023-08-22 15:26:37.150984,328.0,0.47963441938770063,0.4914080210030079,0.66936,0.6443,0.21512667834758759,0.19991867244243622,0.23376,0.2424,0.01416,0.0254,0.51234,0.5003,0.3609,0.3609,951.1414379976234,22984.34117126465
2023-08-22 15:27:35.874135,329.0,0.48351582230962054,0.4758625961840153,0.66344,0.6645,0.21177268028259277,0.2287941873073578,0.23262,0.2519,0.01386,0.0194,0.50922,0.5225,0.36,0.3754,907.5222709032954,15484.049472808838
2023-08-22 15:28:32.586317,330.0,0.48303585484319805,0.46818273440003394,0.66428,0.6714,0.21408051252365112,0.23178017139434814,0.23202,0.2594,0.01442,0.0176,0.51154,0.5247,0.35968,0.3812,934.6497478095853,16184.877709197997
2023-08-22 15:29:32.207045,331.0,0.4826369332719822,0.46649507284164426,0.66484,0.6652,0.21026869118213654,0.238250270485878,0.23026,0.2598,0.01496,0.0194,0.50844,0.5257,0.358,0.3844,895.0532254588848,13847.720411682129
2023-08-22 15:30:34.669967,332.0,0.48593407185101994,0.4733159713447094,0.66054,0.6642,0.20682579278945923,0.22494015097618103,0.22942,0.2574,0.0139,0.022,0.50596,0.5183,0.35822,0.3803,830.8186436088718,14382.324913024902
2023-08-22 15:31:34.290586,333.0,0.48108447708037433,0.4734498649835587,0.6651,0.662,0.21172447502613068,0.22342413663864136,0.23458,0.2621,0.01428,0.0237,0.5093,0.5176,0.35994,0.38,882.1498406079351,20874.149753570557
2023-08-22 15:32:19.898853,334.0,0.48149497959078574,0.4682594045996666,0.6682,0.6691,0.21386012434959412,0.22971384227275848,0.22994,0.2541,0.01514,0.0167,0.51154,0.5249,0.3589,0.3766,1159.1123229824766,23573.917277526856
2023-08-22 15:33:11.980098,335.0,0.48106190364579765,0.4721664100885391,0.66698,0.6599,0.21478289365768433,0.2269619256258011,0.2337,0.2616,0.01414,0.0247,0.51154,0.5205,0.35996,0.379,1013.9125419928104,15667.489124298096
2023-08-22 15:34:11.758203,336.0,0.4810156720329304,0.4835133492946625,0.6656,0.6492,0.212398499250412,0.2030835747718811,0.23492,0.2427,0.01386,0.0145,0.51,0.5031,0.36128,0.3618,880.6487196318957,16826.978868103026
2023-08-22 15:35:05.238256,337.0,0.4802092845950808,0.47177149578928945,0.6665,0.6676,0.21505850553512573,0.23546481132507324,0.23424,0.2568,0.01412,0.0169,0.51176,0.5252,0.36168,0.3816,977.5360431281888,19196.901595306397
2023-08-22 15:36:05.350575,338.0,0.48113965091048455,0.4733466573059559,0.66664,0.661,0.2145797610282898,0.23513837158679962,0.23488,0.2654,0.01372,0.0199,0.51214,0.5256,0.36184,0.3843,882.9371587792222,16347.498802185059
2023-08-22 15:37:01.844240,339.0,0.48013526794253564,0.46735178157687185,0.66708,0.6733,0.21291738748550415,0.23447385430335999,0.2337,0.2555,0.01418,0.0194,0.51086,0.5255,0.36068,0.3802,945.0943642441107,14513.330212402343
2023-08-22 15:37:59.009571,340.0,0.4813584902760934,0.46431928128004074,0.66556,0.6731,0.21329756081104279,0.23513701558113098,0.2327,0.2543,0.0149,0.0187,0.5107,0.5298,0.36074,0.3761,931.3817982576331,16910.590138244628
2023-08-22 15:38:58.240543,341.0,0.4780040013850952,0.4728330373764038,0.66842,0.6612,0.21752172708511353,0.23742032051086426,0.23696,0.2643,0.01478,0.0182,0.51496,0.5272,0.3611,0.3825,881.1044510821907,18809.65397949219
2023-08-22 15:39:54.529068,342.0,0.47924090967494615,0.47898942083120344,0.6692,0.6623,0.2160463035106659,0.21675673127174377,0.2347,0.2333,0.01414,0.0187,0.51296,0.5147,0.36152,0.3653,925.3688819262446,17939.559410095215
2023-08-22 15:40:41.615056,343.0,0.4790145035605041,0.4723570547997952,0.67018,0.6612,0.21710479259490967,0.23013192415237427,0.2347,0.2622,0.01568,0.02,0.51422,0.5232,0.3609,0.3843,1123.5011288389867,19817.240520477295
2023-08-22 15:41:34.098532,344.0,0.4828199040220708,0.47209281772375106,0.66382,0.6659,0.21198245882987976,0.21970626711845398,0.23158,0.2499,0.0144,0.0193,0.50962,0.515,0.36028,0.3705,1016.3858551492497,18800.08322906494
2023-08-22 15:42:34.718628,345.0,0.4803808915371798,0.46627825051546096,0.66718,0.6699,0.212839737534523,0.2427111268043518,0.23102,0.2643,0.01446,0.0205,0.51108,0.5317,0.36068,0.3916,866.1475296020508,18177.290676116943
2023-08-22 15:43:23.357186,346.0,0.4791284454416256,0.4707686059176922,0.66594,0.6588,0.2118980884552002,0.23236018419265747,0.23604,0.2737,0.01496,0.0228,0.50986,0.5235,0.36268,0.3908,1093.397131238665,15798.920502471923
2023-08-22 15:44:16.035222,347.0,0.48112083621779267,0.4862902440130711,0.66632,0.6456,0.2143179327249527,0.21289050579071045,0.23386,0.2519,0.01434,0.016,0.51144,0.5115,0.36182,0.3726,1015.0716787065778,20112.700164794922
2023-08-22 15:45:10.844027,348.0,0.480410100854173,0.48695326820015905,0.66684,0.647,0.21515032649040222,0.22070041298866272,0.23424,0.2637,0.0141,0.0222,0.51226,0.514,0.36064,0.3857,952.5714081744759,16525.455123901367
2023-08-22 15:46:12.986541,349.0,0.4782954331259338,0.4720382772386074,0.66812,0.6655,0.22125571966171265,0.2356814742088318,0.23556,0.2586,0.01448,0.0165,0.51702,0.5272,0.3647,0.3843,839.5557075033382,18957.856775665285
2023-08-22 15:47:11.743098,350.0,0.4797242723253308,0.4735508918762207,0.66646,0.6605,0.2174728512763977,0.23707371950149536,0.23748,0.268,0.01424,0.0217,0.51354,0.5229,0.36174,0.388,896.9289197337871,14266.707373809815
2023-08-22 15:48:08.979050,351.0,0.4791423295225416,0.4710721656680107,0.6674,0.6682,0.21729451417922974,0.22194144129753113,0.23756,0.24,0.01432,0.0128,0.51378,0.5187,0.36286,0.3724,910.5164729527065,18006.934604644775
2023-08-22 15:49:01.008371,352.0,0.4788813099873309,0.4659412853419781,0.66804,0.6716,0.21583759784698486,0.23866841197013855,0.23616,0.2528,0.01452,0.0185,0.51284,0.5306,0.36436,0.3799,1012.3605739827059,16260.463359069825
2023-08-22 15:50:02.558213,353.0,0.4774449724628001,0.4686997070908546,0.6705,0.6639,0.21903136372566223,0.23886153101921082,0.23632,0.2481,0.0147,0.0139,0.51528,0.5278,0.36462,0.3819,845.73675264631,17127.46414337158
2023-08-22 15:50:57.988051,354.0,0.47930048223660915,0.46464979723095895,0.6661,0.6717,0.2148422747850418,0.23371662199497223,0.23578,0.2582,0.0146,0.0194,0.51272,0.5229,0.36218,0.3813,937.8945173146774,17979.839260864257
2023-08-22 15:51:46.141194,355.0,0.47767886717100533,0.471675992757082,0.66692,0.665,0.2192554622888565,0.22545576095581055,0.23724,0.2591,0.01478,0.0209,0.5151,0.5178,0.3648,0.3822,1103.0037667410713,21881.700798034668
2023-08-22 15:52:38.915028,356.0,0.47715119622191604,0.46243713423609734,0.67168,0.6701,0.21980610489845276,0.2419969141483307,0.23692,0.2615,0.0153,0.0213,0.51472,0.5317,0.3645,0.3875,1017.7208801580936,18161.018366241457
2023-08-22 15:53:32.918387,357.0,0.4802528922351039,0.4697828210890293,0.66474,0.6634,0.21459920704364777,0.23527979850769043,0.23582,0.2611,0.01474,0.0239,0.5114,0.5246,0.36478,0.3821,978.8723955738301,19790.944396972656
2023-08-22 15:54:28.983042,358.0,0.47885834136787725,0.4642076641321182,0.66948,0.6728,0.21533997356891632,0.23614943027496338,0.23776,0.2548,0.01458,0.0174,0.51228,0.5286,0.36422,0.3794,946.3393524325624,20279.791494750978
2023-08-22 15:55:14.722145,359.0,0.4774312151938069,0.47085451483726504,0.6689,0.6663,0.21579664945602417,0.23316937685012817,0.23716,0.2608,0.01388,0.0185,0.51242,0.5236,0.36402,0.381,1154.2864877350476,17410.93745880127
2023-08-22 15:56:06.332812,360.0,0.4746241415945851,0.47957508862018583,0.67258,0.6501,0.2253170758485794,0.2105654999613762,0.2393,0.2497,0.01446,0.0178,0.5199,0.5082,0.36646,0.3688,1020.5766178053252,15929.847706604003
2023-08-22 15:57:12.338147,361.0,0.47742220455286455,0.4848308190703392,0.67,0.6479,0.2200104296207428,0.21930867433547974,0.23812,0.2683,0.01418,0.0224,0.51588,0.512,0.3664,0.3789,784.5767383186185,19012.0972366333
2023-08-22 15:58:06.258770,362.0,0.4772637310076733,0.4623674228787422,0.66966,0.6724,0.21849054098129272,0.24129077792167664,0.237,0.2698,0.0156,0.02,0.51574,0.5302,0.36484,0.3916,961.3099957680215,20524.544338989257
2023-08-22 15:58:56.165263,363.0,0.47458505676108964,0.4731678873300552,0.67256,0.659,0.22202402353286743,0.21801498532295227,0.23806,0.2523,0.01556,0.0202,0.51772,0.5135,0.36648,0.3782,1053.1838568862604,18155.132511138916
2023-08-22 15:59:41.607269,364.0,0.4795065862791879,0.46277953758835794,0.66582,0.6753,0.2160654067993164,0.23776018619537354,0.23514,0.2601,0.01378,0.016,0.51278,0.5301,0.3622,0.3839,1154.0152522495814,19379.27714920044
2023-08-22 16:00:29.638805,365.0,0.47710737464379294,0.45918716937303544,0.6698,0.6785,0.21792548894882202,0.25210247933864594,0.23806,0.2668,0.01468,0.02,0.51422,0.5382,0.36456,0.3876,1098.2122986462653,17737.789275360108
2023-08-22 16:01:27.286780,366.0,0.47893728118161766,0.459904782474041,0.66832,0.6762,0.21767988801002502,0.24527737498283386,0.23512,0.2681,0.01446,0.0187,0.5147,0.5353,0.3632,0.3886,923.6433882421377,17873.584531402586
2023-08-22 16:02:20.972299,367.0,0.47481806348172984,0.4721149280667305,0.67178,0.6615,0.22418662905693054,0.22533303499221802,0.2408,0.2537,0.01486,0.0146,0.51882,0.5194,0.36674,0.376,990.4434962369958,20598.859909820556
2023-08-22 16:03:15.202848,368.0,0.4774535763628629,0.4680429853498936,0.66954,0.6673,0.2209814190864563,0.23024165630340576,0.2362,0.2606,0.01526,0.0213,0.51622,0.524,0.36374,0.379,957.5473445970185,15621.431671142578
2023-08-22 16:04:02.599312,369.0,0.4758220246555854,0.4712136335670948,0.67192,0.6638,0.22334393858909607,0.23732522130012512,0.23824,0.2663,0.01474,0.0206,0.5183,0.5257,0.3678,0.3864,1116.5407773231973,16677.55904006958
2023-08-22 16:04:48.980090,370.0,0.4786449050416752,0.4713927872478962,0.66744,0.6656,0.21650800108909607,0.22895759344100952,0.23676,0.26,0.0149,0.0178,0.51304,0.5233,0.36464,0.378,1138.454257575833,18482.839141082764
2023-08-22 16:05:37.924590,371.0,0.477397658387009,0.4622823275625706,0.66858,0.6774,0.21914109587669373,0.2423948347568512,0.2383,0.2646,0.0148,0.0207,0.51484,0.53,0.36506,0.3904,1074.1418826044821,22147.096618652344
2023-08-22 16:06:32.808524,372.0,0.4791738590111538,0.46283685266971586,0.66758,0.6777,0.2164989858865738,0.24382361769676208,0.23638,0.2579,0.01458,0.0208,0.51418,0.5335,0.3648,0.3893,955.6841530313297,18241.684756469727
2023-08-22 16:07:30.848267,373.0,0.4756159128583207,0.4601461350917816,0.66974,0.6789,0.2228897139430046,0.25439146161079407,0.238,0.2705,0.015,0.024,0.51816,0.5435,0.36838,0.3971,905.3999517791125,17511.494764709474
2023-08-22 16:08:30.296786,374.0,0.47585110959349847,0.47348840460181235,0.67122,0.6643,0.22141903638839722,0.22368836402893066,0.2382,0.2503,0.0151,0.0173,0.51698,0.5181,0.36578,0.3763,900.1312297120386,15073.7217338562
2023-08-22 16:09:24.146936,375.0,0.47611531615257263,0.4626616597175598,0.6712,0.6725,0.22127681970596313,0.24240273237228394,0.23578,0.2683,0.016,0.0179,0.51762,0.5303,0.36456,0.3877,993.5391126360212,19901.185878753662
2023-08-22 16:10:10.009550,376.0,0.4771502247574378,0.4737768717110157,0.6697,0.6564,0.22018975019454956,0.22968202829360962,0.2355,0.2664,0.0147,0.0212,0.5161,0.5235,0.36606,0.3844,1148.1425378760514,17496.777349090575
2023-08-22 16:11:01.344063,377.0,0.47579529440524626,0.46341281458735467,0.67144,0.6751,0.22132918238639832,0.2392037808895111,0.23932,0.2603,0.01498,0.0181,0.5173,0.5296,0.36674,0.3824,1028.4766907983897,19345.723125457764
2023-08-22 16:11:53.956225,378.0,0.47540573836589345,0.47094348073005676,0.67142,0.6602,0.22266638278961182,0.2385125756263733,0.23774,0.2715,0.01458,0.0208,0.51846,0.5269,0.36648,0.3886,994.1650331458267,17506.734352874755
2023-08-22 16:12:48.712872,379.0,0.476829289781804,0.47026470527052877,0.67132,0.6663,0.22007113695144653,0.22780221700668335,0.2396,0.2622,0.01424,0.0212,0.51738,0.5219,0.36634,0.3842,960.0178207086057,19036.250046539306
2023-08-22 16:13:37.654082,380.0,0.4785542004570669,0.46887617334723475,0.66806,0.6661,0.21766212582588196,0.23429745435714722,0.23526,0.2575,0.01542,0.0163,0.51422,0.5247,0.36376,0.3807,1081.470170857955,20361.914807128906
2023-08-22 16:14:26.546237,381.0,0.47598334903619727,0.47255510836839676,0.67326,0.6637,0.2214626967906952,0.21905091404914856,0.23728,0.2454,0.01548,0.0205,0.51668,0.5153,0.36502,0.3666,1087.6380783392458,18712.285179901122
2023-08-22 16:15:17.833893,382.0,0.47733480179188204,0.46378177776932716,0.66968,0.6713,0.21917274594306946,0.2433512955904007,0.23628,0.2675,0.01446,0.02,0.51604,0.5303,0.36444,0.3912,1034.0372161865234,14410.327655029298
2023-08-22 16:16:16.099519,383.0,0.4767257566658818,0.5083230637013912,0.66904,0.6288,0.22191345691680908,0.1779405176639557,0.24062,0.2398,0.01526,0.0266,0.51646,0.4844,0.36528,0.3521,896.4061235700335,14776.480396270752
2023-08-22 16:17:11.659374,384.0,0.47535222844809905,0.4713564820587635,0.67244,0.6702,0.22439682483673096,0.22491201758384705,0.24168,0.2537,0.01492,0.0179,0.519,0.5193,0.36972,0.377,948.7159932973434,20246.50403213501
2023-08-22 16:18:07.905363,385.0,0.476352441675809,0.47064887508749964,0.67218,0.6655,0.22093313932418823,0.22218893468379974,0.23658,0.2514,0.01482,0.0205,0.5161,0.518,0.36392,0.3728,929.8309854001415,13883.924964904785
2023-08-22 16:19:05.799449,386.0,0.4740113231296442,0.46422056257724764,0.67164,0.6724,0.22619663178920746,0.24008360505104065,0.24114,0.2643,0.01448,0.021,0.51996,0.5276,0.36982,0.3847,901.7106725731675,20924.537114715575
2023-08-22 16:19:55.586695,387.0,0.47325704763738474,0.46776821166276933,0.67492,0.6641,0.22677746415138245,0.23938709497451782,0.24118,0.2689,0.01458,0.0182,0.5225,0.5264,0.37018,0.3916,1059.7054611517458,16918.26748123169
2023-08-22 16:20:51.151121,388.0,0.4756138114904871,0.4698661297559738,0.67354,0.6685,0.21994927525520325,0.23775506019592285,0.23846,0.2683,0.01496,0.0226,0.51604,0.5249,0.36502,0.39,941.7909713278011,16033.89689025879
2023-08-22 16:21:39.037602,389.0,0.4744722341396371,0.4654945023357868,0.67414,0.6768,0.21992671489715576,0.24007686972618103,0.2403,0.258,0.01476,0.0181,0.51514,0.5289,0.3658,0.3818,1110.1043221609932,14900.26541519165
2023-08-22 16:22:42.671615,390.0,0.4762645108359201,0.48973618522286416,0.67052,0.6493,0.22238826751708984,0.19891338050365448,0.23938,0.239,0.01546,0.0155,0.51706,0.4993,0.36708,0.357,814.9879900095414,18179.985417175292
2023-08-22 16:23:34.022381,391.0,0.476177984050342,0.4725308775901794,0.67202,0.6675,0.22210770845413208,0.2276243418455124,0.23922,0.2477,0.0149,0.018,0.51828,0.5218,0.36816,0.371,1028.944294365085,18970.783039855956
2023-08-22 16:24:20.744789,392.0,0.4752578116497215,0.4780209943652153,0.67146,0.6454,0.22008538246154785,0.223621666431427,0.24008,0.2724,0.0151,0.0228,0.51708,0.5122,0.36654,0.387,1121.8405208198392,20525.750393676757
2023-08-22 16:25:20.115643,393.0,0.4765137453772584,0.4704800806939602,0.6703,0.6708,0.2206832766532898,0.22891676425933838,0.23916,0.248,0.01456,0.0218,0.517,0.5211,0.364,0.3706,879.2978726601114,15952.45245666504
2023-08-22 16:26:14.560290,394.0,0.47449197574537627,0.4612486928701401,0.67456,0.6748,0.22430641949176788,0.2438761591911316,0.23952,0.2616,0.01428,0.0197,0.51868,0.5331,0.36592,0.3879,971.133294241769,16216.61555480957
2023-08-22 16:27:06.841006,395.0,0.4720622995982365,0.4704251281917095,0.67558,0.6615,0.2264595776796341,0.21862384676933289,0.23936,0.2571,0.01494,0.0209,0.52122,0.5127,0.3674,0.3782,1007.6388514771753,20054.38141708374
2023-08-22 16:28:05.798419,396.0,0.47583648045452276,0.46678157299757006,0.67008,0.6734,0.21836590766906738,0.2292017638683319,0.23908,0.2481,0.015,0.0163,0.51576,0.5214,0.36732,0.3762,893.4970916436642,15594.705088806153
2023-08-22 16:29:05.410533,397.0,0.4789975864850745,0.48873359709978104,0.66804,0.6443,0.21780753135681152,0.206510990858078,0.23686,0.2559,0.01548,0.0194,0.51352,0.5051,0.3643,0.3713,872.3411564729652,20386.83291091919
2023-08-22 16:29:53.022930,398.0,0.4755223241387581,0.47296684682369233,0.67336,0.6657,0.2223772406578064,0.22291305661201477,0.23842,0.2488,0.01464,0.0188,0.51748,0.5169,0.36696,0.3745,1109.780504343461,18637.316030120848
2023-08-22 16:30:57.999233,399.0,0.4731606211589307,0.46290957778692243,0.67526,0.6783,0.22444012761116028,0.24177387356758118,0.23898,0.2588,0.0147,0.0199,0.52044,0.5311,0.36858,0.3867,796.4571338575713,13976.012141418458
2023-08-22 16:31:57.049796,400.0,0.47398567002038566,0.4824404329061508,0.6731,0.6541,0.22420068085193634,0.21430367231369019,0.24204,0.2602,0.01558,0.0301,0.51988,0.5109,0.36824,0.3753,892.3041221462951,21387.051985931397
2023-08-22 16:32:49.048072,401.0,0.4767709561452574,0.47030958980321885,0.67036,0.6619,0.21737919747829437,0.23501069843769073,0.23808,0.2606,0.01478,0.0256,0.51496,0.5248,0.3646,0.3834,1012.4451596007056,19048.277657318115
2023-08-22 16:33:46.573760,402.0,0.4745438044168511,0.4662175640463829,0.67332,0.6695,0.2248060554265976,0.2280842363834381,0.24002,0.2465,0.01566,0.0174,0.51928,0.5227,0.36814,0.3689,907.6108207702637,19222.158633422852
2023-08-22 16:34:46.883733,403.0,0.4744426303980302,0.4720690958201885,0.67332,0.6556,0.22245633602142334,0.22766482830047607,0.24004,0.2673,0.01546,0.0224,0.51798,0.5186,0.3668,0.3878,866.3888531898965,18267.43613128662
2023-08-22 16:35:40.852300,404.0,0.4748212664711232,0.47073991745710375,0.67198,0.6653,0.22121784090995789,0.22693127393722534,0.24012,0.2526,0.01454,0.0232,0.51696,0.521,0.36838,0.3719,964.9614738152951,17031.043773651123
2023-08-22 16:36:33.083360,405.0,0.4739924564349408,0.4637270212173462,0.67352,0.6768,0.22203168272972107,0.24280555546283722,0.24022,0.2605,0.01492,0.0192,0.51772,0.5315,0.36888,0.3845,1002.1325284996811,16958.438941192628
2023-08-22 16:37:20.054056,406.0,0.4725465265159704,0.464169130474329,0.6769,0.6719,0.2277335375547409,0.244693785905838,0.2384,0.2682,0.01558,0.0226,0.52202,0.5347,0.37088,0.3895,1123.6757958081305,20949.277537536622
2023-08-22 16:38:14.208044,407.0,0.47261884580461344,0.47002422288060186,0.67582,0.6704,0.22592970728874207,0.23395606875419617,0.2406,0.259,0.01542,0.0183,0.52104,0.5256,0.36988,0.3864,976.3922457013812,17888.017789459227
2023-08-22 16:39:06.246796,408.0,0.4734613570023556,0.49107657968997953,0.67486,0.6495,0.22471624612808228,0.20284253358840942,0.23764,0.2348,0.0147,0.0177,0.51914,0.5026,0.36774,0.3507,1009.9564664412518,19050.361838531495
2023-08-22 16:40:02.426583,409.0,0.4724308816449983,0.46365972235798836,0.67526,0.675,0.2257804572582245,0.23778070509433746,0.23972,0.2571,0.015,0.0195,0.5203,0.5283,0.36886,0.3788,939.9510889637227,18698.683084869386
2023-08-22 16:40:55.394461,410.0,0.4742461263525243,0.47708725482225417,0.6734,0.6601,0.22060397267341614,0.22445008158683777,0.24096,0.2575,0.01632,0.0185,0.51598,0.5166,0.36772,0.3808,1015.091515443763,16329.228995513917
2023-08-22 16:41:50.218258,411.0,0.47275129082251566,0.46934660002589224,0.6727,0.6667,0.22513771057128906,0.23687857389450073,0.2414,0.2564,0.01492,0.0171,0.52004,0.528,0.36924,0.3826,952.6932334121393,15613.41028213501
2023-08-22 16:42:41.016932,412.0,0.4715421639230786,0.4724865101277828,0.6759,0.6666,0.22485396265983582,0.22474336624145508,0.23954,0.2508,0.01636,0.0162,0.52,0.5173,0.36824,0.3776,1036.080815140082,20460.13841094971
2023-08-22 16:43:34.686372,413.0,0.4721063183886664,0.46432351171970365,0.67522,0.6692,0.2247120440006256,0.24113056063652039,0.24226,0.2667,0.0155,0.0181,0.51968,0.5301,0.3701,0.3914,981.739183075574,17286.317036437988
2023-08-22 16:44:32.232946,414.0,0.4740079492330551,0.47039567306637764,0.67408,0.6667,0.22648228704929352,0.22892755270004272,0.23904,0.2657,0.0151,0.0275,0.52084,0.5219,0.36888,0.3887,902.6740774037887,17866.264350128175
2023-08-22 16:45:30.913798,415.0,0.4737001692458075,0.46344511583447456,0.67472,0.6667,0.22157073020935059,0.23313237726688385,0.23968,0.265,0.01524,0.0201,0.51804,0.5255,0.36754,0.3888,912.724833897182,18885.456620025634
2023-08-22 16:46:31.911474,416.0,0.4739927914069623,0.4730022750794888,0.6742,0.6658,0.2236555814743042,0.21511675417423248,0.23918,0.2488,0.0146,0.0176,0.5181,0.5135,0.3679,0.3673,867.3023323526188,14783.744876098634
2023-08-22 16:47:27.014812,417.0,0.47151885196870685,0.46337255984544756,0.67518,0.6793,0.2260042428970337,0.2348194420337677,0.24254,0.2579,0.0155,0.0188,0.52186,0.5281,0.36954,0.3777,950.4180739266532,18349.838105773924
2023-08-22 16:48:22.743849,418.0,0.4753305829909383,0.47485264465212823,0.6722,0.6618,0.22297826409339905,0.23754912614822388,0.237,0.2638,0.01518,0.0201,0.51764,0.5264,0.3654,0.3872,951.6170880064673,16278.769612884522
2023-08-22 16:49:27.707626,419.0,0.47416488978327537,0.4634039096534252,0.67378,0.6697,0.22563746571540833,0.24230337142944336,0.24038,0.2757,0.0149,0.0214,0.52074,0.5301,0.36722,0.3929,793.6081074305943,17517.907402038574
2023-08-22 16:50:16.823269,420.0,0.4703335786352352,0.4654291979968548,0.67812,0.6671,0.22823679447174072,0.2469368875026703,0.24356,0.2698,0.0153,0.0182,0.52372,0.5298,0.37004,0.3936,1076.353695849983,19701.733088684083
2023-08-22 16:51:12.732201,421.0,0.471578766040656,0.4719365708529949,0.6739,0.6564,0.22624534368515015,0.23717057704925537,0.24296,0.2797,0.01586,0.021,0.52104,0.5229,0.37196,0.3943,933.2693317179777,17536.185204315185
2023-08-22 16:52:15.607133,422.0,0.4731739029592397,0.46537777706980704,0.67564,0.6745,0.22562628984451294,0.23650282621383667,0.2424,0.259,0.0161,0.0216,0.519,0.5294,0.37136,0.3832,828.2735652534329,22114.807447814943
2023-08-22 16:53:02.717941,423.0,0.4734954605905377,0.4715705722570419,0.67438,0.6617,0.2259393334388733,0.23442035913467407,0.24042,0.2706,0.0152,0.0231,0.52006,0.5225,0.3688,0.3865,1117.8425459569814,16677.581996154786
2023-08-22 16:53:50.865889,424.0,0.4736446213661408,0.4680845752358437,0.67508,0.667,0.22486594319343567,0.23223719000816345,0.23948,0.2578,0.01618,0.0205,0.52018,0.5253,0.36868,0.3805,1097.0075755216637,21844.684938812257
2023-08-22 16:54:45.897100,425.0,0.4746465497479147,0.46319273114204407,0.67172,0.6666,0.22169575095176697,0.2453562319278717,0.23794,0.2724,0.01586,0.0252,0.51758,0.5328,0.36676,0.3928,969.2710516793387,16510.219942474367
2023-08-22 16:55:38.412184,426.0,0.4735704487075611,0.46178053691983223,0.67324,0.6756,0.22654512524604797,0.2448015809059143,0.24148,0.263,0.01548,0.0185,0.52108,0.5324,0.37038,0.3873,992.0262814735879,20728.00190811157
2023-08-22 16:56:26.739708,427.0,0.473234200355958,0.4877268269658089,0.673,0.6447,0.2217670977115631,0.19458752870559692,0.24026,0.2383,0.01602,0.0227,0.518,0.4954,0.36732,0.3513,1094.4513216602559,21431.604961395264
2023-08-22 16:57:27.923001,428.0,0.47310138068028856,0.46567278206348417,0.67534,0.6719,0.227778822183609,0.23315519094467163,0.2399,0.2616,0.01462,0.023,0.52266,0.5232,0.36844,0.3805,859.5145788387376,15739.054761505127
2023-08-22 16:58:27.455602,429.0,0.47163092177741384,0.46899021714925765,0.67588,0.669,0.22711125016212463,0.2320474088191986,0.24186,0.2503,0.01636,0.0178,0.5211,0.5243,0.36996,0.3764,892.6625554610272,17489.31139450073
2023-08-22 16:59:21.664914,430.0,0.47206189544225224,0.4812451958656311,0.6755,0.659,0.2269355058670044,0.20555487275123596,0.24104,0.2379,0.01546,0.0188,0.52192,0.5058,0.37142,0.3584,965.2233452310368,16247.3936668396
2023-08-22 17:00:25.667717,431.0,0.47081541315633424,0.46188548654317857,0.67802,0.6731,0.22536888718605042,0.2442665696144104,0.2423,0.2735,0.01596,0.0247,0.52102,0.5312,0.37248,0.3945,811.7312204010633,15052.461239624023
2023-08-22 17:01:24.994607,432.0,0.4710091302285389,0.4837287671864033,0.67428,0.6511,0.22754541039466858,0.19762438535690308,0.2439,0.2385,0.01542,0.0187,0.5222,0.4991,0.37078,0.3553,884.2664594066387,18505.331491851808
2023-08-22 17:02:15.770580,433.0,0.4747279070469798,0.4678800657391548,0.67168,0.6657,0.2237555980682373,0.23193342983722687,0.23908,0.2669,0.01566,0.0255,0.51944,0.5223,0.3677,0.3856,1034.7205270261181,14664.496509552002
2023-08-22 17:03:15.694702,434.0,0.4709194241737833,0.46503351256251335,0.67812,0.6594,0.22592514753341675,0.24058058857917786,0.24166,0.2783,0.01552,0.0239,0.5219,0.5278,0.36956,0.3947,865.211401647451,20130.30527267456
2023-08-22 17:04:04.901325,435.0,0.4720713097830208,0.4639247201383114,0.67528,0.672,0.22638604044914246,0.23850861191749573,0.2391,0.2663,0.01476,0.021,0.52218,0.5298,0.36716,0.3874,1074.719044977305,19666.41569290161
2023-08-22 17:04:54.391182,436.0,0.4708551516642376,0.4686055421829224,0.6772,0.6669,0.22629129886627197,0.24201032519340515,0.24066,0.2762,0.01566,0.0268,0.52192,0.5296,0.36942,0.3933,1063.131563459124,21041.01958694458
2023-08-22 17:05:43.586910,437.0,0.47195792654339147,0.4713538385927677,0.67302,0.6597,0.22851189970970154,0.23360148072242737,0.2423,0.2744,0.01572,0.0236,0.52204,0.5254,0.3693,0.3876,1067.8488316438636,20719.18263092041
2023-08-22 17:06:35.729914,438.0,0.47234661299355174,0.46163194477558134,0.67444,0.6775,0.22514013946056366,0.24190248548984528,0.24318,0.2666,0.015,0.0168,0.51986,0.5292,0.36922,0.3888,1020.7898136061065,15208.604377746582
2023-08-22 17:07:40.899591,439.0,0.46950413864486074,0.4691999152302742,0.6775,0.6642,0.22844889760017395,0.2342841625213623,0.24354,0.2646,0.0145,0.0177,0.52226,0.5248,0.37314,0.3879,792.8088228653888,16026.67928161621
2023-08-22 17:08:41.418289,440.0,0.4731154292821884,0.45879743099212644,0.6753,0.6764,0.22668850421905518,0.2487606704235077,0.24038,0.2732,0.01542,0.0215,0.52116,0.5357,0.36904,0.3928,862.3296766475755,16545.054892730714
2023-08-22 17:09:30.547346,441.0,0.47346452562784663,0.4694401040673256,0.67306,0.6674,0.22247102856636047,0.2331777811050415,0.241,0.2584,0.01676,0.0201,0.5179,0.5243,0.36926,0.3826,1084.3370209518744,16844.959062957765
2023-08-22 17:10:20.763534,442.0,0.47417359373399187,0.4777857646346092,0.67414,0.6547,0.22476674616336823,0.2188865840435028,0.23922,0.2625,0.01498,0.0283,0.51964,0.514,0.3671,0.3798,1053.2482945189183,16321.470964050293
2023-08-22 17:11:13.783223,443.0,0.47145500125325457,0.4725071854889393,0.6747,0.6596,0.22617116570472717,0.21895265579223633,0.24374,0.2564,0.0154,0.0211,0.52146,0.5133,0.37178,0.3745,983.9556282977669,17704.17021560669
2023-08-22 17:12:15.258907,444.0,0.47210574910348774,0.46634918451309204,0.67582,0.6652,0.2279672771692276,0.23528361320495605,0.24002,0.2668,0.0149,0.0234,0.52162,0.5255,0.3694,0.3867,848.628622405383,17481.24509277344
2023-08-22 17:12:59.993145,445.0,0.4707590016175289,0.4620468683540821,0.67748,0.6749,0.22767896950244904,0.24712878465652466,0.24002,0.2696,0.01468,0.0211,0.52184,0.5328,0.36854,0.3938,1172.5888706129424,19893.98805618286
2023-08-22 17:13:56.809563,446.0,0.47101013012686554,0.47292481288313865,0.67574,0.6535,0.22470131516456604,0.2296695113182068,0.24292,0.279,0.01618,0.0267,0.52046,0.5214,0.37152,0.3925,916.7757040529835,20814.769747161867
2023-08-22 17:14:46.677591,447.0,0.47405015753240004,0.45971802398562434,0.67392,0.6807,0.2253100872039795,0.24188688397407532,0.23988,0.2613,0.01526,0.0167,0.52016,0.5313,0.36844,0.3861,1058.4453990702727,17489.00881652832
2023-08-22 17:15:39.263145,448.0,0.47259884297239535,0.46810976788401604,0.67448,0.6667,0.2253570854663849,0.24312181770801544,0.24122,0.2768,0.0151,0.0239,0.52076,0.5279,0.36934,0.3963,992.3400072370257,21634.72407684326
2023-08-22 17:16:28.970277,449.0,0.4712391871274734,0.462968697398901,0.67518,0.6663,0.22732606530189514,0.24792063236236572,0.24286,0.2792,0.0155,0.0227,0.5224,0.5324,0.36866,0.3973,1061.2087768243284,19356.70171508789
2023-08-22 17:17:19.327046,450.0,0.4690806484039949,0.4611323647201061,0.67986,0.6718,0.2314915806055069,0.24758034944534302,0.24398,0.2702,0.01536,0.0193,0.52432,0.5355,0.37058,0.3924,1050.8453549754863,20788.253856658936
2023-08-22 17:18:17.939120,451.0,0.47121659210141825,0.4659140855073929,0.67626,0.6693,0.22918358445167542,0.24962911009788513,0.24162,0.2747,0.01558,0.0222,0.52352,0.5354,0.37044,0.3943,897.3346823867487,22406.804081726073
2023-08-22 17:19:05.381912,452.0,0.4712758210240578,0.47125733867287634,0.6767,0.6602,0.22787809371948242,0.23647281527519226,0.24174,0.2698,0.01534,0.0256,0.52246,0.5262,0.37026,0.3843,1107.1090179754763,21929.439195251463
2023-08-22 17:19:59.747044,453.0,0.470928214794519,0.47006529942154884,0.67746,0.6668,0.22725909948349,0.23453223705291748,0.2437,0.2638,0.0152,0.0246,0.5231,0.5246,0.36934,0.385,967.3165189003457,20837.89276046753
2023-08-22 17:20:46.706215,454.0,0.4672771147927459,0.47634619772434234,0.68218,0.6572,0.23346957564353943,0.21509331464767456,0.24376,0.2524,0.01568,0.0237,0.52874,0.5122,0.3748,0.3694,1124.8136054836973,21695.339405059814
2023-08-22 17:21:35.567231,455.0,0.47100248248601445,0.4568956695497036,0.67416,0.6792,0.2284453809261322,0.2542778253555298,0.2422,0.2709,0.01584,0.0199,0.52302,0.5385,0.37312,0.3927,1077.024222549127,21394.779845428468
2023-08-22 17:22:25.977249,456.0,0.46710543319278836,0.4712460830807686,0.68058,0.665,0.23205143213272095,0.23357775807380676,0.24524,0.2706,0.01504,0.0227,0.52618,0.5245,0.3745,0.3901,1043.560120251714,20211.383949279785
2023-08-22 17:23:28.756885,457.0,0.46982236601868455,0.45606350526213646,0.6767,0.6825,0.22836357355117798,0.2494639754295349,0.24226,0.2629,0.01586,0.019,0.5225,0.5356,0.3705,0.393,827.1528769512565,17859.020780944826
2023-08-22 17:24:20.608058,458.0,0.47135187381384325,0.46056374087929725,0.67798,0.6788,0.22980815172195435,0.2463405728340149,0.23948,0.2573,0.0159,0.0184,0.52336,0.5346,0.37042,0.3821,1041.1000486101423,17106.644690704346
2023-08-22 17:25:15.893119,459.0,0.46884871715185594,0.4641923770308495,0.67986,0.6697,0.23233318328857422,0.24713435769081116,0.24532,0.2766,0.01554,0.0216,0.5265,0.5316,0.37184,0.3949,948.7648192425163,20668.029847717284
2023-08-22 17:26:15.061903,460.0,0.4710227772593498,0.4632269963622093,0.67496,0.6754,0.2266574203968048,0.2388041913509369,0.2416,0.2602,0.01526,0.0194,0.52142,0.5319,0.37186,0.3867,879.987903050014,19463.553610992432
2023-08-22 17:27:11.567728,461.0,0.4682503967564933,0.4664760999381542,0.67814,0.6726,0.2309081256389618,0.23798665404319763,0.24626,0.2611,0.01562,0.0175,0.52394,0.529,0.37518,0.3884,935.6050257780114,16341.306275939942
2023-08-22 17:28:11.187095,462.0,0.46882664503491656,0.47249572575092313,0.67764,0.6679,0.23113006353378296,0.22474327683448792,0.24242,0.2406,0.01552,0.0168,0.52478,0.5179,0.3726,0.3661,872.9936642549476,21167.562397003174
2023-08-22 17:29:10.800692,463.0,0.4721198465142931,0.4674710527062416,0.67348,0.6704,0.22412621974945068,0.2399614155292511,0.24342,0.2597,0.0164,0.0182,0.52002,0.5274,0.36962,0.3839,874.5416037111867,15952.424200439453
2023-08-22 17:29:58.295437,464.0,0.46944558818121346,0.4819539040327072,0.6782,0.6527,0.22874999046325684,0.21288049221038818,0.24472,0.2581,0.01542,0.0262,0.5234,0.51,0.37418,0.3766,1112.9701292076888,18391.06248626709
2023-08-22 17:30:46.110386,465.0,0.47219949017982094,0.4665691487491131,0.6756,0.6684,0.22846561670303345,0.2322901487350464,0.24202,0.2563,0.01528,0.0218,0.52254,0.5237,0.37064,0.3784,1107.4829050180863,17973.89094772339
2023-08-22 17:31:39.118482,466.0,0.4692141845518229,0.45956774726510047,0.6772,0.6795,0.23344206809997559,0.24610918760299683,0.24266,0.2736,0.01476,0.0241,0.526,0.5335,0.37444,0.3955,982.460218312789,17749.190689086914
2023-08-22 17:32:26.094287,467.0,0.466453918693017,0.4654121190309525,0.6816,0.6727,0.23600925505161285,0.2283901870250702,0.24488,0.2484,0.01622,0.0154,0.52804,0.5237,0.37546,0.3741,1124.0517172521475,17037.595920562744
2023-08-22 17:33:16.691242,468.0,0.46847137687157614,0.4601572617888451,0.68002,0.6761,0.23173686861991882,0.2439267337322235,0.24608,0.2669,0.01572,0.0191,0.52566,0.5314,0.37278,0.3925,1043.5934321345114,17612.223595428466
2023-08-22 17:34:08.538599,469.0,0.46930139739902654,0.46137008890509607,0.67784,0.6761,0.22915709018707275,0.2457829713821411,0.24616,0.2679,0.01466,0.0237,0.5236,0.5307,0.37386,0.3936,1013.1371997911103,19638.39090270996
2023-08-22 17:34:59.685214,470.0,0.46803938749493385,0.48632267490029335,0.6792,0.6485,0.23055285215377808,0.20471011102199554,0.24466,0.2486,0.01644,0.0161,0.52438,0.5047,0.37352,0.3675,1031.3393411441725,17749.095536804198
2023-08-22 17:35:52.529330,471.0,0.46881866272614925,0.46449950635433196,0.67956,0.6753,0.2322540283203125,0.24195772409439087,0.24368,0.2669,0.01502,0.0224,0.52646,0.5319,0.37174,0.3891,1007.3222454616001,16644.09224319458
2023-08-22 17:36:50.204023,472.0,0.4690423861754184,0.46437719613313677,0.67936,0.6753,0.23251058161258698,0.23792201280593872,0.24366,0.2625,0.01534,0.0164,0.52492,0.5282,0.37484,0.3853,909.1548492275939,14538.236029815675
2023-08-22 17:37:43.579191,473.0,0.46813165426862485,0.46248218715190886,0.68022,0.6804,0.23181380331516266,0.2402476966381073,0.24414,0.2608,0.01598,0.0222,0.52612,0.5303,0.37214,0.3823,985.6275210477868,20186.935708618163
2023-08-22 17:38:34.148639,474.0,0.4683857411146164,0.46326213926076887,0.678,0.6756,0.2308764010667801,0.24286122620105743,0.2462,0.2587,0.01554,0.0188,0.5244,0.5325,0.3721,0.3835,1053.0447517706423,15225.041639709472
2023-08-22 17:39:30.934121,475.0,0.47015600575476274,0.4762589029967785,0.6795,0.6583,0.22972699999809265,0.23196007311344147,0.2411,0.2711,0.01546,0.0253,0.52356,0.5235,0.37064,0.3896,925.1973920549665,18173.664408874512
2023-08-22 17:40:31.099115,476.0,0.4682505480488952,0.46450779512524604,0.67852,0.6768,0.23192930221557617,0.2356831282377243,0.2461,0.2565,0.01442,0.0158,0.52556,0.5271,0.37636,0.3812,869.7450087411063,16099.929028320312
2023-08-22 17:41:26.631351,477.0,0.46682950063627593,0.47109694629907606,0.68024,0.6683,0.23557808995246887,0.228669673204422,0.244,0.2585,0.0153,0.0173,0.52738,0.5226,0.3744,0.3824,953.8399701021156,15456.035091400146
2023-08-22 17:42:15.384532,478.0,0.4684521481394768,0.45769517198204995,0.68132,0.6803,0.2338237166404724,0.24609673023223877,0.24372,0.2642,0.01574,0.0164,0.527,0.5354,0.37412,0.3887,1082.3211963420013,17650.080168914796
2023-08-22 17:43:15.870380,479.0,0.4670386542471088,0.4621104210615158,0.6794,0.6656,0.23366141319274902,0.24563419818878174,0.24458,0.2783,0.0162,0.0229,0.52706,0.5312,0.37282,0.3987,864.7935365949359,14884.623472595214
2023-08-22 17:44:19.490746,480.0,0.46816231888167714,0.46257852017879486,0.68128,0.6678,0.23394101858139038,0.24042126536369324,0.24596,0.2735,0.016,0.0239,0.52662,0.5319,0.3737,0.3921,812.3698632376535,18618.104886627196
2023-08-22 17:45:07.198143,481.0,0.46711964281846063,0.49737805426120757,0.67966,0.637,0.2342509627342224,0.1926434338092804,0.2452,0.2442,0.0153,0.0249,0.52664,0.4959,0.37478,0.3579,1117.1286911477848,22685.700601196288
2023-08-22 17:46:00.716732,482.0,0.4683253698203029,0.4657094478607178,0.67784,0.6687,0.23263660073280334,0.2400585412979126,0.24444,0.2533,0.01596,0.0205,0.52548,0.5303,0.37436,0.3846,974.9468572188397,20148.072653198244
2023-08-22 17:46:54.172676,483.0,0.4655178660640911,0.45644999369978906,0.6823,0.6802,0.23502680659294128,0.24784082174301147,0.2474,0.2696,0.01626,0.0226,0.5286,0.5363,0.37738,0.391,976.1006753104074,21120.905256652833
2023-08-22 17:47:45.099384,484.0,0.4677077410172443,0.4756214842200279,0.68038,0.6562,0.2352585792541504,0.22760653495788574,0.2444,0.2706,0.01606,0.0261,0.52768,0.5185,0.37512,0.3831,1033.2984947671696,21279.575246429442
2023-08-22 17:48:32.607775,485.0,0.46848758522953304,0.4715953581035137,0.67962,0.6615,0.2309647798538208,0.23388011753559113,0.24276,0.2677,0.01514,0.0231,0.52502,0.5224,0.37398,0.3869,1113.1287450985033,16451.11544342041
2023-08-22 17:49:25.693443,486.0,0.4681743308901787,0.4643000170588493,0.67942,0.6736,0.2307993769645691,0.2510857582092285,0.24434,0.2681,0.01556,0.0211,0.52524,0.5363,0.37368,0.392,991.8477316875847,17276.522750854492
2023-08-22 17:50:27.873956,487.0,0.4679999632798896,0.4619751699268818,0.68004,0.6799,0.2324254810810089,0.24837565422058105,0.2442,0.2572,0.01646,0.0142,0.52582,0.5365,0.37448,0.3839,832.6821840247329,19650.04794921875
2023-08-22 17:51:15.823341,488.0,0.46764051503672893,0.480105884373188,0.6789,0.6618,0.23663832992315292,0.2083429992198944,0.24522,0.231,0.01662,0.0146,0.52822,0.5073,0.37476,0.3558,1098.8410626625528,20883.997414398193
2023-08-22 17:51:59.858341,489.0,0.46557383893095716,0.45874832198023796,0.6831,0.675,0.23674920201301575,0.2511506676673889,0.24688,0.2718,0.0167,0.0243,0.52906,0.5384,0.3754,0.3962,1188.912326890595,20983.563650512697
2023-08-22 17:52:48.982788,490.0,0.46692902473162634,0.4612251311540604,0.67998,0.6727,0.2323702871799469,0.2468353509902954,0.24678,0.2652,0.01544,0.0179,0.5251,0.5318,0.37326,0.3947,1072.6836105658083,19349.459883880616
2023-08-22 17:53:47.533011,491.0,0.4678583905404928,0.46372474581003187,0.68072,0.6725,0.23227882385253906,0.24422824382781982,0.24332,0.2646,0.015,0.0231,0.52576,0.5327,0.37204,0.3883,888.1195479412468,19348.339958953857
2023-08-22 17:54:34.151667,492.0,0.46722134689287265,0.47096532881259917,0.68086,0.6607,0.234554260969162,0.24020300805568695,0.24638,0.2738,0.0157,0.0219,0.52596,0.5294,0.37626,0.3937,1135.1377674024932,14224.16273574829
2023-08-22 17:55:38.394150,493.0,0.46853872434217103,0.4712814994156361,0.67918,0.6675,0.2315846085548401,0.2277536392211914,0.2436,0.2552,0.01672,0.0174,0.5244,0.5238,0.37294,0.3822,802.1337896074567,15347.450049591065
2023-08-22 17:56:29.476181,494.0,0.47058073309611304,0.46623205840587617,0.67478,0.6712,0.22745966911315918,0.23564323782920837,0.24116,0.2612,0.01562,0.0178,0.52262,0.529,0.37232,0.3891,1032.6106905256,21449.844160461427
2023-08-22 17:57:24.063208,495.0,0.46649187331905173,0.4594416953623295,0.6799,0.684,0.23337067663669586,0.2525878846645355,0.2496,0.2748,0.01604,0.0222,0.526,0.5425,0.3761,0.3927,974.6415560196857,16726.33768386841
2023-08-22 17:58:15.288619,496.0,0.4675987115015789,0.46800222620368004,0.67908,0.6726,0.2324991524219513,0.2319362759590149,0.24392,0.2537,0.01646,0.0152,0.52572,0.5232,0.37328,0.3791,1023.4912102368413,23669.261261749267
2023-08-22 17:59:04.551026,497.0,0.46839966396896204,0.4634895071387291,0.67896,0.6749,0.2341950237751007,0.23558050394058228,0.24462,0.2626,0.01588,0.0281,0.52696,0.5266,0.3715,0.3799,1069.8139562801439,16626.165357971193
2023-08-22 18:00:04.015045,498.0,0.46635304558642054,0.45819212049245833,0.68024,0.68,0.23646920919418335,0.2519233226776123,0.24834,0.2645,0.01684,0.0185,0.52842,0.5382,0.378,0.3924,880.9073822644292,19274.76654586792
2023-08-22 18:00:56.131442,499.0,0.46520303676323016,0.47035703510046006,0.68142,0.6667,0.23709478974342346,0.23031336069107056,0.2475,0.2572,0.01538,0.0245,0.52976,0.5191,0.376,0.3816,1008.9215460018236,17935.504164123537
2023-08-22 18:01:43.404942,500.0,0.4660459790302783,0.4555731683969498,0.68078,0.6819,0.23311513662338257,0.24717509746551514,0.24746,0.2618,0.01522,0.018,0.52676,0.5385,0.37478,0.3881,1111.0512790290677,21169.29715652466
2023-08-22 18:02:42.956338,501.0,0.4687907546758652,0.46326413229107855,0.67786,0.6722,0.2325858175754547,0.23597291111946106,0.24384,0.2718,0.01532,0.0275,0.52544,0.5316,0.3743,0.3893,872.7711791213678,19229.78947982788
2023-08-22 18:03:42.282920,502.0,0.46584262592451914,0.46681628078222276,0.6818,0.6754,0.2348403036594391,0.2364175021648407,0.24804,0.2513,0.01584,0.0184,0.52746,0.528,0.37686,0.3787,879.1726399635781,17577.363973999025
2023-08-22 18:04:37.102535,503.0,0.46970564355047384,0.45965796187520025,0.67668,0.6749,0.2272384613752365,0.2500574439764023,0.24346,0.2697,0.01564,0.0218,0.52236,0.5317,0.3719,0.394,951.832987960504,18403.323468780516
2023-08-22 18:05:26.263507,504.0,0.4680268658058984,0.4549353428184986,0.68054,0.6804,0.23279249668121338,0.25756801664829254,0.2429,0.2785,0.01546,0.0224,0.52642,0.5424,0.37378,0.4032,1073.2565953780195,21171.65463027954
2023-08-22 18:06:13.522421,505.0,0.4661349667882433,0.4688728928565979,0.6808,0.6654,0.23808830976486206,0.23661747574806213,0.24564,0.2794,0.0162,0.0286,0.52968,0.5244,0.37522,0.3938,1114.5830395756936,19423.995677947998
2023-08-22 18:07:03.455028,506.0,0.4677093666122884,0.4725968144834042,0.67982,0.6607,0.23496952652931213,0.2372257262468338,0.2432,0.2703,0.01628,0.0262,0.52716,0.5255,0.37516,0.3899,1054.0795166638434,21990.13998184204
2023-08-22 18:07:54.373109,507.0,0.4673712290063196,0.4741462267935276,0.67998,0.6574,0.23349732160568237,0.2261277139186859,0.24616,0.267,0.01616,0.0206,0.52542,0.5198,0.37604,0.3835,1031.745668995137,19914.773014831542
2023-08-22 18:08:42.234831,508.0,0.46404493402461616,0.4755984991788864,0.68406,0.65,0.23764997720718384,0.2195860743522644,0.24778,0.2613,0.01546,0.0253,0.52926,0.5146,0.37704,0.377,1106.163993991151,14145.031379699707
2023-08-22 18:09:40.238981,509.0,0.46713276146625987,0.47162893787026405,0.68184,0.6637,0.2318369746208191,0.23725219070911407,0.24576,0.2595,0.01566,0.0193,0.5252,0.5284,0.37684,0.3814,899.7234535217285,12617.358341217041
2023-08-22 18:10:36.816837,510.0,0.46891274987434856,0.4683602549135685,0.67878,0.6686,0.23198918998241425,0.22199928760528564,0.24172,0.2537,0.0165,0.0191,0.5257,0.5166,0.37308,0.3738,949.7198884925064,16628.562594604493
2023-08-22 18:11:36.241467,511.0,0.4661489369309678,0.4717774070799351,0.68126,0.6643,0.23508110642433167,0.21874070167541504,0.24712,0.2468,0.01556,0.0195,0.52784,0.5129,0.37534,0.3694,881.7230215267259,20717.839866638184
2023-08-22 18:12:22.602421,512.0,0.4641212918320481,0.46656960919499396,0.68474,0.6705,0.23776623606681824,0.237125426530838,0.2479,0.2643,0.01656,0.0233,0.52842,0.5277,0.37546,0.3821,1141.7658107524016,19607.20029296875
2023-08-22 18:13:09.118817,513.0,0.46691303259255934,0.4699046276509762,0.68138,0.6684,0.2377033531665802,0.23080787062644958,0.24672,0.2562,0.01584,0.0218,0.53022,0.5218,0.37626,0.3787,1142.902594819361,18489.912113189697
2023-08-22 18:14:01.264720,514.0,0.46713627601156427,0.4635317541658878,0.68102,0.6702,0.23153150081634521,0.23719137907028198,0.24522,0.2629,0.01618,0.0229,0.52486,0.5278,0.37392,0.3846,1022.5272965723154,17033.296690368654
2023-08-22 18:15:05.441809,515.0,0.4682473886986168,0.47291077598929404,0.67926,0.6632,0.2311275601387024,0.2274174988269806,0.24584,0.2538,0.01544,0.0201,0.52568,0.5177,0.37484,0.3762,815.1876704936125,16420.478657531738
2023-08-22 18:16:10.221070,516.0,0.4662628278744464,0.4615678109228611,0.67914,0.6774,0.23724979162216187,0.24641922116279602,0.2468,0.273,0.01614,0.0193,0.52898,0.5335,0.37796,0.3947,796.5768314283721,17647.311193847658
2023-08-22 18:17:02.756027,517.0,0.46595913506284053,0.45758340805768966,0.68316,0.6812,0.2316417098045349,0.25136780738830566,0.24914,0.2733,0.01598,0.0233,0.5272,0.5403,0.37568,0.3939,997.1771408392459,21263.59151916504
2023-08-22 18:18:00.959597,518.0,0.464987680924182,0.4657342962920666,0.6844,0.6683,0.23782028257846832,0.23970526456832886,0.2473,0.2674,0.01548,0.0234,0.53026,0.529,0.37762,0.3883,897.2339166913714,16166.264339447021
2023-08-22 18:18:58.900937,519.0,0.46391341637591926,0.46013359501957896,0.6858,0.6812,0.2368449568748474,0.24622660875320435,0.2471,0.2594,0.016,0.0212,0.53016,0.5358,0.37534,0.3878,923.2818731191207,14104.929899597168
2023-08-22 18:19:52.762538,520.0,0.4660170675844562,0.4619625613093376,0.68188,0.6782,0.23526597023010254,0.24605977535247803,0.24652,0.2582,0.01666,0.0162,0.52646,0.5358,0.37678,0.3835,1002.1715468581842,17524.8984916687
2023-08-22 18:20:53.093387,521.0,0.46482937509308053,0.4685127042233944,0.68168,0.6711,0.23553967475891113,0.23234882950782776,0.24712,0.2538,0.01592,0.0224,0.52902,0.523,0.37662,0.3813,876.5302770186444,16944.07197265625
2023-08-22 18:21:41.215376,522.0,0.4651150771853875,0.45521610155701636,0.68338,0.6844,0.2387426495552063,0.25557956099510193,0.2469,0.267,0.01632,0.0191,0.53142,0.5423,0.37734,0.3915,1100.1244530969736,17068.406015014647
2023-08-22 18:22:42.882585,523.0,0.4636545208643894,0.46822349950671194,0.68314,0.6652,0.23751825094223022,0.23543909192085266,0.25002,0.2658,0.01646,0.0255,0.52942,0.5231,0.37934,0.3869,843.1576567669304,13913.947147369385
2023-08-22 18:23:45.618984,524.0,0.4658594770090921,0.45789905562996863,0.68088,0.6844,0.2374649941921234,0.2376873791217804,0.24568,0.2584,0.0152,0.0223,0.52994,0.5312,0.37786,0.3812,825.082554953439,21519.03295135498
2023-08-22 18:24:35.364985,525.0,0.4642431888045097,0.46439763233065606,0.68468,0.668,0.2379644513130188,0.2403009533882141,0.2468,0.2693,0.01592,0.0293,0.52968,0.527,0.37674,0.3891,1063.3779623849052,18078.48713912964
2023-08-22 18:25:22.880524,526.0,0.46668697665540537,0.47255863919854163,0.6813,0.6609,0.2353830635547638,0.2196512222290039,0.24582,0.2524,0.01706,0.0206,0.52692,0.5143,0.37484,0.3749,1101.6486665375378,19629.813759613036
2023-08-22 18:26:11.383220,527.0,0.46517554594545946,0.4617563024163246,0.68302,0.6726,0.23407992720603943,0.2429044544696808,0.24972,0.2612,0.01652,0.0193,0.5275,0.5321,0.37662,0.386,1096.4715460952448,15373.303344726562
2023-08-22 18:27:04.885611,528.0,0.46403723149275294,0.46145718544721603,0.68378,0.6731,0.23712489008903503,0.2487204372882843,0.24878,0.2772,0.015,0.0227,0.53018,0.5347,0.38038,0.3956,981.6147260860521,15161.264270019532
2023-08-22 18:27:55.781861,529.0,0.463394183437435,0.4604061484336853,0.68324,0.6708,0.24011801183223724,0.25169292092323303,0.24818,0.2866,0.01648,0.0248,0.53212,0.5378,0.37836,0.4013,1029.8730805066168,20002.78918762207
2023-08-22 18:28:45.201985,530.0,0.4652711790131063,0.45227441787719724,0.68154,0.6876,0.2342628538608551,0.2567554712295532,0.24594,0.2658,0.0166,0.0193,0.52638,0.5433,0.37634,0.3933,1075.7151984389948,14157.718467712402
2023-08-22 18:29:36.163209,531.0,0.4643450463000609,0.4603845216333866,0.68472,0.6687,0.23638871312141418,0.24938282370567322,0.24858,0.2797,0.01604,0.0222,0.53002,0.5339,0.37794,0.4016,1042.7225512290488,19624.54026184082
2023-08-22 18:30:29.719736,532.0,0.46600281918535424,0.4672240413725376,0.68192,0.6677,0.2355337142944336,0.2312510907649994,0.24726,0.2696,0.01616,0.0276,0.52904,0.5227,0.37686,0.3873,972.5541725158691,13797.922012329102
2023-08-22 18:31:25.428779,533.0,0.4653112565984531,0.45455753803253174,0.6804,0.6849,0.2390802800655365,0.2611442506313324,0.24618,0.268,0.0158,0.021,0.53122,0.5441,0.37686,0.3985,940.9848061386419,18965.983055114746
2023-08-22 18:32:19.083715,534.0,0.4643311380427711,0.4756756328046322,0.68544,0.6583,0.23831495642662048,0.23054195940494537,0.24526,0.2597,0.0154,0.0219,0.5317,0.5224,0.37734,0.3815,967.3532982651068,17932.305699157714
2023-08-22 18:33:20.882039,535.0,0.4675611140472548,0.4697972103953362,0.68026,0.6621,0.23493653535842896,0.23895558714866638,0.24694,0.2711,0.01618,0.024,0.52632,0.5293,0.37454,0.3897,845.7467665380361,21595.191926574706
2023-08-22 18:34:20.569544,536.0,0.46516259714048735,0.47326710149645806,0.68192,0.656,0.23528200387954712,0.22814656794071198,0.2468,0.2628,0.01638,0.0242,0.5288,0.521,0.37646,0.3797,880.0659288678851,15839.78588256836
2023-08-22 18:35:10.163032,537.0,0.4637982418038407,0.46043512150645255,0.68416,0.6751,0.23814350366592407,0.246670201420784,0.24894,0.2693,0.01606,0.0225,0.53016,0.5361,0.37752,0.3887,1083.851426182961,17497.158924865722
2023-08-22 18:36:13.171722,538.0,0.4647979410935421,0.460941231995821,0.68266,0.6735,0.2389412522315979,0.24190190434455872,0.24834,0.2757,0.0164,0.0245,0.53104,0.5313,0.38038,0.3945,822.1958083327936,16046.845272064209
2023-08-22 18:37:07.674283,539.0,0.46645388235243,0.4658489480614662,0.67978,0.6764,0.2358883023262024,0.24300599098205566,0.24738,0.2597,0.01628,0.0205,0.5275,0.5331,0.3759,0.3878,954.6484032455755,17175.708795928957
2023-08-22 18:38:02.340637,540.0,0.4650498107075691,0.46281517669558525,0.68494,0.6756,0.23698514699935913,0.2421635389328003,0.2462,0.2626,0.01664,0.0177,0.5295,0.5329,0.37736,0.3856,949.606181319879,16490.466731262208
2023-08-22 18:38:58.278012,541.0,0.46440902641233134,0.4570943213999271,0.68428,0.6828,0.237440288066864,0.24765872955322266,0.24748,0.268,0.01616,0.0235,0.52942,0.5409,0.37894,0.3937,943.4864714486258,19629.660131072997
2023-08-22 18:39:46.646020,542.0,0.46477628636116886,0.4599087737500668,0.68126,0.6775,0.23914846777915955,0.24873781204223633,0.24798,0.2642,0.01696,0.017,0.53154,0.5376,0.37794,0.3903,1085.5853132909658,19259.679847717285
2023-08-22 18:40:43.258438,543.0,0.46338835328209155,0.46605275124311446,0.68476,0.6691,0.23883533477783203,0.23417404294013977,0.24552,0.2595,0.01614,0.026,0.53186,0.5241,0.3749,0.381,945.1030795817472,18713.254196166992
2023-08-22 18:41:39.313151,544.0,0.46528526365148776,0.4608086846768856,0.68228,0.6752,0.23787930607795715,0.2451072633266449,0.24586,0.2723,0.01608,0.0228,0.52988,0.5334,0.37684,0.3929,939.4258096656021,16530.978173828124
2023-08-22 18:42:40.328303,545.0,0.4643482667755108,0.45626733973622324,0.68188,0.6823,0.23892730474472046,0.252601683139801,0.24702,0.2757,0.01666,0.0222,0.53122,0.5406,0.37944,0.3953,859.0968656734544,14424.728031921386
2023-08-22 18:43:33.998054,546.0,0.46443689903434443,0.4680080287158489,0.68424,0.6665,0.23787608742713928,0.24442735314369202,0.24702,0.2686,0.01674,0.0213,0.53022,0.53,0.3776,0.3929,996.4682263744121,19038.571793365478
2023-08-22 18:44:39.852046,547.0,0.46542379412115836,0.4603653661906719,0.68102,0.6797,0.23463082313537598,0.2439172863960266,0.24562,0.2616,0.01548,0.0231,0.52898,0.5337,0.37444,0.3871,785.5226386712521,15946.056966400147
2023-08-22 18:45:36.836839,548.0,0.46498629405182235,0.4659417159855366,0.68266,0.6677,0.23568859696388245,0.2446153610944748,0.25106,0.273,0.0167,0.0278,0.5277,0.531,0.37538,0.3925,937.293604403126,19898.299434661865
2023-08-22 18:46:23.272667,549.0,0.4645420618507327,0.47050257250666616,0.68242,0.6699,0.23885899782180786,0.24053800106048584,0.24756,0.2572,0.0159,0.0156,0.53002,0.5305,0.37888,0.3835,1143.83237184797,14294.926050567627
2023-08-22 18:47:14.463904,550.0,0.4652392046183956,0.46506568789482117,0.6825,0.6746,0.23987933993339539,0.22954267263412476,0.2471,0.251,0.01618,0.0202,0.53118,0.5231,0.3775,0.3749,1029.8744386166943,15617.090049743652
2023-08-22 18:48:11.854808,551.0,0.46495451291604917,0.4584324970841408,0.68234,0.6804,0.23683109879493713,0.25043176114559174,0.24954,0.2694,0.01604,0.0195,0.52984,0.5378,0.3772,0.3891,908.3720992730588,15569.077466583252
2023-08-22 18:49:10.058460,552.0,0.46358328464688087,0.46284334659576415,0.68404,0.68,0.2393971085548401,0.24699729681015015,0.24738,0.2555,0.01696,0.0193,0.53202,0.5346,0.37826,0.3764,917.9127848878198,15358.099667358398
2023-08-22 18:50:02.046929,553.0,0.4637598168789124,0.45793120488524436,0.68426,0.6767,0.23792511224746704,0.24689888954162598,0.24656,0.2704,0.01634,0.0251,0.5292,0.537,0.37882,0.3943,1027.7246384912607,15198.95623703003
2023-08-22 18:51:06.294491,554.0,0.464710321961617,0.46545998454093934,0.68324,0.674,0.23837819695472717,0.2380557656288147,0.24812,0.2612,0.01684,0.0212,0.53018,0.5273,0.37756,0.3884,801.1136174883161,17097.25924987793
2023-08-22 18:51:56.708118,555.0,0.4635871819087437,0.4622662954032421,0.68558,0.6739,0.23858651518821716,0.25096696615219116,0.24832,0.2714,0.01648,0.0232,0.53136,0.539,0.3796,0.3943,1056.2892088598135,16514.818965911865
2023-08-22 18:52:51.393700,556.0,0.4626884989592494,0.47032402604818346,0.68314,0.6656,0.24164000153541565,0.22401826083660126,0.25132,0.2587,0.01592,0.0192,0.53282,0.517,0.3799,0.3813,962.2225948255889,18613.080339813234
2023-08-22 18:53:50.002790,557.0,0.46285369901024564,0.46158147379755976,0.68336,0.6768,0.24198070168495178,0.23893529176712036,0.24836,0.2629,0.01602,0.0206,0.53326,0.5291,0.38082,0.3873,890.8216992592324,18558.614806365968
2023-08-22 18:54:40.017360,558.0,0.4632771392257846,0.45618946850299835,0.6858,0.6848,0.24274230003356934,0.25201189517974854,0.2487,0.265,0.01672,0.0187,0.53406,0.5429,0.3798,0.3929,1056.219660700584,13915.187541198731
2023-08-22 18:55:42.771940,559.0,0.4664600269526851,0.46863613873720167,0.68198,0.6672,0.23238804936408997,0.23306775093078613,0.24572,0.2534,0.01686,0.019,0.52606,0.5254,0.3742,0.3813,825.787635102564,20376.01460876465
2023-08-22 18:56:34.071202,560.0,0.46269888689323346,0.45787424594163895,0.6855,0.6753,0.24233323335647583,0.24865081906318665,0.25054,0.2711,0.0172,0.0246,0.53282,0.535,0.38022,0.3923,1032.0701343769929,15248.52552947998
2023-08-22 18:57:38.017027,561.0,0.46598806095366574,0.4681175246834755,0.68186,0.6673,0.23670658469200134,0.2433331310749054,0.2449,0.269,0.01606,0.0238,0.52922,0.5286,0.37458,0.3885,817.0413516297632,19581.73239746094
2023-08-22 18:58:31.466909,562.0,0.46642886634383884,0.45323882922530173,0.68168,0.6785,0.23707517981529236,0.26430949568748474,0.24858,0.2857,0.01612,0.0231,0.5291,0.5465,0.37806,0.409,972.9732781235052,20028.88592224121
2023-08-22 18:59:22.151329,563.0,0.46439131668635775,0.4586549162864685,0.68198,0.6746,0.2383219301700592,0.24499881267547607,0.24794,0.2724,0.01658,0.0223,0.53038,0.5336,0.37886,0.3944,1035.120013645717,19832.883197021485
2023-08-22 19:00:15.946833,564.0,0.4639797639481875,0.4588004194200039,0.68546,0.6802,0.2383517026901245,0.245942160487175,0.24748,0.2722,0.01604,0.0263,0.53002,0.5372,0.3769,0.3923,970.0661695830676,17386.76990661621
2023-08-22 19:01:09.723586,565.0,0.46158323284922814,0.46817371174693106,0.68646,0.6673,0.23841652274131775,0.2418551743030548,0.251,0.269,0.01596,0.0256,0.53008,0.5287,0.3793,0.3884,994.0690315402284,17309.762421417236
2023-08-22 19:01:58.710794,566.0,0.4649033523639854,0.4658241257071495,0.6842,0.674,0.23560699820518494,0.23465466499328613,0.251,0.2566,0.01594,0.0214,0.53008,0.5259,0.377,0.38,1085.4294960644781,16623.216300201417
2023-08-22 19:02:46.957600,567.0,0.4626918035198231,0.4550620846450329,0.68536,0.6773,0.2403309941291809,0.2631528377532959,0.24912,0.2725,0.01634,0.0212,0.53144,0.5464,0.3812,0.4016,1107.098808444276,18818.89605178833
2023-08-22 19:03:47.579136,568.0,0.4611867868474552,0.4540002726018429,0.68616,0.6755,0.23860867321491241,0.2603342831134796,0.25012,0.2796,0.01574,0.0245,0.53074,0.5446,0.37774,0.4021,865.0770631906937,17291.382192993166
2023-08-22 19:04:37.816154,569.0,0.4624075524661006,0.46964393481612204,0.68706,0.6647,0.2390143871307373,0.23604875802993774,0.24806,0.2656,0.01658,0.0189,0.5312,0.5232,0.37944,0.388,1047.5478320997588,20192.138050079346
2023-08-22 19:05:28.010590,570.0,0.4627826627419919,0.45739888176321986,0.68488,0.6693,0.24045497179031372,0.25453516840934753,0.25068,0.2913,0.01638,0.0291,0.53172,0.5393,0.38144,0.4032,1048.7584446498327,17756.554961395264
2023-08-22 19:06:23.509333,571.0,0.4635762263621603,0.457232428342104,0.68322,0.6781,0.23663002252578735,0.2526169419288635,0.24898,0.2742,0.0171,0.0237,0.52996,0.5389,0.37816,0.3992,936.0291281719597,14569.556427001953
2023-08-22 19:07:21.258173,572.0,0.4616463068796664,0.4604317247867584,0.68632,0.6741,0.2418278455734253,0.2453882396221161,0.25056,0.2704,0.0167,0.02,0.53306,0.5355,0.38228,0.3915,910.7037028098594,16142.529573059082
2023-08-22 19:08:13.488126,573.0,0.4631442906601088,0.4541908122599125,0.68384,0.6837,0.2376217097043991,0.26076720654964447,0.25054,0.2723,0.01612,0.0211,0.5279,0.5443,0.38044,0.4004,999.5556966042031,18279.386711120605
2023-08-22 19:09:07.193895,574.0,0.4619715615194671,0.45088675022125246,0.68524,0.6896,0.2413375973701477,0.2643536329269409,0.24974,0.2743,0.0158,0.0245,0.53208,0.5472,0.38166,0.4063,976.8278578154894,16907.494829559328
2023-08-22 19:09:59.946823,575.0,0.4615649325507028,0.4572941064834595,0.68468,0.6708,0.24072158336639404,0.2616131156682968,0.25154,0.2857,0.0174,0.0242,0.53288,0.5444,0.38174,0.4139,999.7220015233877,19182.532856750488
2023-08-22 19:10:52.141629,576.0,0.4617064648440906,0.4586502224206924,0.68444,0.678,0.24074259400367737,0.2451671063899994,0.25038,0.2637,0.01646,0.0208,0.53214,0.5326,0.38134,0.3895,1003.0455697507274,17346.045016479493
2023-08-22 19:11:47.584274,577.0,0.46210435078460343,0.46089990586042406,0.6862,0.677,0.23877328634262085,0.2548585534095764,0.24716,0.2687,0.016,0.024,0.53314,0.537,0.37872,0.3977,945.9298361174914,14009.70581665039
2023-08-22 19:12:43.400787,578.0,0.4608682713338307,0.46226655319333076,0.68602,0.6761,0.2395007610321045,0.23515096306800842,0.25132,0.2515,0.01608,0.0176,0.53086,0.5282,0.38074,0.3787,931.3795736663195,15884.536041259766
2023-08-22 19:13:36.291654,579.0,0.46311018448703145,0.4594861812889576,0.68426,0.6788,0.23907501995563507,0.24054327607154846,0.24982,0.255,0.01662,0.0166,0.53058,0.5301,0.38014,0.3833,1008.1368278192014,21289.369123840333
2023-08-22 19:14:28.835725,580.0,0.4635486704658489,0.454365511238575,0.68442,0.6832,0.24068883061408997,0.25995489954948425,0.24732,0.2712,0.01634,0.0232,0.5316,0.5437,0.37912,0.3943,1003.2481639628508,14949.092826843262
2023-08-22 19:15:20.289961,581.0,0.46182670839587037,0.45889573395252226,0.68672,0.6802,0.24248000979423523,0.24944771826267242,0.24886,0.2668,0.01656,0.0257,0.53428,0.5378,0.37976,0.3944,1030.7308966967523,16675.909506225587
2023-08-22 19:16:12.198932,582.0,0.4622218277381391,0.4594009518623352,0.68468,0.6807,0.2396407127380371,0.24759653210639954,0.2494,0.2645,0.0156,0.0193,0.53196,0.5343,0.379,0.3881,1027.284909462442,15472.95689315796
2023-08-22 19:17:06.795497,583.0,0.46417519222108683,0.4633826442062855,0.68468,0.6735,0.23748290538787842,0.2386268824338913,0.24706,0.2574,0.01558,0.0217,0.52926,0.5276,0.3764,0.3823,960.0266277546785,19220.95966796875
2023-08-22 19:18:07.256410,584.0,0.4624879051532064,0.4598049379885197,0.68606,0.674,0.24034500122070312,0.24995383620262146,0.25044,0.2776,0.01582,0.0209,0.53184,0.5368,0.38002,0.3993,865.9447972044653,19287.620085144044
2023-08-22 19:19:01.225694,585.0,0.46075002438559826,0.45242538005113603,0.68754,0.6881,0.24175402522087097,0.25843819975852966,0.24844,0.2691,0.01652,0.0202,0.53314,0.5449,0.38108,0.3979,985.9574173907845,17073.154431152343
2023-08-22 19:19:57.741629,586.0,0.4628105086027359,0.4571550779044628,0.68548,0.6761,0.23874399065971375,0.25352248549461365,0.25154,0.2844,0.01702,0.027,0.53202,0.5365,0.38124,0.4021,941.5353379541514,20135.69573059082
2023-08-22 19:20:44.209475,587.0,0.46160988828965593,0.4626260302960873,0.68692,0.6787,0.2404274344444275,0.23647171258926392,0.25002,0.2536,0.01636,0.0182,0.53308,0.5289,0.37866,0.3788,1131.626176561628,18612.616526031496
2023-08-22 19:21:35.511584,588.0,0.46206543518572435,0.46020267978310586,0.68698,0.6728,0.2412722408771515,0.25310689210891724,0.2501,0.2715,0.0171,0.0217,0.53304,0.5362,0.3789,0.4009,1017.9605381245516,20404.195530700683
2023-08-22 19:22:28.456555,589.0,0.4629613056170697,0.462244575470686,0.6831,0.6751,0.23824718594551086,0.24588307738304138,0.24868,0.266,0.01664,0.0209,0.53178,0.5317,0.38014,0.387,1002.4075372656997,20638.0483001709
2023-08-22 19:23:20.758860,590.0,0.4596202691294709,0.4591083198785782,0.68992,0.6697,0.24663950502872467,0.255865678191185,0.25198,0.2815,0.01676,0.0218,0.53724,0.5395,0.38336,0.3986,1016.0611972419583,13421.034860992431
2023-08-22 19:24:21.863678,591.0,0.46438019175310524,0.4581508696079254,0.68344,0.6794,0.2374519407749176,0.2521204948425293,0.24788,0.2678,0.01638,0.0222,0.5292,0.5372,0.37798,0.3915,854.5037363013442,19231.687207794188
2023-08-22 19:25:21.669485,592.0,0.45936434822423117,0.4556552767753601,0.68922,0.6793,0.24630379676818848,0.2572292685508728,0.25336,0.2691,0.01694,0.0205,0.5358,0.5449,0.38172,0.3948,872.275689961959,16381.631523132324
2023-08-22 19:26:16.459483,593.0,0.459531912694172,0.45884491205215455,0.68726,0.6744,0.24296288192272186,0.2479044795036316,0.25374,0.2677,0.016,0.0196,0.53414,0.5359,0.38082,0.3942,948.1294931684222,20223.018953704835
2023-08-22 19:27:04.070668,594.0,0.4605065716468558,0.46991268545389175,0.68882,0.661,0.2429831475019455,0.22393867373466492,0.2527,0.2532,0.01634,0.019,0.53458,0.5165,0.38224,0.3765,1105.75732180537,18576.729062652586
2023-08-22 19:27:56.671422,595.0,0.4605557000150486,0.4593703620135784,0.68556,0.6831,0.2431897222995758,0.24410058557987213,0.25134,0.2603,0.01664,0.019,0.53314,0.5337,0.38366,0.3862,1009.1113751469826,20129.979750061037
2023-08-22 19:28:57.893403,596.0,0.46111091469623605,0.45914979502558706,0.68712,0.6726,0.2433200478553772,0.25598686933517456,0.25204,0.2822,0.01684,0.0276,0.53292,0.5395,0.38252,0.403,850.9763449844049,16957.94211349487
2023-08-22 19:29:42.193675,597.0,0.4597760723257551,0.45814219787716864,0.68888,0.6802,0.24582532048225403,0.2529347240924835,0.25172,0.2718,0.0156,0.0233,0.53538,0.5417,0.3835,0.4003,1181.5842819213867,19742.46112289429
2023-08-22 19:30:33.131459,598.0,0.46314938488055246,0.4638114504516125,0.6838,0.6707,0.23869186639785767,0.2475397288799286,0.24872,0.2711,0.01676,0.0258,0.53034,0.5351,0.37814,0.3961,1030.2813328334264,16048.34227142334
2023-08-22 19:31:22.830057,599.0,0.46028769137908,0.45674327611923216,0.68606,0.679,0.24270600080490112,0.2488100826740265,0.2501,0.2656,0.01652,0.0214,0.53484,0.5369,0.38002,0.3936,1067.1846316590602,15424.98119430542
2023-08-22 19:32:22.648001,600.0,0.46031721833409095,0.4521576814353466,0.68852,0.6916,0.24337227642536163,0.26064157485961914,0.25174,0.2735,0.01648,0.0203,0.53484,0.5443,0.38208,0.4004,870.059176542321,18794.096434020998
2023-08-22 19:33:15.048803,601.0,0.4622336075622208,0.46325360238552094,0.68296,0.6799,0.24117228388786316,0.24490955471992493,0.25166,0.2604,0.01682,0.019,0.5318,0.5366,0.38192,0.3865,996.837826942911,19419.604019927978
2023-08-22 19:34:08.072642,602.0,0.46132633743845686,0.4548525109887123,0.68774,0.6758,0.24357755482196808,0.2552849054336548,0.25086,0.2815,0.0164,0.0223,0.53428,0.5374,0.38212,0.3995,984.0542512231943,15813.605090332032
2023-08-22 19:34:55.639684,603.0,0.4612991899556043,0.4715128056704998,0.68456,0.665,0.24232354760169983,0.22464025020599365,0.25186,0.2555,0.0166,0.0202,0.53274,0.519,0.38088,0.3833,1104.8273942908463,19994.146229553222
2023-08-22 19:35:58.163276,604.0,0.45924508176287826,0.45133372619748113,0.68698,0.6869,0.24343493580818176,0.25207728147506714,0.25202,0.2729,0.01658,0.0191,0.53438,0.5408,0.38262,0.3929,832.0422942492427,20302.496951293946
2023-08-22 19:36:45.623400,605.0,0.4607109219139936,0.45644519552588464,0.68698,0.6788,0.2460384964942932,0.25650811195373535,0.25174,0.2703,0.01654,0.0216,0.53712,0.5409,0.38322,0.3935,1110.2366399959642,20712.697207641602
2023-08-22 19:37:32.758423,606.0,0.45954801157420994,0.4685310758650303,0.68766,0.6668,0.24274548888206482,0.23263061046600342,0.25206,0.2634,0.01682,0.0264,0.5344,0.5227,0.38328,0.3856,1117.0288883131377,20338.04507446289
2023-08-22 19:38:23.486615,607.0,0.4613297922270639,0.45611210614442826,0.68658,0.6729,0.24191917479038239,0.25594034790992737,0.24974,0.2821,0.01576,0.023,0.53454,0.5394,0.38182,0.4065,1036.8067737501494,18922.383765411378
2023-08-22 19:39:19.750829,608.0,0.46140526676056337,0.4564156740903854,0.68708,0.6768,0.23917129635810852,0.2507629692554474,0.24882,0.2717,0.01642,0.0235,0.53186,0.5358,0.37868,0.3973,922.4730417679767,18553.326860809328
2023-08-22 19:40:16.141235,609.0,0.4620642801936792,0.45791878253221513,0.68748,0.6735,0.23996847867965698,0.25283733010292053,0.25136,0.2757,0.01684,0.0259,0.53154,0.5381,0.37998,0.4026,924.9144581386021,19603.334496307372
2023-08-22 19:41:05.526298,610.0,0.46037305237687365,0.46745085418224336,0.68734,0.6686,0.24377378821372986,0.23868563771247864,0.249,0.2624,0.01638,0.0178,0.53426,0.5263,0.3808,0.386,1063.1567443536253,20998.829316711424
2023-08-22 19:42:01.074315,611.0,0.459656224567063,0.4571633704006672,0.68914,0.6786,0.24280968308448792,0.2446109652519226,0.25096,0.2694,0.01534,0.0259,0.53464,0.5329,0.3822,0.3945,942.8148691605548,15175.998825073242
2023-08-22 19:42:53.738500,612.0,0.46073473351342337,0.45459708347916605,0.68664,0.6772,0.24470564723014832,0.25457146763801575,0.25026,0.2819,0.01634,0.024,0.53594,0.5364,0.38348,0.4035,1010.8949722757145,15172.933532714844
2023-08-22 19:43:47.344420,613.0,0.4598276785441807,0.4638171136379242,0.68914,0.6671,0.24472156167030334,0.24729546904563904,0.25192,0.2757,0.0182,0.0216,0.53482,0.5325,0.38318,0.4004,964.5261544208138,20356.00789642334
2023-08-22 19:44:41.358359,614.0,0.46123885028824513,0.46843778640031813,0.68556,0.671,0.24270868301391602,0.23491492867469788,0.25222,0.2589,0.01766,0.0257,0.53354,0.5297,0.3829,0.379,978.2825306483677,18457.610737609863
2023-08-22 19:45:35.892342,615.0,0.4620649023931854,0.4693042762577534,0.68756,0.6656,0.24060796201229095,0.2364954650402069,0.24808,0.264,0.01598,0.0248,0.53318,0.5274,0.3786,0.3905,961.2552384357064,19843.496072387694
2023-08-22 19:46:37.197135,616.0,0.4609161280855841,0.4568456657230854,0.68582,0.6789,0.2415142059326172,0.253445565700531,0.25084,0.2662,0.01624,0.0207,0.5324,0.5394,0.38188,0.3962,847.5464300817373,15208.810069274903
2023-08-22 19:47:35.436286,617.0,0.45892063072141337,0.46393304839730265,0.68964,0.6673,0.24553203582763672,0.2482752501964569,0.25114,0.289,0.01626,0.0344,0.53578,0.5345,0.38144,0.4039,902.9038027549277,16378.521823883057
2023-08-22 19:48:30.463029,618.0,0.46219444670239274,0.4518843002617359,0.6858,0.6845,0.23870404064655304,0.2677285373210907,0.24766,0.2797,0.01692,0.022,0.53224,0.5445,0.37876,0.4032,953.6301378522601,22863.409352111816
2023-08-22 19:49:23.047743,619.0,0.4590105002327841,0.4559279978275299,0.68762,0.6812,0.24748072028160095,0.2558479309082031,0.25242,0.2656,0.01578,0.0194,0.53744,0.5386,0.38424,0.3951,1003.7026857648577,22237.794611358644
2023-08-22 19:50:09.891561,620.0,0.4573914721912267,0.4586249075829983,0.69116,0.6844,0.248776376247406,0.2511967122554779,0.25346,0.27,0.01706,0.0214,0.53888,0.5395,0.38422,0.3933,1123.6169634449238,14516.941819763184
2023-08-22 19:51:05.523073,621.0,0.4592570353831564,0.45929050594568255,0.68732,0.6727,0.24393388628959656,0.25641903281211853,0.25334,0.2776,0.01638,0.0202,0.53444,0.5381,0.3829,0.4041,939.4425600791465,15364.940942382813
2023-08-22 19:52:00.034677,622.0,0.4589701897027541,0.46421373561024665,0.68924,0.6781,0.24568137526512146,0.2419431060552597,0.25334,0.2548,0.01674,0.0209,0.53462,0.5338,0.38522,0.3819,959.7312587037378,20463.986096954344
2023-08-22 19:52:53.312965,623.0,0.4605879923518823,0.4668156258761883,0.68756,0.6686,0.24271413683891296,0.24269425868988037,0.25246,0.2641,0.01656,0.0253,0.53376,0.5279,0.38328,0.3844,1000.5531381101024,13775.762773132325
2023-08-22 19:53:52.776850,624.0,0.4592476031001733,0.463117092102766,0.68908,0.6708,0.2467392086982727,0.25249430537223816,0.25376,0.2762,0.01712,0.024,0.53762,0.5379,0.38456,0.3999,879.1998424919284,14085.649140930176
2023-08-22 19:54:50.801906,625.0,0.45763534626790453,0.45819236487150194,0.68992,0.6755,0.2479390799999237,0.25058692693710327,0.2551,0.2741,0.01652,0.022,0.53766,0.5393,0.38412,0.3975,905.495475613341,14361.217114257812
2023-08-22 19:55:45.394422,626.0,0.4617797689778464,0.4662053383886814,0.6844,0.6715,0.24085626006126404,0.2433626353740692,0.24958,0.2612,0.01602,0.0205,0.53398,0.5313,0.38094,0.3899,957.1119002517389,15047.186196899414
2023-08-22 19:56:43.960954,627.0,0.46146595402031526,0.4635964296758175,0.68566,0.6738,0.23894163966178894,0.2417246401309967,0.24982,0.2625,0.01672,0.0246,0.53278,0.5281,0.3788,0.3857,897.5158854114766,19501.731507110595
2023-08-22 19:57:41.504800,628.0,0.4603232578659544,0.4714498773217201,0.687,0.6662,0.2419038563966751,0.22559785842895508,0.25134,0.2526,0.01652,0.0214,0.53284,0.5201,0.3835,0.3753,911.8379796865036,15254.805299377442
2023-08-22 19:58:34.209425,629.0,0.45999437813856164,0.45634496062994,0.68886,0.6828,0.2444058358669281,0.2536888122558594,0.2524,0.2737,0.0162,0.0214,0.53584,0.5371,0.3833,0.3989,997.6492263638244,21470.158348846435
2023-08-22 19:59:32.836724,630.0,0.46141108338321957,0.46553908064961436,0.68564,0.6729,0.24186572432518005,0.23127305507659912,0.24978,0.2537,0.01676,0.0216,0.53306,0.5254,0.38146,0.378,905.7577911688358,15210.119821166993
2023-08-22 20:00:33.757420,631.0,0.4599655021210106,0.4704565890133381,0.6877,0.6653,0.24501752853393555,0.23892800509929657,0.25276,0.2732,0.01704,0.0215,0.53596,0.5293,0.38286,0.3906,857.3098410781549,21495.580400085448
2023-08-22 20:01:18.350170,632.0,0.459957236994286,0.45784918069839475,0.68736,0.6784,0.2423960566520691,0.26830965280532837,0.25272,0.2825,0.0166,0.0248,0.5342,0.5408,0.3825,0.4052,1174.0727244785853,18188.69955215454
2023-08-22 20:02:04.269158,633.0,0.45985194402081625,0.4588367871940136,0.68822,0.6739,0.243609219789505,0.24193359911441803,0.25168,0.2594,0.0171,0.0199,0.53616,0.5346,0.38068,0.3865,1143.4628858760911,20581.644862365723
2023-08-22 20:02:58.402999,634.0,0.4586357024251198,0.4547807089984417,0.6898,0.6831,0.2439645677804947,0.25759871304035187,0.25196,0.2713,0.01668,0.0218,0.53576,0.543,0.38326,0.3999,982.1535189103107,17800.179383850096
2023-08-22 20:03:54.952384,635.0,0.46016576323582203,0.4624985784292221,0.6868,0.6777,0.2463511824607849,0.24473215639591217,0.2539,0.2716,0.01678,0.0259,0.535,0.5335,0.38376,0.3917,929.4536315762267,14576.002536010743
2023-08-22 20:04:45.526374,636.0,0.45993186198935215,0.46541099026799204,0.68742,0.6715,0.24436801671981812,0.2467900812625885,0.25362,0.2702,0.01678,0.0229,0.53538,0.5331,0.38298,0.3955,1037.9469681564642,16134.095928192139
2023-08-22 20:05:41.954076,637.0,0.458896991549706,0.4585047423839569,0.68856,0.6786,0.24436548352241516,0.25578612089157104,0.24962,0.2721,0.01624,0.0215,0.53512,0.5402,0.38314,0.3967,929.4125309379733,20030.754016113282
2023-08-22 20:06:36.673651,638.0,0.458492066179003,0.461430250108242,0.68954,0.6775,0.2455615997314453,0.2556697130203247,0.25182,0.2647,0.01626,0.0194,0.53788,0.5405,0.38236,0.3927,954.7577129286162,16737.86474838257
2023-08-22 20:07:31.236177,639.0,0.4593054133714462,0.45566326901316645,0.68806,0.6814,0.2453518807888031,0.26056087017059326,0.25312,0.2737,0.01624,0.0264,0.5382,0.5436,0.38384,0.4056,950.6578758395448,20489.794276428223
2023-08-22 20:08:20.501064,640.0,0.4615746062933182,0.4615356773138046,0.68438,0.668,0.24367815256118774,0.24570368230342865,0.25172,0.2732,0.01724,0.0211,0.53428,0.5329,0.37998,0.3957,1077.5078637259346,20620.504689025878
2023-08-22 20:09:19.924727,641.0,0.4589880206147019,0.4559432789683342,0.68702,0.6812,0.2465825229883194,0.246941477060318,0.25324,0.2597,0.01718,0.0207,0.5361,0.5366,0.38336,0.3901,880.8724042152871,21349.217658996582
2023-08-22 20:10:08.230864,642.0,0.45913862360983476,0.4570473231375217,0.68956,0.6747,0.24363349378108978,0.2518007159233093,0.2506,0.2777,0.01652,0.0234,0.53472,0.5405,0.38102,0.3958,1091.3633706229073,17956.746656036375
2023-08-22 20:11:01.272261,643.0,0.4575574645886616,0.455451937019825,0.6911,0.6857,0.24808719754219055,0.24602630734443665,0.25534,0.2538,0.01748,0.0194,0.53728,0.5337,0.38578,0.3862,991.8501238141741,14652.557140350342
2023-08-22 20:11:55.563911,644.0,0.4600896128282255,0.4543076194822788,0.68952,0.6759,0.24492400884628296,0.26082462072372437,0.25096,0.2809,0.01658,0.0239,0.53476,0.5425,0.38206,0.4037,957.560586578992,19100.495152282714
2023-08-22 20:12:48.928943,645.0,0.46020273286469127,0.46547623723745346,0.68874,0.6715,0.24463778734207153,0.24669373035430908,0.25224,0.267,0.01666,0.0202,0.53436,0.5337,0.38322,0.3883,996.4327264902543,15134.224894714356
2023-08-22 20:13:40.768912,646.0,0.45897510176410483,0.46900258734822275,0.69038,0.6658,0.24689185619354248,0.22588282823562622,0.25418,0.2587,0.01736,0.0231,0.53652,0.5219,0.38322,0.381,1015.3784137647979,17304.472998046876
2023-08-22 20:14:35.809752,647.0,0.4600680532808207,0.45748074874281885,0.68888,0.6843,0.24299809336662292,0.24578702449798584,0.25014,0.263,0.01642,0.02,0.53606,0.5369,0.3801,0.3885,973.1103571677695,20541.35450744629
2023-08-22 20:15:30.262547,648.0,0.4573357774286854,0.45385402888059617,0.69122,0.6863,0.2471754401922226,0.25350478291511536,0.25376,0.2696,0.01694,0.0226,0.53662,0.5417,0.3849,0.391,979.6752954599808,16606.38536224365
2023-08-22 20:16:27.281891,649.0,0.45883442522311696,0.46365161165595054,0.6893,0.6762,0.24096667766571045,0.2386542111635208,0.25344,0.2642,0.01732,0.0197,0.53286,0.5308,0.3835,0.3909,926.1051381948043,19048.644777679445
2023-08-22 20:17:18.660119,650.0,0.45846987348430013,0.4516250789165497,0.68894,0.6864,0.24679520726203918,0.25439536571502686,0.2529,0.2708,0.01596,0.0224,0.53756,0.5412,0.38386,0.3967,1018.1249235503527,16931.26778793335
2023-08-22 20:18:08.359389,651.0,0.45856599205610704,0.4764281280338764,0.6894,0.6654,0.2454535961151123,0.22267687320709229,0.25226,0.2504,0.01546,0.0229,0.53622,0.5179,0.38374,0.3722,1065.3830374114368,13975.634049224853
2023-08-22 20:19:02.761997,652.0,0.45620435187403036,0.4636944867670536,0.69258,0.6744,0.24859482049942017,0.24747779965400696,0.25398,0.2618,0.01596,0.0181,0.53796,0.5355,0.38568,0.3874,955.2484611978336,16610.43900985718
2023-08-22 20:19:48.215151,653.0,0.45957137826754124,0.455613075196743,0.68978,0.6801,0.24567726254463196,0.24978139996528625,0.25274,0.2671,0.0165,0.0191,0.53564,0.5353,0.38064,0.3905,1155.3517306580836,20832.533081817626
2023-08-22 20:20:40.364969,654.0,0.45851153941178807,0.45558476746082305,0.68926,0.6831,0.2456529140472412,0.2494601607322693,0.25308,0.2647,0.01666,0.0209,0.53448,0.5378,0.38522,0.3898,1019.37262476707,21991.85536956787
2023-08-22 20:21:30.095207,655.0,0.45819180671657833,0.4567828580737114,0.68894,0.6797,0.24838589131832123,0.25936999917030334,0.25306,0.2785,0.01626,0.0179,0.53924,0.5392,0.38574,0.4033,1060.9668727796904,20488.396900177002
2023-08-22 20:22:15.903040,656.0,0.45654959459694067,0.4546350188553333,0.692,0.6891,0.24665668606758118,0.25524967908859253,0.25514,0.2659,0.01628,0.0208,0.53706,0.541,0.38508,0.3951,1150.4149252443897,16938.626360321046
2023-08-22 20:23:02.915076,657.0,0.458367864696347,0.4586310304701328,0.69056,0.675,0.24394284188747406,0.2444058358669281,0.25198,0.2683,0.01728,0.0213,0.5341,0.5343,0.3842,0.3875,1126.430560520717,18708.855844879152
2023-08-22 20:23:50.834222,658.0,0.45683410261966745,0.4649086743593216,0.69162,0.6726,0.24957481026649475,0.24295568466186523,0.25526,0.268,0.01708,0.0182,0.53844,0.5326,0.3855,0.391,1111.233576638358,19621.541287231445
2023-08-22 20:24:48.893425,659.0,0.45718528391147145,0.4726676806807518,0.68904,0.6601,0.24862775206565857,0.21277102828025818,0.25428,0.2558,0.01712,0.0285,0.53778,0.5096,0.38594,0.3738,914.6822573603416,21312.25959472656
2023-08-22 20:25:37.874514,660.0,0.45843158829577113,0.4647195771336555,0.69146,0.6737,0.2476942539215088,0.24079933762550354,0.25308,0.2641,0.01658,0.0186,0.53898,0.5305,0.38436,0.3886,1078.2605062212263,18031.500648498535
2023-08-22 20:26:29.879438,661.0,0.455598951450416,0.45593080669641495,0.69162,0.6804,0.25265538692474365,0.25844696164131165,0.25652,0.2804,0.017,0.0259,0.54228,0.5437,0.38906,0.4002,1015.7365970222318,13805.437226104736
2023-08-22 20:27:26.427250,662.0,0.4605561015861375,0.4669259198009968,0.68694,0.6649,0.24377301335334778,0.2422916293144226,0.25234,0.2734,0.01688,0.028,0.53492,0.5302,0.38256,0.3925,923.3932044360103,16270.400747680664
2023-08-22 20:28:28.822256,663.0,0.4581243707513323,0.46165910735726357,0.69022,0.6774,0.24631237983703613,0.23579274117946625,0.2532,0.2564,0.01608,0.0175,0.53704,0.5267,0.38306,0.3827,833.5778958067602,18203.232606506346
2023-08-22 20:29:31.794959,664.0,0.45815766253033463,0.4582090064883232,0.68908,0.6746,0.24506855010986328,0.2579662501811981,0.25446,0.276,0.01666,0.0225,0.53662,0.5407,0.38392,0.4,840.4400588833556,15991.35975265503
2023-08-22 20:30:28.666272,665.0,0.4581752065189031,0.4542478434741497,0.68802,0.683,0.24568673968315125,0.25689083337783813,0.25552,0.2689,0.0165,0.022,0.5365,0.5412,0.38366,0.396,936.0920892053721,13869.16339263916
2023-08-22 20:31:28.745686,666.0,0.45786599951739215,0.4808785729110241,0.69,0.6538,0.24732360243797302,0.21367433667182922,0.25166,0.2543,0.01726,0.0247,0.53884,0.5107,0.38398,0.3704,877.5038910690619,20392.3554397583
2023-08-22 20:32:13.228970,667.0,0.4589143019853806,0.4549708642065525,0.68904,0.6812,0.24372754991054535,0.2585335522890091,0.25276,0.2658,0.01722,0.0214,0.5346,0.5436,0.3832,0.3938,1179.0001768773916,16663.854532623292
2023-08-22 20:33:12.670851,668.0,0.4559712253358899,0.45081633776426316,0.69294,0.6816,0.2518371045589447,0.2542346715927124,0.25454,0.2739,0.01662,0.0205,0.53956,0.5427,0.38686,0.4037,883.4672157910405,15690.845043945312
2023-08-22 20:34:11.702858,669.0,0.4575903677210516,0.4551099888980389,0.69106,0.6764,0.24547046422958374,0.2571100443601608,0.25474,0.2776,0.01716,0.0235,0.53708,0.5408,0.38592,0.4004,887.5976422368263,15069.003174591064
2023-08-22 20:35:09.376408,670.0,0.4574851209715921,0.4616888724267483,0.69036,0.6679,0.2462216317653656,0.2542702406644821,0.2527,0.2842,0.01636,0.0291,0.53668,0.536,0.38448,0.4049,933.0946290152414,18460.752392578124
2023-08-22 20:36:13.830080,671.0,0.4574671433288224,0.46711817383766174,0.69058,0.6699,0.24993471056222916,0.24874818325042725,0.2532,0.2609,0.0168,0.0203,0.53878,0.5333,0.38542,0.3903,805.4446324718242,17582.135188293458
2023-08-22 20:37:09.968880,672.0,0.45911095200144514,0.4509985163807869,0.6894,0.6847,0.2420903444290161,0.2646878957748413,0.25234,0.2733,0.01702,0.019,0.53362,0.5479,0.38216,0.3973,934.3380309124382,20525.963304901125
2023-08-22 20:38:00.515768,673.0,0.4566777381969958,0.4689149998128414,0.69154,0.6673,0.2485097348690033,0.22885967791080475,0.25476,0.2571,0.01708,0.0212,0.53848,0.5231,0.38602,0.3797,1045.8544643168548,15188.050889587403
2023-08-22 20:38:46.973689,674.0,0.45816850221278715,0.4541240051388741,0.68742,0.6831,0.24921493232250214,0.2534657120704651,0.25414,0.2724,0.01698,0.0202,0.53822,0.54,0.38436,0.3962,1136.6635234599212,20628.13815383911
2023-08-22 20:39:42.738154,675.0,0.4560034504654456,0.4602710045874119,0.69292,0.6759,0.25127387046813965,0.25363749265670776,0.25488,0.2764,0.0166,0.02,0.53984,0.5377,0.38656,0.3965,965.8817129329759,13723.80253829956
2023-08-22 20:40:38.221071,676.0,0.4569312949873963,0.4625689461827278,0.6916,0.6708,0.24872040748596191,0.2457839846611023,0.25314,0.2767,0.01752,0.0252,0.53738,0.533,0.38454,0.4001,945.2012550976812,16779.80659561157
2023-08-22 20:41:26.920444,677.0,0.45646857363837107,0.46539300233125686,0.69088,0.6716,0.2482307255268097,0.23843050003051758,0.2559,0.2662,0.01732,0.0251,0.53894,0.5273,0.38886,0.3884,1079.9535805838448,21583.365784454345
2023-08-22 20:42:13.124578,678.0,0.45586120747790043,0.4532710827887058,0.69246,0.689,0.24908402562141418,0.25394853949546814,0.2541,0.2721,0.01622,0.0229,0.5398,0.5413,0.38368,0.3969,1139.139500832071,16985.7384185791
2023-08-22 20:43:10.027614,679.0,0.4571572081470976,0.4542821034789085,0.69044,0.6766,0.246755450963974,0.2559211254119873,0.25384,0.2859,0.01688,0.0233,0.53702,0.5382,0.38636,0.4077,933.5376224907077,19716.320807647706
2023-08-22 20:44:08.538692,680.0,0.4550511462956059,0.45474571734666824,0.69198,0.6812,0.252332866191864,0.2528401017189026,0.2559,0.2668,0.01666,0.0207,0.54254,0.5399,0.38718,0.393,910.9192079038036,18611.43204574585
2023-08-22 20:44:55.906329,681.0,0.4579963170144023,0.45402257069945334,0.6886,0.6779,0.2484465390443802,0.25930702686309814,0.2518,0.2659,0.01592,0.0211,0.53794,0.543,0.38462,0.3979,1111.9865739783463,16286.977486419677
2023-08-22 20:45:49.963128,682.0,0.455032154005401,0.4533066421747208,0.69394,0.6814,0.2530686557292938,0.2549201548099518,0.25686,0.2779,0.01804,0.0222,0.54168,0.5431,0.38772,0.4002,967.9512350121323,15391.155114746094
2023-08-22 20:46:38.713112,683.0,0.4557149244510398,0.4516295090317726,0.6909,0.6766,0.250931054353714,0.25342297554016113,0.2555,0.2833,0.01714,0.0259,0.54146,0.5417,0.3854,0.4017,1082.09437062789,20357.879471588134
2023-08-22 20:47:23.678257,684.0,0.4564463021803875,0.455581995844841,0.69044,0.6815,0.2479902058839798,0.2507622241973877,0.2547,0.2701,0.0172,0.024,0.5376,0.5399,0.38672,0.3947,1166.094616403385,17553.14714355469
2023-08-22 20:48:11.853697,685.0,0.4576768345978795,0.452578055113554,0.69094,0.68,0.24926051497459412,0.26354753971099854,0.25378,0.2841,0.01734,0.0268,0.5383,0.546,0.3865,0.4009,1093.956705677266,17624.32377548218
2023-08-22 20:48:59.081936,686.0,0.4580426600818731,0.45877483040094375,0.68974,0.6791,0.2463119924068451,0.24250099062919617,0.25334,0.271,0.01642,0.0256,0.5364,0.5346,0.3843,0.3902,1113.6668949516452,20543.97968978882
2023-08-22 20:49:52.658669,687.0,0.45660151252333,0.46263584569096566,0.69384,0.6726,0.2470957338809967,0.24315184354782104,0.25336,0.2659,0.01768,0.0219,0.53862,0.5317,0.38554,0.3888,980.9757559640067,16552.118005371092
2023-08-22 20:50:45.682111,688.0,0.45659373396513414,0.45441436395049095,0.69196,0.6906,0.2492966651916504,0.2539688050746918,0.25536,0.2645,0.01664,0.0229,0.53852,0.5414,0.38496,0.3942,987.8717638911033,21953.10782699585
2023-08-22 20:51:31.638788,689.0,0.45553423890045713,0.4630688689649105,0.6919,0.6704,0.24936237931251526,0.2514091730117798,0.25444,0.2676,0.01774,0.0187,0.5393,0.5329,0.3865,0.3899,1144.7789235017738,19001.842086791992
2023-08-22 20:52:23.772663,690.0,0.4554980258856501,0.4592113599181175,0.69168,0.6751,0.25104662775993347,0.23848426342010498,0.25526,0.2691,0.01692,0.0229,0.53978,0.5287,0.38758,0.3892,1023.8586717722367,16699.1675819397
2023-08-22 20:53:19.574920,691.0,0.45522788516720947,0.4519629135727882,0.69292,0.6844,0.25135013461112976,0.25415606796741486,0.25572,0.2739,0.0171,0.0233,0.5411,0.542,0.38596,0.4024,939.4266470305773,17721.057944488526
2023-08-22 20:54:13.725938,692.0,0.45543423416663187,0.4613153271377087,0.69312,0.6722,0.24867472052574158,0.24777695536613464,0.25446,0.2781,0.01684,0.0271,0.53956,0.5332,0.38604,0.4013,965.0606912106883,15085.559916687012
2023-08-22 20:55:07.796340,693.0,0.4572505982858794,0.45565135031938553,0.6892,0.6741,0.24847397208213806,0.2584201693534851,0.25474,0.2826,0.01758,0.0234,0.53774,0.5391,0.38562,0.4056,993.9590309298768,13853.579359436035
2023-08-22 20:56:02.902872,694.0,0.45662732543993967,0.46639871746301653,0.68962,0.6658,0.24872897565364838,0.2317703366279602,0.25508,0.2683,0.01706,0.0301,0.53764,0.5222,0.38692,0.3843,973.5968112556302,17124.243339538574
2023-08-22 20:56:55.349648,695.0,0.4574651509827497,0.4595855139195919,0.69052,0.6738,0.24575179815292358,0.254276305437088,0.25618,0.2767,0.01726,0.0225,0.53722,0.5393,0.38312,0.4006,995.51746835514,15348.86399307251
2023-08-22 20:57:44.516957,696.0,0.45664979106917675,0.45774117559194566,0.6916,0.6811,0.2509118914604187,0.2577495574951172,0.2547,0.2752,0.01688,0.0192,0.53954,0.5431,0.38584,0.4003,1073.6783694831693,18381.867706298828
2023-08-22 20:58:39.933683,697.0,0.4552973075484743,0.46197482347488406,0.69316,0.6685,0.25016510486602783,0.2514864504337311,0.25676,0.2822,0.0175,0.0245,0.53986,0.5331,0.3882,0.4023,935.8765841114277,19055.947856903076
2023-08-22 20:59:24.479779,698.0,0.45443968490070225,0.4492288358509541,0.69356,0.6873,0.25299185514450073,0.2642851769924164,0.25866,0.2802,0.01816,0.0221,0.54118,0.5455,0.38972,0.4006,1173.1730640956334,21115.943660736084
2023-08-22 21:00:16.961320,699.0,0.45511027258269643,0.460071512311697,0.69348,0.6708,0.2506978213787079,0.2527776062488556,0.25628,0.2835,0.01722,0.0222,0.54036,0.5373,0.3866,0.4036,1003.7020693409199,19004.09058074951
2023-08-22 21:01:05.703620,700.0,0.4553107862569848,0.4579016797244549,0.69386,0.6739,0.25179509818553925,0.2547721862792969,0.25454,0.2788,0.01742,0.0258,0.53986,0.5345,0.388,0.3989,1081.2565447748923,16109.375928497315
2023-08-22 21:01:54.485254,701.0,0.4574177725886812,0.4581330083310604,0.68892,0.6748,0.24777519702911377,0.2601105272769928,0.2557,0.2769,0.01742,0.0206,0.53734,0.5416,0.3853,0.3985,1084.8315945060885,17208.74390106201
2023-08-22 21:02:53.243860,702.0,0.45645665286146864,0.4528300516307354,0.69346,0.6814,0.2493945062160492,0.2532358765602112,0.25506,0.2761,0.01774,0.022,0.53704,0.5372,0.38554,0.4007,891.5031463467345,19582.65071105957
2023-08-22 21:03:45.999965,703.0,0.45496557744181887,0.4572765722870827,0.69346,0.6704,0.2521568238735199,0.26296813786029816,0.2555,0.2934,0.0175,0.0263,0.54242,0.5399,0.3871,0.4104,1008.2876027944137,15211.719506072997
2023-08-22 21:04:35.038416,704.0,0.4589963658731811,0.46483651697635653,0.68888,0.6609,0.24927984178066254,0.24783436208963394,0.25518,0.2897,0.01654,0.0253,0.53912,0.5309,0.38638,0.4022,1074.4613801605847,16390.10188522339
2023-08-22 21:05:22.066183,705.0,0.45603329414615823,0.4533733449876308,0.69374,0.681,0.25255483388900757,0.2624962627887726,0.2536,0.28,0.01718,0.0246,0.54186,0.5426,0.38896,0.4036,1127.7738163227937,18425.59951171875
2023-08-22 21:06:12.940688,706.0,0.4556613366822807,0.45411724373698237,0.69432,0.6819,0.24937623739242554,0.266358345746994,0.25248,0.2841,0.01704,0.0222,0.53976,0.545,0.38474,0.4095,1037.1682969696667,20204.561421203613
2023-08-22 21:07:15.922024,707.0,0.457173442201955,0.4651758149266243,0.69092,0.6777,0.24796465039253235,0.24037757515907288,0.25306,0.2588,0.01622,0.0178,0.5385,0.5291,0.38604,0.3799,824.167673928397,15784.921998596192
2023-08-22 21:08:05.865252,708.0,0.45757451759917395,0.4517176829278469,0.69116,0.6815,0.2456788718700409,0.2623178958892822,0.25458,0.2805,0.0161,0.0221,0.5376,0.5457,0.38708,0.4074,1076.2673719756458,17743.343740844728
2023-08-22 21:08:58.724641,709.0,0.4548689945011723,0.4656107611954212,0.69356,0.6651,0.25131383538246155,0.24563971161842346,0.25494,0.275,0.01798,0.0254,0.54088,0.5312,0.38784,0.4003,994.9517359830895,14609.332746124268
2023-08-22 21:09:50.835136,710.0,0.4556333068378118,0.4575787901878357,0.69292,0.6718,0.25347205996513367,0.2578161954879761,0.25598,0.291,0.01752,0.0254,0.54354,0.5402,0.38894,0.4088,1011.3551526750837,15504.242842864991
2023-08-22 21:10:45.266988,711.0,0.4548183866605467,0.4630315095186234,0.69464,0.6728,0.25214406847953796,0.2392396330833435,0.25646,0.2716,0.0165,0.0272,0.54004,0.5273,0.38638,0.3966,965.3824357013314,19368.815634155275
2023-08-22 21:11:35.845710,712.0,0.4558116941123593,0.4621855229139328,0.69156,0.669,0.2511434555053711,0.23608863353729248,0.2554,0.2672,0.01792,0.0216,0.53964,0.5288,0.38794,0.3923,1052.0744221745706,20101.400582122802
2023-08-22 21:12:36.659615,713.0,0.4560914652384057,0.45339702144265176,0.69152,0.6838,0.24993610382080078,0.2561297118663788,0.25538,0.2658,0.01656,0.0203,0.538,0.5382,0.38802,0.3961,870.1236189238879,15062.644123840331
2023-08-22 21:13:38.234027,714.0,0.45404420732235423,0.4537452444434166,0.69518,0.6812,0.25479626655578613,0.25915244221687317,0.25704,0.2779,0.0173,0.023,0.54342,0.5412,0.38956,0.3994,850.41522388069,16275.789693450928
2023-08-22 21:14:26.897160,715.0,0.4556200379619793,0.45645761117339134,0.69256,0.6771,0.24778372049331665,0.2598368227481842,0.254,0.2874,0.01728,0.0275,0.53874,0.542,0.38548,0.4028,1093.3685456879284,15788.777745056152
2023-08-22 21:15:30.405452,716.0,0.45484929166886273,0.45674231126904485,0.69456,0.6819,0.24780261516571045,0.25686807930469513,0.25588,0.2704,0.01736,0.019,0.53834,0.541,0.38494,0.3946,820.1715419535734,20338.099494171143
2023-08-22 21:16:25.089526,717.0,0.4568164292342809,0.4533474840223789,0.69056,0.6837,0.24808844923973083,0.2598922401666641,0.25302,0.277,0.0167,0.022,0.53752,0.5443,0.38642,0.4028,964.3917103981485,14441.82269973755
2023-08-22 21:17:15.586598,718.0,0.45517132841810887,0.46245548203587533,0.69172,0.6721,0.25024160742759705,0.2410474717617035,0.25426,0.2702,0.01708,0.0197,0.5396,0.5299,0.38642,0.3918,1062.399610013378,20203.474186706542
2023-08-22 21:18:08.508715,719.0,0.45562730988069455,0.4594809554517269,0.69324,0.6666,0.2504759728908539,0.24472537636756897,0.2549,0.2884,0.01646,0.0258,0.53972,0.5296,0.38648,0.4016,987.5418097826899,14847.130430603027
2023-08-22 21:19:05.835504,720.0,0.45368789683799354,0.4506643541157246,0.69252,0.684,0.2510203421115875,0.2588253617286682,0.25608,0.2718,0.01782,0.021,0.54092,0.5445,0.38736,0.395,913.6553580614985,15256.386254882813
2023-08-22 21:20:08.392752,721.0,0.454893382076098,0.4538792073726654,0.69408,0.6824,0.2506083548069,0.26444074511528015,0.2555,0.2829,0.01694,0.0287,0.54104,0.5452,0.3867,0.4037,837.4430659547144,15574.124603271484
2023-08-22 21:21:01.417429,722.0,0.4529509152076682,0.4507640704512596,0.69442,0.6819,0.25448691844940186,0.25983574986457825,0.2564,0.2764,0.01744,0.0214,0.54226,0.5455,0.38898,0.4008,993.4959463002731,20919.531672668458
2023-08-22 21:21:57.483463,723.0,0.45731585928980184,0.4620494611561298,0.68978,0.6843,0.24774675071239471,0.2526358366012573,0.25418,0.2613,0.01666,0.0185,0.538,0.5386,0.38468,0.3913,935.9842880404725,17719.107177734375
2023-08-22 21:22:53.543846,724.0,0.45254112552015147,0.46402680352330206,0.69686,0.6702,0.25385095179080963,0.24817141890525818,0.25602,0.2738,0.01712,0.0221,0.54312,0.5342,0.38802,0.3916,935.4841006532007,19139.283935546875
2023-08-22 21:23:43.218276,725.0,0.4541826343962124,0.4642817497253418,0.69266,0.6772,0.2535560429096222,0.2487139105796814,0.25578,0.2675,0.01612,0.0198,0.54214,0.5347,0.38934,0.3957,1056.502105090083,20226.41228866577
2023-08-22 21:24:32.883533,726.0,0.4531418328382531,0.45922127068042756,0.69408,0.6752,0.2518351078033447,0.248386412858963,0.25844,0.2728,0.01668,0.0269,0.54134,0.5354,0.39176,0.3976,1065.8344742132692,20283.170696258545
2023-08-22 21:25:26.885579,727.0,0.45504921142544064,0.46202238127589224,0.69126,0.6704,0.25098174810409546,0.2580062747001648,0.25522,0.286,0.0167,0.0248,0.54058,0.5393,0.38704,0.4055,968.6331100463867,23035.72868652344
2023-08-22 21:26:17.935573,728.0,0.45411606072163097,0.46408839896321297,0.6932,0.6708,0.2531164586544037,0.24466967582702637,0.25638,0.2833,0.01696,0.0252,0.54318,0.534,0.38936,0.396,1035.0218150858977,18261.75319366455
2023-08-22 21:27:11.511265,729.0,0.4549248420766422,0.45322404652833936,0.69358,0.6804,0.24880672991275787,0.26103049516677856,0.25862,0.2797,0.0168,0.0249,0.53936,0.5433,0.38588,0.4046,986.7870703716667,19166.821549224853
2023-08-22 21:28:00.404733,730.0,0.456144712257142,0.4652615308761597,0.6926,0.6735,0.2516043484210968,0.24374526739120483,0.25668,0.2726,0.01734,0.0292,0.54084,0.5289,0.38714,0.3939,1096.111306482432,14924.79462966919
2023-08-22 21:29:05.353521,731.0,0.45462897556776904,0.45574450939893724,0.69288,0.6767,0.25304168462753296,0.26553353667259216,0.25496,0.2814,0.0176,0.023,0.54242,0.5431,0.3878,0.4047,797.226643854258,15936.334407806396
2023-08-22 21:29:54.641232,732.0,0.4537815545894662,0.46345043554902077,0.69444,0.6743,0.25369009375572205,0.24292759597301483,0.25502,0.2609,0.0172,0.0215,0.54372,0.5297,0.38846,0.3873,1070.645479474749,18102.197911834715
2023-08-22 21:30:48.542943,733.0,0.4539661270623304,0.45418028384447096,0.69422,0.6773,0.25083574652671814,0.2675377428531647,0.25682,0.2923,0.01718,0.0284,0.5396,0.543,0.38828,0.4113,971.5906933375767,15592.824809265137
2023-08-22 21:31:49.599511,734.0,0.4522690462822817,0.4659465834498405,0.69724,0.6687,0.25549206137657166,0.24273383617401123,0.25676,0.2741,0.0173,0.0219,0.54396,0.5299,0.39062,0.3912,856.8139674906828,16378.086434936524
2023-08-22 21:32:50.900486,735.0,0.45650846769615094,0.4551216594874859,0.69176,0.6825,0.24820803105831146,0.2626340985298157,0.25338,0.2825,0.0158,0.0239,0.53726,0.5445,0.3871,0.4072,849.9193277942891,16086.231708526611
2023-08-22 21:33:47.551375,736.0,0.45405609510382827,0.4601313419640064,0.69406,0.6721,0.25322332978248596,0.2563767731189728,0.25624,0.2817,0.0172,0.0257,0.54216,0.5373,0.38984,0.4026,929.226868220738,15906.348001861572
2023-08-22 21:34:40.649706,737.0,0.4540138015029382,0.45078653320670126,0.69414,0.6877,0.25416484475135803,0.27039894461631775,0.25598,0.2794,0.01664,0.0229,0.54206,0.5511,0.38864,0.4059,984.9415041865135,15785.459052276612
2023-08-22 21:35:39.332514,738.0,0.4545161689118463,0.45131916254758836,0.6955,0.687,0.25162273645401,0.2681582570075989,0.25708,0.2612,0.01738,0.0177,0.54134,0.5495,0.38804,0.3981,895.9757125231685,17659.878664398195
2023-08-22 21:36:29.978753,739.0,0.4525346827446198,0.46933058798313143,0.69602,0.6612,0.2534520626068115,0.2394537627696991,0.25778,0.2786,0.01682,0.0278,0.54306,0.5293,0.39014,0.3981,1044.9463049440967,19483.597915649414
2023-08-22 21:37:29.732161,740.0,0.45113666051504564,0.4611236900091171,0.69818,0.6715,0.2553851306438446,0.2365541160106659,0.25984,0.2696,0.01786,0.0243,0.54402,0.5275,0.38972,0.386,867.7995205314792,20476.178176116944
2023-08-22 21:38:34.991305,741.0,0.4543355840201281,0.45968027636408804,0.69406,0.6701,0.251905232667923,0.25569477677345276,0.25446,0.2866,0.01688,0.0274,0.54134,0.5384,0.38704,0.4059,792.0320895448023,14685.194207763672
2023-08-22 21:39:34.956272,742.0,0.4523291026755255,0.46067444831132887,0.69586,0.6768,0.2509613335132599,0.24689097702503204,0.25944,0.2576,0.01682,0.0194,0.54192,0.5376,0.38984,0.3867,872.8076902117048,20684.414781188963
2023-08-22 21:40:30.372333,743.0,0.4546033936191578,0.4560145758092403,0.6925,0.6798,0.25158342719078064,0.25242817401885986,0.2569,0.2765,0.01754,0.0231,0.53978,0.5376,0.38754,0.4017,943.868520619918,20546.595662689208
2023-08-22 21:41:29.973479,744.0,0.4530719004723491,0.45060139149427414,0.69484,0.6881,0.25187309086322784,0.26368534564971924,0.2591,0.2697,0.01682,0.0187,0.54016,0.5499,0.3898,0.3994,871.8644253477759,21882.213872528075
2023-08-22 21:42:17.643587,745.0,0.452698606465544,0.4502960965037346,0.69442,0.6824,0.25364020466804504,0.25640666484832764,0.25976,0.2776,0.01764,0.0226,0.54264,0.5465,0.38974,0.3991,1102.7650778634209,19489.617123413085
2023-08-22 21:43:11.321695,746.0,0.4538872155303858,0.4510010689496994,0.69516,0.6862,0.25218240916728973,0.2642723023891449,0.25642,0.2759,0.01788,0.0221,0.5403,0.5474,0.38718,0.4038,968.708120229293,17572.36495285034
2023-08-22 21:44:02.671710,747.0,0.45402609070344846,0.4480653189122677,0.69608,0.692,0.2483927309513092,0.2706393897533417,0.25664,0.2764,0.017,0.0199,0.53858,0.5502,0.38728,0.4059,1032.615483186683,19370.528369140626
2023-08-22 21:44:48.906457,748.0,0.4545867373140491,0.457700189948082,0.69366,0.6789,0.24815145134925842,0.25696659088134766,0.25766,0.2745,0.01816,0.0227,0.53902,0.5426,0.38724,0.3976,1135.6658195962711,20621.38591918945
2023-08-22 21:45:41.094835,749.0,0.4543361893417884,0.4597579322755337,0.6928,0.6779,0.25386619567871094,0.25417423248291016,0.25724,0.2776,0.01664,0.021,0.54104,0.5357,0.38876,0.3965,1000.1652638960858,19075.655726623536
2023-08-22 21:46:46.578877,750.0,0.45311538647023997,0.4564502887427807,0.69566,0.678,0.2536475360393524,0.2517024278640747,0.25688,0.272,0.01568,0.0227,0.5423,0.537,0.38846,0.3938,795.6749743247519,15832.881997680664
2023-08-22 21:47:46.581007,751.0,0.4548785402154436,0.45485388934612275,0.69248,0.6778,0.25042665004730225,0.25159576535224915,0.25584,0.2809,0.0173,0.023,0.54018,0.5376,0.38918,0.404,869.6209438868931,20121.326770019532
2023-08-22 21:48:42.641814,752.0,0.4540259112813035,0.4533489868044853,0.69474,0.6867,0.25158166885375977,0.2546866834163666,0.25624,0.2668,0.01718,0.0211,0.53958,0.5447,0.3906,0.3929,929.224275082958,16311.437268066406
2023-08-22 21:49:48.140634,753.0,0.45278478505051867,0.4496533013880253,0.69426,0.68,0.2553662955760956,0.2587936520576477,0.2586,0.2853,0.01728,0.0241,0.54318,0.5415,0.39134,0.409,788.7018121213329,17637.441511535646
2023-08-22 21:50:42.410504,754.0,0.45209737715064263,0.45865191146731377,0.69458,0.678,0.2536691427230835,0.24769988656044006,0.25834,0.2742,0.01798,0.0221,0.5434,0.5341,0.38972,0.3957,961.0973010938994,17465.954265594482
2023-08-22 21:51:34.916169,755.0,0.4524828875247313,0.46082892790436747,0.6931,0.6752,0.25453147292137146,0.24860599637031555,0.25898,0.268,0.01758,0.0186,0.54224,0.5376,0.39022,0.3914,1009.9838611057827,15202.608863830566
2023-08-22 21:52:28.393969,756.0,0.4535854942336374,0.45139754712581637,0.69556,0.6819,0.2548813819885254,0.25583168864250183,0.25616,0.275,0.01802,0.0233,0.54268,0.5408,0.38946,0.3954,994.5902973875708,13997.709375
2023-08-22 21:53:16.445400,757.0,0.45197926461696625,0.45770723819732667,0.69616,0.6762,0.2530782222747803,0.2527546286582947,0.25752,0.2634,0.01714,0.0223,0.54226,0.5382,0.39046,0.3908,1110.4435030878806,19967.94136734009
2023-08-22 21:54:03.986165,758.0,0.453501464913086,0.44914052411913874,0.69534,0.6828,0.25422194600105286,0.2614123821258545,0.25752,0.2699,0.01708,0.0204,0.54212,0.5448,0.38942,0.3981,1110.2136706916654,17372.349841308594
2023-08-22 21:55:03.704164,759.0,0.45055755182188384,0.4498888202011585,0.69716,0.6907,0.25800907611846924,0.2590913772583008,0.25796,0.2699,0.01744,0.0186,0.54418,0.5464,0.39244,0.3991,874.3886341172822,14946.999534606934
2023-08-22 21:56:00.743118,760.0,0.4530279335318779,0.46483501270413397,0.69498,0.6699,0.2519521415233612,0.24336349964141846,0.2601,0.2713,0.01774,0.025,0.5415,0.5313,0.38916,0.3951,929.4094689816844,20197.695613098145
2023-08-22 21:56:57.344599,761.0,0.45317570348175207,0.4497025303542614,0.6961,0.6807,0.2545490562915802,0.26521065831184387,0.25666,0.2852,0.018,0.0238,0.54354,0.5501,0.3899,0.4095,929.0501382010324,16801.219966888428
2023-08-22 21:57:56.299272,762.0,0.45100797834445017,0.4559683181345463,0.69736,0.6804,0.25719153881073,0.25156207382678986,0.2595,0.2791,0.0168,0.0253,0.5463,0.5362,0.39248,0.3968,895.2474549741161,15302.187423706055
2023-08-22 21:58:51.238603,763.0,0.4526037871837616,0.4558006748557091,0.69682,0.6875,0.2561950385570526,0.25771839916706085,0.2566,0.2693,0.01758,0.0213,0.54376,0.5434,0.39072,0.3938,975.069578054,16656.050314331056
2023-08-22 21:59:41.640799,764.0,0.4524226086784382,0.4581836901605129,0.69686,0.676,0.25406646728515625,0.2616943418979645,0.26076,0.2839,0.01694,0.0298,0.54422,0.5418,0.39218,0.4119,1043.2859487728197,19062.458739471436
2023-08-22 22:00:35.085194,765.0,0.45210049848775474,0.4604503571987152,0.69692,0.677,0.2561233639717102,0.23903140425682068,0.25806,0.2627,0.01742,0.0221,0.54626,0.528,0.39088,0.3854,970.08646532954,15115.191689300536
2023-08-22 22:01:28.557528,766.0,0.45183816567367435,0.45646136701107026,0.69588,0.6775,0.2559640407562256,0.2482241690158844,0.25726,0.2711,0.0169,0.0231,0.54512,0.5366,0.39226,0.3943,984.1231833477409,21829.683821868897
2023-08-22 22:02:25.826759,767.0,0.45031701119578615,0.4495532184839249,0.69776,0.6812,0.2550821602344513,0.267365962266922,0.25952,0.2895,0.01722,0.025,0.5442,0.5502,0.39022,0.4148,928.958960241201,15328.469355010986
2023-08-22 22:03:26.778455,768.0,0.45129961824538756,0.47046510353684423,0.6958,0.6595,0.25837813317775726,0.2219325453042984,0.25828,0.2559,0.01722,0.0227,0.54534,0.5158,0.39208,0.3762,853.3148124850526,15289.507361602784
2023-08-22 22:04:23.334566,769.0,0.45443754719228163,0.453798221796751,0.69572,0.6816,0.2510443925857544,0.26335904002189636,0.25506,0.2714,0.0172,0.0226,0.54224,0.5452,0.38684,0.3993,921.5177065012406,17168.29650039673
2023-08-22 22:05:27.413876,770.0,0.4525613217633598,0.45315891280770304,0.6957,0.6856,0.2532869577407837,0.2630566358566284,0.25834,0.2823,0.01774,0.0219,0.54228,0.5428,0.38702,0.4036,808.6461373932508,16423.324983978273
2023-08-22 22:06:19.636311,771.0,0.4521035147564752,0.4581698000431061,0.6971,0.6771,0.25631657242774963,0.24635764956474304,0.25856,0.2697,0.01842,0.0195,0.54348,0.5358,0.39104,0.39,1029.2516247496312,15254.058600616456
2023-08-22 22:07:13.833218,772.0,0.45162033411313074,0.46190474554896355,0.69696,0.6735,0.2551270127296448,0.24256393313407898,0.25876,0.2593,0.0169,0.0237,0.54388,0.5311,0.3916,0.3866,961.2983512878418,15570.199446105957
2023-08-22 22:08:07.269721,773.0,0.45075339063697933,0.45476962849497793,0.69776,0.6809,0.2536293864250183,0.2667529433965683,0.2585,0.2802,0.01772,0.0259,0.5443,0.5467,0.39114,0.4068,979.9694055051219,16606.499571990968
2023-08-22 22:08:56.169214,774.0,0.45227436782145986,0.4462175115942955,0.69564,0.6943,0.2572944462299347,0.2676236480474472,0.2577,0.2797,0.01734,0.0185,0.54408,0.5532,0.3924,0.4031,1078.8245093676508,14760.537380218506
2023-08-22 22:09:59.516092,775.0,0.45038542121040576,0.45302131623029707,0.69772,0.6795,0.2574222832918167,0.2614806592464447,0.25796,0.2853,0.01614,0.0257,0.54552,0.5424,0.3909,0.413,817.5597886844557,15479.967372894287
2023-08-22 22:11:01.830893,776.0,0.45174479362915976,0.4546509779989719,0.69722,0.6838,0.2541922479867935,0.2583737373352051,0.25806,0.2721,0.01772,0.0244,0.54278,0.5429,0.38784,0.395,838.024438352001,15958.316382598878
2023-08-22 22:11:59.819123,777.0,0.4531393534674936,0.44874320849776267,0.69526,0.6815,0.25411146879196167,0.2710109055042267,0.25636,0.2922,0.01778,0.0255,0.54246,0.5538,0.39008,0.4173,904.5734461570273,13391.023075866698
2023-08-22 22:12:52.511301,778.0,0.4499937355214236,0.45735798180103304,0.69976,0.6761,0.2575760781764984,0.24634277820587158,0.2595,0.2734,0.01786,0.0251,0.54692,0.5342,0.3936,0.3966,990.0752918476961,16600.526808929444
2023-08-22 22:13:46.538630,779.0,0.45146836887816993,0.4495524063706398,0.69726,0.6827,0.2577514052391052,0.26232174038887024,0.2577,0.2744,0.01762,0.0232,0.54466,0.5416,0.38956,0.3989,964.652156829834,13398.78482208252
2023-08-22 22:14:46.546729,780.0,0.44989612576912863,0.45939382538199425,0.69722,0.6696,0.2593092620372772,0.25192317366600037,0.2594,0.2884,0.01746,0.0231,0.54782,0.5341,0.39196,0.3986,870.0353991450096,16213.110820770264
2023-08-22 22:15:45.335213,781.0,0.44859373736746455,0.44983971416950225,0.69898,0.6853,0.26014551520347595,0.2554084062576294,0.26118,0.2674,0.01738,0.0218,0.54904,0.543,0.3961,0.3919,898.9424969420141,18868.86725387573
2023-08-22 22:16:37.072805,782.0,0.45131625083028054,0.4501523971557617,0.69524,0.6834,0.25601664185523987,0.2683960199356079,0.25794,0.2831,0.01792,0.0251,0.5451,0.547,0.39156,0.4058,1034.2014804762237,18480.13484725952
2023-08-22 22:17:27.217410,783.0,0.4488082655838558,0.4530041955411434,0.70184,0.6844,0.2603452652692795,0.2554585337638855,0.26088,0.2701,0.01652,0.018,0.54882,0.5398,0.39186,0.3985,1051.0304168389769,19641.712734222412
2023-08-22 22:18:17.583188,784.0,0.4495533913069842,0.45081367939710615,0.69966,0.6872,0.25890131294727325,0.25830140709877014,0.26064,0.2732,0.0175,0.0232,0.54584,0.5424,0.39222,0.3996,1042.5087037378428,17049.17165222168
2023-08-22 22:19:16.491880,785.0,0.45129141393972905,0.4625323459506035,0.69644,0.6742,0.25779151916503906,0.24497361481189728,0.2576,0.2675,0.01688,0.0259,0.54644,0.5313,0.39186,0.3888,904.8691850779007,14197.922242736817
2023-08-22 22:20:05.455530,786.0,0.45080889883090036,0.4495195455849171,0.69828,0.6848,0.2552098035812378,0.2630334496498108,0.26146,0.2715,0.01726,0.0257,0.54412,0.5451,0.3904,0.4013,1076.6801700981296,20907.435801696778
2023-08-22 22:21:01.799154,787.0,0.449487036892346,0.46018255054950713,0.69894,0.6729,0.2571711242198944,0.24844324588775635,0.26066,0.2673,0.01754,0.0222,0.54782,0.5361,0.39256,0.3904,931.4291960268605,17192.303311920165
2023-08-22 22:21:56.237729,788.0,0.45240312586633524,0.4549269869923592,0.69426,0.6782,0.2535669505596161,0.2614188492298126,0.25924,0.2923,0.01766,0.0294,0.54222,0.5394,0.3911,0.4107,965.1558153580646,19917.149745178223
2023-08-22 22:22:48.684164,789.0,0.449223949440888,0.4525823175907135,0.6995,0.6854,0.25981053709983826,0.2624843269586563,0.25926,0.2747,0.0175,0.0198,0.54672,0.546,0.39344,0.4045,1012.8072270763164,20479.70912322998
2023-08-22 22:23:34.189382,790.0,0.45008132074560436,0.4464528769254684,0.69762,0.686,0.25821614265441895,0.2636788785457611,0.25942,0.282,0.01756,0.0237,0.54636,0.5473,0.39338,0.4076,1159.2667360889668,22454.423397827148
2023-08-22 22:24:25.989281,791.0,0.4489977128651677,0.4516263633966446,0.69912,0.6874,0.25879858434200287,0.270181804895401,0.26066,0.2777,0.01738,0.0188,0.54516,0.5492,0.39228,0.4016,1013.9476136966628,18614.654149627684
2023-08-22 22:25:21.399816,792.0,0.450182491723372,0.46071903631091116,0.6973,0.6711,0.25669175386428833,0.24777770042419434,0.26012,0.2794,0.01766,0.0263,0.54554,0.5345,0.39208,0.3986,941.9867050015197,15348.246166229248
2023-08-22 22:26:18.559050,793.0,0.4514168253054424,0.4740604743361473,0.69812,0.6638,0.2561585307121277,0.2345389425754547,0.26042,0.2632,0.01776,0.0196,0.54456,0.5243,0.3911,0.3802,923.4860985425054,18782.90057373047
2023-08-22 22:27:09.909016,794.0,0.45182095452839016,0.45189736038446426,0.69644,0.6805,0.2577499747276306,0.25981731712818146,0.26,0.276,0.01742,0.021,0.54432,0.5425,0.39418,0.4041,1021.3430312798947,15681.452735900879
2023-08-22 22:28:05.870398,795.0,0.4480632961708672,0.44886486008763316,0.70044,0.679,0.2623758912086487,0.2632024884223938,0.26216,0.2884,0.01814,0.0257,0.54852,0.5484,0.39578,0.4089,941.9590819222586,13952.972294616698
2023-08-22 22:29:04.635617,796.0,0.4524061439596877,0.4590147063136101,0.69696,0.6749,0.2539992332458496,0.2621115446090698,0.25706,0.2791,0.0172,0.0243,0.54402,0.5396,0.38958,0.401,886.316126842888,20714.05445098877
2023-08-22 22:30:07.881951,797.0,0.44975628430137826,0.46265731155872347,0.69714,0.6802,0.25979116559028625,0.2494620978832245,0.26168,0.2689,0.01736,0.0184,0.54488,0.5363,0.39686,0.3961,824.8422296485122,14399.821186828613
2023-08-22 22:30:53.405211,798.0,0.45093038602142915,0.44741701185703275,0.69822,0.6811,0.2556319236755371,0.2632812559604645,0.2576,0.2805,0.01792,0.0203,0.54452,0.5423,0.39094,0.4059,1156.1075235483597,22702.165030670167
2023-08-22 22:31:55.168022,799.0,0.44744921141133015,0.4557899184525013,0.70142,0.6746,0.262111634016037,0.24696582555770874,0.26342,0.2707,0.01832,0.0242,0.54914,0.5324,0.39608,0.3919,855.5717243272431,15820.486108398438
2023-08-22 22:32:43.750362,800.0,0.4502821877902868,0.45034652575850487,0.6976,0.683,0.25726962089538574,0.25383061170578003,0.26116,0.2791,0.01766,0.0255,0.54496,0.5401,0.39238,0.403,1092.7842375307666,20654.64655075073
2023-08-22 22:33:30.193674,801.0,0.44967759126911355,0.4591088317334652,0.69696,0.6787,0.25896400213241577,0.2556999623775482,0.25818,0.2764,0.01718,0.0224,0.5463,0.5376,0.39362,0.4018,1129.6887846966179,21942.054775238037
2023-08-22 22:34:21.023325,802.0,0.44954951548454714,0.45115507394075394,0.69662,0.6815,0.25801756978034973,0.2689286470413208,0.261,0.2773,0.01852,0.0221,0.54506,0.553,0.39222,0.4061,1041.4434095110212,14905.321599578858
2023-08-22 22:35:16.075179,803.0,0.4487759878440779,0.4471959352493286,0.69896,0.6854,0.26081499457359314,0.2624792158603668,0.26346,0.2838,0.0186,0.023,0.5481,0.5478,0.39444,0.4071,943.9194288448411,18335.131034851074
2023-08-22 22:36:10.368280,804.0,0.44858769144938915,0.44581150487065313,0.70042,0.6892,0.2571033835411072,0.2748648524284363,0.25946,0.285,0.01802,0.0222,0.54544,0.551,0.39178,0.4121,965.7196079954809,19777.616230773925
2023-08-22 22:37:01.969111,805.0,0.4477810975240201,0.45102293640375135,0.69998,0.6815,0.26249977946281433,0.25826019048690796,0.26024,0.2802,0.01768,0.0228,0.55086,0.5424,0.39508,0.4017,1018.5739806038993,17195.51936569214
2023-08-22 22:37:53.133575,806.0,0.4498126642132292,0.4572079785168171,0.69728,0.6773,0.2566125988960266,0.25699499249458313,0.25964,0.2759,0.01748,0.0243,0.54446,0.5415,0.392,0.4046,1029.1820918491908,14243.919120025635
2023-08-22 22:38:45.186764,807.0,0.450233526831987,0.4597101122140884,0.69714,0.6752,0.2567242383956909,0.25867392122745514,0.25954,0.2779,0.0174,0.0211,0.54594,0.5436,0.39258,0.3998,1013.4537478077168,14523.873095703126
2023-08-22 22:39:39.886004,808.0,0.451121561685387,0.4493719659745693,0.69818,0.6849,0.25838586688041687,0.25982311367988586,0.25928,0.2835,0.01798,0.0243,0.54786,0.5461,0.39382,0.4054,956.9868701234155,20954.41714553833
2023-08-22 22:40:28.962214,809.0,0.4506639140296955,0.44587101638317106,0.69674,0.6899,0.2569628357887268,0.2656776160001755,0.2602,0.2725,0.01724,0.0196,0.5443,0.5489,0.39208,0.4,1080.0299863231426,19144.502040863037
2023-08-22 22:41:24.853404,810.0,0.44834068113443803,0.45977324098348615,0.70014,0.6706,0.2614750266075134,0.2550346255302429,0.26034,0.287,0.01712,0.025,0.54852,0.5364,0.39428,0.4051,941.384142972985,19918.055045318604
2023-08-22 22:42:12.876329,811.0,0.45013080005134853,0.4535369731485844,0.69856,0.69,0.25932273268699646,0.24927189946174622,0.25996,0.2642,0.0177,0.0203,0.54578,0.5399,0.39416,0.3902,1098.1891044305296,20229.673078155516
2023-08-22 22:43:08.520653,812.0,0.45033299010627126,0.4514451302587986,0.69662,0.6885,0.25863227248191833,0.2611398994922638,0.26038,0.2677,0.0181,0.0225,0.54556,0.5465,0.3944,0.3992,942.8806715984733,23095.758617401123
2023-08-22 22:44:02.027396,813.0,0.4507853776520612,0.4482538774609566,0.69598,0.6866,0.25533050298690796,0.26827533543109894,0.25982,0.2827,0.0179,0.0243,0.545,0.5458,0.39188,0.4091,977.215846626126,15018.58882369995
2023-08-22 22:45:03.084230,814.0,0.4493477315622933,0.44751091375947,0.69898,0.6852,0.2603902518749237,0.2713485658168793,0.26064,0.2764,0.01806,0.0209,0.54774,0.5466,0.39208,0.4065,854.4615547802983,15038.056815338135
2023-08-22 22:46:04.215074,815.0,0.4479266811086207,0.44918090626597407,0.69978,0.6819,0.2584414482116699,0.2751348316669464,0.2607,0.2909,0.01766,0.0293,0.54642,0.5528,0.39476,0.4152,851.9667644111478,14977.125109100341
2023-08-22 22:46:59.898605,816.0,0.450232738286865,0.4602363586425781,0.69804,0.679,0.2600005567073822,0.24693679809570312,0.26156,0.2645,0.01764,0.0266,0.54796,0.5328,0.39248,0.3881,945.6181231128926,21202.481337738038
2023-08-22 22:47:53.513838,817.0,0.4494967644616049,0.46550888046622274,0.69654,0.6757,0.26148821413517,0.2613356113433838,0.26034,0.2753,0.01796,0.0233,0.54616,0.5392,0.3937,0.4015,993.6421121091258,14662.702677917481
2023-08-22 22:48:43.486539,818.0,0.4501845348550349,0.45134967640042306,0.6992,0.6837,0.2579600512981415,0.2661212980747223,0.26194,0.2765,0.0174,0.0221,0.54592,0.543,0.3944,0.4044,1057.5192762880909,21055.28193283081
2023-08-22 22:49:34.783570,819.0,0.4469274055896973,0.4548762679100037,0.7021,0.6724,0.26148010790348053,0.2529902160167694,0.26146,0.2856,0.01694,0.0256,0.54872,0.5389,0.39742,0.4005,1040.1452256806042,19368.669735717773
2023-08-22 22:50:32.256836,820.0,0.4486716380532907,0.4612099304795265,0.70236,0.6753,0.26254522800445557,0.2533205449581146,0.26068,0.2768,0.01748,0.0275,0.55012,0.5369,0.39604,0.3998,904.821352900291,15887.370539093017
2023-08-22 22:51:37.513494,821.0,0.44957439464573956,0.448398881405592,0.69722,0.6866,0.25784748792648315,0.2600945234298706,0.26096,0.2797,0.01804,0.0231,0.54504,0.5451,0.394,0.4022,793.2732253561214,15381.204312896729
2023-08-22 22:52:31.345382,822.0,0.44886299815713143,0.45073840022087097,0.69826,0.684,0.2603706419467926,0.25648608803749084,0.26114,0.2784,0.01786,0.0276,0.54588,0.5418,0.39324,0.4018,985.2507341345962,21897.974869537353
2023-08-22 22:53:20.716781,823.0,0.4478654984612854,0.4492987148463726,0.70194,0.6817,0.2592296600341797,0.260501503944397,0.26322,0.2805,0.01774,0.0256,0.5469,0.5423,0.39526,0.4043,1073.0707576518157,18039.063985443114
2023-08-22 22:54:15.372309,824.0,0.4488030608211245,0.4603270083665848,0.70066,0.6729,0.26022446155548096,0.2431550920009613,0.26014,0.2665,0.01714,0.0222,0.54846,0.5305,0.3937,0.39,966.8817618233817,18540.563943481444
2023-08-22 22:55:06.827068,825.0,0.44836055761089133,0.4579895719885826,0.69922,0.6789,0.2613774836063385,0.2541627138853073,0.26226,0.2797,0.0178,0.0274,0.54854,0.5392,0.3952,0.4011,1016.3481747374243,17806.66481170654
2023-08-22 22:55:59.102927,826.0,0.4478734404760964,0.4529825896024704,0.70066,0.6813,0.2600541412830353,0.2479889988899231,0.2602,0.2775,0.01864,0.0254,0.5493,0.5365,0.39266,0.3946,1020.2744899671904,18327.28656692505
2023-08-22 22:56:54.064782,827.0,0.4498587405803252,0.4573753662407398,0.69848,0.6746,0.2601858973503113,0.2572685778141022,0.26044,0.2766,0.01712,0.0282,0.54538,0.5403,0.39414,0.4016,943.6475386327627,19434.788153839112
2023-08-22 22:57:46.606040,828.0,0.4461822239111881,0.4484849527478218,0.7029,0.6832,0.26237423717975616,0.2630907893180847,0.2618,0.2848,0.01856,0.0266,0.55012,0.5443,0.39678,0.4094,995.8255618348413,16808.145506286623
2023-08-22 22:58:41.904783,829.0,0.4460153526493481,0.44826682806015017,0.70174,0.6879,0.2649560570716858,0.25865766406059265,0.2637,0.2728,0.0179,0.0205,0.55192,0.544,0.3978,0.3957,944.9905458567093,18567.51131439209
2023-08-22 22:59:35.530887,830.0,0.44785494068447423,0.46279241517186165,0.70002,0.6673,0.2603718936443329,0.24687883257865906,0.26166,0.2788,0.01774,0.0269,0.5475,0.5339,0.39396,0.3973,967.8359725329341,15060.553742218017
2023-08-22 23:00:28.972270,831.0,0.4492073261312076,0.44905647188425063,0.6998,0.6836,0.2603783905506134,0.2618769407272339,0.2591,0.2739,0.01746,0.0219,0.5484,0.5453,0.39264,0.3996,976.4963610123615,20345.989663696288
2023-08-22 23:01:26.887687,832.0,0.44762253411570374,0.4713855303823948,0.70072,0.659,0.26219502091407776,0.22591979801654816,0.26344,0.2598,0.01824,0.0276,0.5488,0.5163,0.39578,0.3798,903.0170786332111,18841.816875457764
2023-08-22 23:02:21.263995,833.0,0.4481804849846022,0.45790030509233476,0.69962,0.6812,0.26232562959194183,0.2665010690689087,0.26094,0.2748,0.01768,0.0237,0.54868,0.5441,0.39428,0.4022,972.464786529541,18700.58722229004
2023-08-22 23:03:14.837265,834.0,0.448022581028695,0.4588962584733963,0.70032,0.6767,0.2611265182495117,0.25263944268226624,0.2621,0.2789,0.01752,0.0262,0.54938,0.5377,0.39556,0.4002,996.2245597060846,18090.120406341553
2023-08-22 23:04:06.003021,835.0,0.4475005492568016,0.4467916987836361,0.70078,0.6944,0.25982436537742615,0.2686381936073303,0.2615,0.2753,0.01844,0.0204,0.54826,0.5535,0.39542,0.4078,1030.7483377262038,19856.004068756105
2023-08-22 23:04:50.216437,836.0,0.4477453009814632,0.44680747762322426,0.6996,0.6871,0.26174628734588623,0.26801353693008423,0.26314,0.2853,0.01816,0.0249,0.54852,0.5494,0.39484,0.4091,1184.113413285236,21279.958872222902
2023-08-22 23:05:44.705471,837.0,0.4477502559216655,0.45651402696967125,0.70092,0.6759,0.2606208324432373,0.25794482231140137,0.2622,0.2823,0.01844,0.0221,0.54948,0.5354,0.39568,0.403,985.7805642887038,18816.40901412964
2023-08-22 23:06:34.809084,838.0,0.44581014784623163,0.4555582270026207,0.70068,0.6799,0.26380591094493866,0.251313179731369,0.26326,0.2675,0.01812,0.026,0.55192,0.5402,0.39578,0.3909,1057.1563806339186,16771.060877990723
2023-08-22 23:07:30.218406,839.0,0.4468998480208066,0.46787751466035843,0.70138,0.6656,0.2646768093109131,0.23456114530563354,0.26048,0.2643,0.01778,0.0268,0.55018,0.5269,0.39842,0.3884,953.1902538221709,17264.30617904663
2023-08-22 23:08:22.325648,840.0,0.4490977887596403,0.448444265127182,0.69958,0.6957,0.26038089394569397,0.2626130282878876,0.26088,0.2674,0.01732,0.0212,0.54804,0.5445,0.39272,0.3972,1032.9167005577865,14268.37611541748
2023-08-22 23:09:13.636285,841.0,0.4476660640568149,0.45332061499357224,0.70008,0.681,0.2606516480445862,0.2555912435054779,0.26196,0.2742,0.0186,0.0208,0.5484,0.5393,0.39452,0.4001,1031.0740660064075,14583.847222900391
2023-08-22 23:10:04.446555,842.0,0.44778353903366597,0.44788911789655683,0.7013,0.6818,0.2608529031276703,0.26716291904449463,0.26066,0.2866,0.01682,0.0246,0.54934,0.5468,0.39552,0.4097,1035.1819984280332,18960.79580001831
2023-08-22 23:10:50.365532,843.0,0.4482332077257487,0.44710814133286475,0.69926,0.6912,0.259328156709671,0.26658283174037933,0.26578,0.2805,0.01886,0.0238,0.54726,0.5474,0.3944,0.4065,1139.2850031950036,18053.42779006958
2023-08-22 23:11:41.949239,844.0,0.44921452734543355,0.4517317160964012,0.69904,0.6884,0.26237526535987854,0.2541365325450897,0.26002,0.2728,0.01712,0.0215,0.55054,0.539,0.39416,0.4022,1011.6010452581912,19390.92452545166
2023-08-22 23:12:41.748487,845.0,0.44604431442460235,0.44439981430768966,0.702,0.692,0.26436424255371094,0.2659795880317688,0.2642,0.2825,0.01796,0.0234,0.55104,0.5489,0.39824,0.405,875.4719762218242,13986.411360168457
2023-08-22 23:13:36.253565,846.0,0.446712859279039,0.450460709631443,0.70142,0.6837,0.2617332637310028,0.25924475491046906,0.26174,0.2736,0.0184,0.0246,0.55148,0.5433,0.39526,0.4002,968.2972866759009,13420.815355682373
2023-08-22 23:14:32.320901,847.0,0.44656234979629517,0.4477067142724991,0.70346,0.6917,0.26276928186416626,0.27451638877391815,0.26282,0.2779,0.01768,0.0232,0.54974,0.5528,0.39602,0.4062,947.5494035993304,18391.41582107544
2023-08-22 23:15:26.314063,848.0,0.4487705084742332,0.44711429327726365,0.70034,0.6887,0.2602623403072357,0.2622166574001312,0.2613,0.2773,0.01814,0.0275,0.54854,0.5473,0.3952,0.4018,964.3140497791524,19463.165170288084
2023-08-22 23:16:26.721802,849.0,0.44822367402363794,0.4471310317516327,0.69852,0.6914,0.26033997535705566,0.26484423875808716,0.262,0.281,0.01784,0.0234,0.54762,0.5489,0.3943,0.4053,866.2861970395458,15470.121489715577
2023-08-22 23:17:23.294013,850.0,0.4471937868059898,0.4505662269890308,0.69932,0.6809,0.262103408575058,0.26483795046806335,0.26332,0.2845,0.01784,0.026,0.55092,0.5438,0.39756,0.4072,932.5937408135861,23320.1809967041
2023-08-22 23:18:19.674726,851.0,0.44588989095420256,0.44881463050842285,0.70386,0.6887,0.26439183950424194,0.2610989511013031,0.26194,0.2768,0.01844,0.0279,0.5507,0.5474,0.39604,0.4012,937.2269835180166,16467.456797790528
2023-08-22 23:19:20.947978,852.0,0.4487095926793254,0.4491932787001133,0.69996,0.6834,0.2572995722293854,0.27533695101737976,0.25982,0.295,0.01774,0.029,0.54614,0.5529,0.39372,0.4178,851.3229257233289,17199.341927337646
2023-08-22 23:20:22.733924,853.0,0.4468546695246988,0.45500859916210173,0.7027,0.6782,0.2635490894317627,0.26178716123104095,0.26318,0.2834,0.01736,0.0217,0.55028,0.5384,0.39726,0.4079,847.65855501136,15866.600790405273
2023-08-22 23:21:11.759293,854.0,0.44710549301638897,0.45030868202447893,0.70118,0.6768,0.26233792304992676,0.26542773842811584,0.26242,0.2822,0.01744,0.0233,0.54968,0.5447,0.39514,0.4116,1087.5291307410416,19727.7569770813
2023-08-22 23:22:01.972394,855.0,0.4472484168957691,0.4537204705178738,0.69998,0.6889,0.25940731167793274,0.2487836480140686,0.26368,0.2617,0.01796,0.0214,0.54736,0.5391,0.39414,0.3874,1058.641273809939,18976.841078948975
2023-08-22 23:22:47.052254,856.0,0.44674259165720065,0.46435941606760023,0.70072,0.6748,0.2632629722356796,0.23744869232177734,0.26316,0.2628,0.01794,0.0264,0.55014,0.5283,0.3952,0.3815,1170.2710702857194,17379.27258682251
2023-08-22 23:23:41.219581,857.0,0.4459378517099789,0.4490021258592606,0.70508,0.6843,0.2641228586435318,0.26069706678390503,0.26042,0.2822,0.01784,0.0272,0.55156,0.5447,0.39638,0.4069,983.2625188243633,13710.16407470703
2023-08-22 23:24:34.835111,858.0,0.44529783376017396,0.449076496809721,0.70494,0.6908,0.26375970244407654,0.2685074210166931,0.26396,0.2809,0.01816,0.026,0.55156,0.5482,0.39776,0.4066,995.8287603417222,16800.278736114502
2023-08-22 23:25:32.418636,859.0,0.44585577824286055,0.4531204491853714,0.70528,0.6813,0.2609151005744934,0.25821368396282196,0.26272,0.2833,0.01718,0.0296,0.5494,0.5397,0.39362,0.4069,915.3966049661442,20078.571704101563
2023-08-22 23:26:32.970460,860.0,0.4461778420574811,0.4486898325383663,0.70174,0.6904,0.2654777467250824,0.25934484601020813,0.2643,0.2723,0.01734,0.0247,0.55086,0.5418,0.39688,0.399,863.8894320118184,18565.55725250244
2023-08-22 23:27:26.357789,861.0,0.4478165701944001,0.4468659356236458,0.7,0.6918,0.26203784346580505,0.2631515711545944,0.26234,0.2763,0.01812,0.0228,0.54878,0.5485,0.39556,0.4052,990.399950611348,15975.595703125
2023-08-22 23:28:19.000895,862.0,0.4453139958941207,0.4571507379412651,0.70568,0.672,0.2643401622772217,0.27014152705669403,0.26572,0.296,0.01872,0.0312,0.55038,0.5444,0.3975,0.411,991.2580012107383,16692.888306427
2023-08-22 23:29:04.875344,863.0,0.44643787994068496,0.4477941066026688,0.70152,0.6848,0.2622165381908417,0.25353989005088806,0.26408,0.2722,0.01844,0.0236,0.55072,0.5411,0.39588,0.3988,1142.4651057184958,20184.537130737306
2023-08-22 23:29:58.062242,864.0,0.44521318087164236,0.44869422987103463,0.70464,0.6843,0.2656628489494324,0.26530255377292633,0.26274,0.2815,0.01842,0.0263,0.55266,0.5509,0.39774,0.4073,996.7323443354393,17973.35386428833
2023-08-22 23:30:53.411263,865.0,0.4454643936181555,0.459715623408556,0.70076,0.6787,0.26554088294506073,0.251695454120636,0.26514,0.2633,0.01816,0.0189,0.55134,0.537,0.39758,0.3891,946.3687266135703,18256.50804824829
2023-08-22 23:31:39.691958,866.0,0.44819415756026093,0.44811101332306863,0.69946,0.6847,0.26243773102760315,0.2656366527080536,0.26366,0.2821,0.0181,0.022,0.54806,0.5478,0.39802,0.406,1141.0329438812878,18705.7670211792
2023-08-22 23:32:31.933073,867.0,0.44521708680050714,0.454616255313158,0.70138,0.6831,0.26355861127376556,0.2593904137611389,0.26506,0.2752,0.01832,0.0278,0.55074,0.5452,0.39762,0.3984,1012.4227796282087,15657.562342071533
2023-08-22 23:33:24.452813,868.0,0.445350635264601,0.4523562677204609,0.70272,0.6798,0.2643429934978485,0.2542334198951721,0.2654,0.2796,0.01798,0.0228,0.55222,0.5355,0.39706,0.4025,999.7995420961964,16374.762455749511
2023-08-22 23:34:20.271120,869.0,0.44633438240508644,0.448436600714922,0.70306,0.6899,0.25991620123386383,0.2666414976119995,0.26276,0.277,0.01722,0.0268,0.5471,0.5452,0.39546,0.4055,939.3079045354103,18676.951126098633
2023-08-22 23:35:18.657609,870.0,0.4437583840014983,0.44720233231782913,0.7031,0.6835,0.26586733758449554,0.2759370803833008,0.26648,0.2908,0.01886,0.0242,0.55084,0.5531,0.3986,0.4127,895.4842992510114,15763.010133361817
2023-08-22 23:36:24.307823,871.0,0.44620731336121655,0.45551280304789543,0.7019,0.6858,0.26121917366981506,0.2645118534564972,0.263,0.275,0.01818,0.0215,0.54952,0.5447,0.39682,0.4039,789.1556674412319,18613.001658630372
2023-08-22 23:37:20.658274,872.0,0.4463294618287865,0.4530779652297497,0.70056,0.6826,0.2635495364665985,0.2462509572505951,0.26428,0.2784,0.01738,0.0239,0.55006,0.5352,0.39718,0.3976,923.2911411986059,16913.41491394043
2023-08-22 23:38:22.798391,873.0,0.447220896731834,0.4503639489412308,0.70108,0.6839,0.26264119148254395,0.2709094285964966,0.26296,0.2843,0.01812,0.0258,0.5494,0.5476,0.39494,0.4066,834.2691801421496,17768.47642211914
2023-08-22 23:39:20.080514,874.0,0.4444988772881274,0.4483526282012463,0.7046,0.6899,0.26458798348903656,0.2671373039484024,0.2627,0.2788,0.0176,0.0227,0.55302,0.5503,0.39774,0.4033,913.7929126973055,18662.73183822632
2023-08-22 23:40:07.882053,875.0,0.4442939768944468,0.44827870428562167,0.70444,0.6878,0.26373183727264404,0.2679832875728607,0.26336,0.2784,0.01878,0.0266,0.55098,0.5498,0.39748,0.4057,1109.9066122405384,21830.523394012453
2023-08-22 23:41:03.640532,876.0,0.44680606315330584,0.45223417654633524,0.70206,0.6821,0.26217591762542725,0.24394014477729797,0.26328,0.2734,0.01842,0.0297,0.55084,0.5308,0.3957,0.3917,938.2875377888582,20406.705474853516
2023-08-22 23:41:57.546339,877.0,0.4439549543419663,0.44332495629787444,0.70436,0.6879,0.2663821876049042,0.27698588371276855,0.2673,0.2848,0.0186,0.0218,0.55258,0.5535,0.39884,0.4138,967.9388011231714,18909.776314544677
2023-08-22 23:42:45.889246,878.0,0.44363140558101694,0.45034869834780694,0.70352,0.6814,0.26837314665317535,0.2742525488138199,0.26642,0.2922,0.01768,0.0261,0.55402,0.5491,0.39974,0.4129,1088.7925424381178,19180.12949295044
2023-08-22 23:43:36.132925,879.0,0.44480219939533544,0.44524450078606603,0.7032,0.6923,0.263789564371109,0.27089422941207886,0.26228,0.276,0.01864,0.0241,0.55088,0.551,0.3953,0.4058,1048.7517851226185,15932.445127105713
2023-08-22 23:44:37.123997,880.0,0.44542649221055364,0.45007940754294395,0.70144,0.687,0.2637147307395935,0.2636006027460098,0.26402,0.2776,0.01728,0.0222,0.55336,0.5469,0.3993,0.4034,854.5350986402862,17250.85581588745
2023-08-22 23:45:30.408805,881.0,0.4461453908256122,0.44953264445066454,0.70246,0.6902,0.26388823986053467,0.2642543613910675,0.26452,0.2819,0.0183,0.0248,0.54994,0.5482,0.39734,0.4053,1012.9315024395378,16682.594716644286
2023-08-22 23:46:20.441448,882.0,0.4450354107788631,0.4500068947672844,0.70324,0.6891,0.2648926377296448,0.26267513632774353,0.26596,0.2751,0.01864,0.0279,0.5517,0.5463,0.39836,0.3999,1053.7692986313177,19995.470776367187
2023-08-22 23:47:06.561172,883.0,0.44493824699703527,0.46006585136055944,0.7053,0.6652,0.26635661721229553,0.2499220073223114,0.2618,0.2921,0.0186,0.0271,0.55284,0.5319,0.3968,0.4056,1146.8817921852578,17508.648110198974
2023-08-22 23:47:57.659521,884.0,0.4449227722931881,0.4593980312347412,0.7035,0.6767,0.26684799790382385,0.25548240542411804,0.26526,0.2725,0.01744,0.0244,0.55194,0.5353,0.39794,0.3992,1035.3118633348115,17547.444900512695
2023-08-22 23:48:46.582303,885.0,0.44390478806228056,0.44909603893756866,0.70354,0.6874,0.26688969135284424,0.26397886872291565,0.26656,0.2846,0.01726,0.0239,0.5511,0.5445,0.39922,0.408,1073.3732436822386,22071.34436340332
2023-08-22 23:49:42.749177,886.0,0.44495305236505,0.45252474918961527,0.70392,0.6852,0.264112263917923,0.253193199634552,0.26586,0.2688,0.01752,0.0229,0.55116,0.539,0.39854,0.3938,929.3351049617845,19624.332705688477
2023-08-22 23:50:30.632037,887.0,0.4424663861187137,0.44736773520708084,0.70566,0.6873,0.26877713203430176,0.271268755197525,0.265,0.2823,0.01742,0.0233,0.55326,0.5535,0.40088,0.407,1104.893260021599,16573.281224822997
2023-08-22 23:51:25.891396,888.0,0.44419601027454647,0.44755897372961045,0.70494,0.6953,0.2664695084095001,0.2702331840991974,0.26762,0.2721,0.0177,0.0214,0.55334,0.5525,0.3994,0.4038,944.6756436094946,17730.614989471436
2023-08-22 23:52:19.503112,889.0,0.4472136538551778,0.45893131494522094,0.70202,0.6766,0.2629639506340027,0.2563045471906662,0.26348,0.2713,0.0187,0.0249,0.5497,0.5415,0.39746,0.3969,983.7635042618732,20410.66308288574
2023-08-22 23:53:16.601826,890.0,0.44573736905443423,0.45189754888415334,0.7036,0.6921,0.26431213319301605,0.2586565613746643,0.26316,0.2676,0.01868,0.0215,0.5512,0.5478,0.3964,0.3954,910.7864946637835,16873.33907775879
2023-08-22 23:54:18.960596,891.0,0.443429668490984,0.4472451560199261,0.70444,0.687,0.2645750641822815,0.2744140326976776,0.26502,0.2927,0.01848,0.0269,0.55134,0.5556,0.3994,0.4159,835.2868069240025,15256.421891021728
2023-08-22 23:55:23.486500,892.0,0.44552422512550743,0.44419786259531974,0.70258,0.6932,0.26762068271636963,0.27099865674972534,0.2659,0.2768,0.01798,0.0217,0.55272,0.5539,0.3986,0.4058,799.6946051461356,16524.60765838623
2023-08-22 23:56:18.654709,893.0,0.44328786888901067,0.445249105989933,0.70452,0.6933,0.2673693001270294,0.2710377424955368,0.26442,0.2792,0.01804,0.0224,0.55302,0.55,0.39928,0.4021,941.5654571688905,19141.460973358153
2023-08-22 23:57:21.366560,894.0,0.445204247929612,0.44567618444561957,0.70612,0.6886,0.2667522430419922,0.27589061856269836,0.26432,0.2821,0.01736,0.0285,0.553,0.5554,0.39762,0.4121,829.5834866737832,15256.557292175294
2023-08-22 23:58:11.097997,895.0,0.4443488020677956,0.44896506071090697,0.70466,0.6866,0.26542046666145325,0.26282593607902527,0.26588,0.2741,0.01956,0.026,0.55072,0.5456,0.39886,0.4069,1079.4095592109525,18687.062223052977
2023-08-22 23:59:13.650945,896.0,0.44299650739650337,0.45728939548134806,0.70596,0.6768,0.27076829969882965,0.24764259159564972,0.26672,0.2685,0.01814,0.0243,0.55572,0.5345,0.40182,0.3956,836.5073412681113,22191.95115966797
2023-08-23 00:00:08.447145,897.0,0.44727874972990583,0.4462752602994442,0.70256,0.6949,0.2602781057357788,0.27059513330459595,0.26392,0.2752,0.01856,0.0199,0.54824,0.5535,0.39532,0.4084,945.4178819461745,19078.760888671874
2023-08-23 00:01:05.145841,898.0,0.44299433365160107,0.4524365194141865,0.70538,0.6769,0.2681408226490021,0.25997433066368103,0.26598,0.2846,0.01784,0.0277,0.55366,0.5456,0.40078,0.412,915.869294458506,21858.331410980223
2023-08-23 00:01:57.948357,899.0,0.44407905075623066,0.45693384036421775,0.7025,0.6835,0.2678189277648926,0.24586188793182373,0.26598,0.2623,0.01808,0.025,0.55338,0.5327,0.39952,0.3907,993.2930186524683,17638.106980133056
2023-08-23 00:02:59.295159,900.0,0.44275947857876213,0.44415814727544783,0.70718,0.6937,0.26723167300224304,0.27694323658943176,0.2666,0.2828,0.01754,0.0268,0.55478,0.5579,0.40088,0.4126,853.3516522621621,15649.641855621338
2023-08-23 00:03:51.392323,901.0,0.44476946428114056,0.44791075512766837,0.70082,0.6887,0.26623666286468506,0.26733119785785675,0.26364,0.2776,0.01854,0.0211,0.5511,0.5475,0.39986,0.4082,1016.6161228880591,14357.962223052979
2023-08-23 00:04:51.410935,902.0,0.44259763828345705,0.44491585791110994,0.7047,0.6905,0.266864612698555,0.2702976167201996,0.2662,0.286,0.01778,0.0265,0.55428,0.5534,0.39818,0.4114,871.6907942635672,19609.017768859863
2023-08-23 00:05:41.835057,903.0,0.4428854818855013,0.45331426411867143,0.70614,0.6792,0.26898932456970215,0.2565291225910187,0.26616,0.2859,0.01866,0.0317,0.55414,0.5389,0.39886,0.4019,1061.8353455212653,14107.362094116212
2023-08-23 00:06:38.600653,904.0,0.44335715670366677,0.4428639873862267,0.70492,0.7018,0.2668341100215912,0.27112260460853577,0.26492,0.2752,0.0172,0.0224,0.55286,0.5576,0.40016,0.4063,936.676973381821,18316.273637390135
2023-08-23 00:07:43.203467,905.0,0.4418265409007364,0.443337769061327,0.70764,0.6931,0.27220122516155243,0.269888311624527,0.2653,0.2841,0.01828,0.0261,0.55618,0.5538,0.40068,0.4091,801.4168462947923,16926.895585632323
2023-08-23 00:08:44.415311,906.0,0.44170135518117826,0.4461481891572475,0.70704,0.6926,0.26930367946624756,0.26487088203430176,0.26738,0.2829,0.01866,0.027,0.55468,0.5504,0.4005,0.4077,851.9409268437599,17458.718283843995
2023-08-23 00:09:48.445601,907.0,0.44280734065235877,0.4482912696897984,0.70594,0.6848,0.2676774263381958,0.26650403439998627,0.26648,0.2885,0.018,0.0303,0.55422,0.5478,0.39926,0.4059,805.3739239439673,20263.358489990234
2023-08-23 00:10:45.194261,908.0,0.4439104176601585,0.45604232102632525,0.703,0.6789,0.2685282230377197,0.2514587640762329,0.26668,0.2767,0.018,0.0298,0.55258,0.5365,0.39942,0.3963,917.3372950651208,21369.66365737915
2023-08-23 00:11:34.469468,909.0,0.44441097290540227,0.4441310204565525,0.70384,0.6907,0.26628002524375916,0.2741208076477051,0.26562,0.2765,0.0183,0.0238,0.55334,0.5503,0.39978,0.4048,1082.7803976097885,17376.803147125243
2023-08-23 00:12:32.335212,910.0,0.44330463634461775,0.4471154518425465,0.70472,0.6914,0.26759234070777893,0.2692067623138428,0.26702,0.2827,0.01728,0.0251,0.55418,0.5494,0.4008,0.4114,900.3541104063696,15756.662509155274
2023-08-23 00:13:25.347849,911.0,0.4433038693909742,0.4575735114514828,0.70624,0.6726,0.2666487991809845,0.26880496740341187,0.26432,0.2926,0.0182,0.029,0.55382,0.5465,0.398,0.4157,990.2209300605618,19051.68920059204
2023-08-23 00:14:17.624106,912.0,0.4419089963241499,0.4512827418744564,0.70716,0.6828,0.2709534168243408,0.2638689875602722,0.26898,0.2817,0.0181,0.0241,0.55534,0.5434,0.40188,0.4078,1009.2229425079969,19523.256013488768
2023-08-23 00:15:15.631774,913.0,0.44195049849091744,0.44526166617870333,0.70578,0.6888,0.2696193754673004,0.2797863781452179,0.26778,0.2913,0.01856,0.0298,0.55632,0.5548,0.40204,0.4169,898.3771538247868,17382.70210571289
2023-08-23 00:16:10.888279,914.0,0.4445183479360172,0.45060287192463877,0.70332,0.6903,0.2694036662578583,0.2605504095554352,0.26402,0.2782,0.01846,0.0278,0.55384,0.5451,0.3983,0.4007,943.1717512948172,15661.362401580811
2023-08-23 00:17:03.782853,915.0,0.4418330715627086,0.45526592433452606,0.7059,0.686,0.2694154679775238,0.25449173152446747,0.26722,0.2716,0.01874,0.0233,0.55486,0.5407,0.40094,0.3965,997.6735078461317,18567.62640914917
2023-08-23 00:18:02.235349,916.0,0.4412074177240839,0.4465918973088264,0.70688,0.6893,0.2713044285774231,0.2716812491416931,0.26686,0.2814,0.01766,0.0256,0.55626,0.5468,0.4008,0.4081,890.2095477824308,18593.076916503906
2023-08-23 00:18:54.326134,917.0,0.4433970720488198,0.44744915664196017,0.7052,0.6845,0.26680704951286316,0.26103657484054565,0.26488,0.2796,0.01744,0.0236,0.5532,0.5418,0.39824,0.4046,1011.4776155899982,20409.664460754393
2023-08-23 00:19:48.807300,918.0,0.44113606092881186,0.44907172694802283,0.70914,0.6805,0.27176424860954285,0.26801225543022156,0.26504,0.2951,0.01868,0.0292,0.5562,0.5463,0.40084,0.4086,989.3704203391562,16226.544382476806
2023-08-23 00:20:44.653991,919.0,0.44205136429898595,0.45370703265070916,0.70522,0.6817,0.26662294566631317,0.2567196190357208,0.2668,0.2814,0.0186,0.0294,0.55336,0.5431,0.40086,0.4037,958.1950493637396,16722.438513946534
2023-08-23 00:21:37.056094,920.0,0.4413872472181612,0.4450797215104103,0.70944,0.6942,0.2710290253162384,0.2692573666572571,0.26712,0.2825,0.01808,0.0248,0.55662,0.5519,0.40054,0.4105,996.3043382605728,16219.54885482788
2023-08-23 00:22:35.090382,921.0,0.44225881704870534,0.4489159740507603,0.7066,0.6919,0.26906508207321167,0.2658710479736328,0.26724,0.2782,0.01852,0.0223,0.55354,0.549,0.4027,0.4023,916.2424912744639,22006.11158065796
2023-08-23 00:23:28.918513,922.0,0.44202217748578715,0.44858827218413355,0.7075,0.693,0.2707020789384842,0.2622778117656708,0.26738,0.2739,0.01948,0.0222,0.55438,0.5499,0.40128,0.3978,976.4626768462512,20154.53925476074
2023-08-23 00:24:22.735017,923.0,0.4420788633276005,0.44464598745107653,0.70774,0.698,0.26806774735450745,0.2705637812614441,0.26556,0.2767,0.01832,0.0215,0.55474,0.5552,0.40172,0.4075,985.5746865564463,15008.559353637695
2023-08-23 00:25:18.753339,924.0,0.442399014471745,0.4479404628276825,0.70626,0.6889,0.2681749165058136,0.26996371150016785,0.26518,0.2817,0.01868,0.0234,0.55436,0.5513,0.40158,0.4097,927.4788023501027,19521.75212173462
2023-08-23 00:26:15.065062,925.0,0.4405510901492469,0.44563325569033624,0.70776,0.685,0.27369341254234314,0.27995291352272034,0.2676,0.294,0.01794,0.0258,0.55766,0.5532,0.4009,0.4176,926.8755693241042,18062.856051635743
2023-08-23 00:27:08.261271,926.0,0.4431088112142621,0.4441712133586407,0.7059,0.6948,0.26743003726005554,0.27469030022621155,0.26824,0.2798,0.0193,0.0218,0.55404,0.5542,0.4008,0.4078,974.4949935601682,15008.246193695068
2023-08-23 00:28:02.991761,927.0,0.44278854557446073,0.44174773842096327,0.7059,0.696,0.27048420906066895,0.2847543954849243,0.26778,0.2873,0.01798,0.0252,0.55628,0.5595,0.40166,0.4183,955.3158693897481,21678.20456314087
2023-08-23 00:28:59.229616,928.0,0.4409830626480433,0.44894991666078565,0.70724,0.6858,0.27396972477436066,0.2672683298587799,0.2668,0.2763,0.01862,0.025,0.5578,0.5476,0.40334,0.408,957.369560708805,17500.80786895752
2023-08-23 00:30:04.902451,929.0,0.4410011006557212,0.4470799468457699,0.70738,0.6824,0.27096065878868103,0.2792750597000122,0.2685,0.2935,0.01766,0.0271,0.5558,0.5543,0.4022,0.4175,790.210150037493,16830.67576828003
2023-08-23 00:31:08.075773,930.0,0.4423861631325313,0.4432335376739502,0.70546,0.6912,0.2688113749027252,0.27895866334438324,0.26666,0.294,0.01942,0.0261,0.55502,0.5532,0.40208,0.4162,837.9191084102708,16443.980667877197
2023-08-23 00:32:12.756292,931.0,0.4414270257159155,0.4462920740246773,0.70758,0.6914,0.2704955041408539,0.26762667298316956,0.26746,0.2758,0.0184,0.023,0.55558,0.5503,0.40326,0.4048,803.4916607603735,18566.3080078125
2023-08-23 00:33:09.534103,932.0,0.4432847841965909,0.4549203023314476,0.70478,0.6753,0.2682255506515503,0.26850056648254395,0.26652,0.2928,0.01844,0.0276,0.55382,0.5461,0.39874,0.4125,920.3451787987534,16639.784146881102
2023-08-23 00:34:00.388949,933.0,0.4413502105340666,0.4472485907375813,0.7076,0.6889,0.27191606163978577,0.2670299708843231,0.2671,0.2862,0.01846,0.0259,0.55904,0.5479,0.4016,0.4122,1040.0838258704362,21402.853980255128
2023-08-23 00:34:45.299573,934.0,0.44175203144550323,0.4536059111356735,0.70628,0.6798,0.26822346448898315,0.25338655710220337,0.26732,0.2782,0.01868,0.0244,0.55366,0.5402,0.39872,0.4018,1170.6252186055085,20397.91706161499
2023-08-23 00:35:43.860688,935.0,0.43957830950313687,0.4501364104449749,0.70784,0.6855,0.272842675447464,0.2579379975795746,0.26682,0.274,0.01864,0.024,0.55718,0.5431,0.40384,0.3974,891.7689121791294,16263.652129364014
2023-08-23 00:36:37.907001,936.0,0.4415132394250558,0.45334605053067206,0.70554,0.6848,0.27125000953674316,0.2604846656322479,0.2674,0.2824,0.01786,0.0216,0.55428,0.543,0.40236,0.402,983.7394891855668,22193.82733078003
2023-08-23 00:37:27.187463,937.0,0.43958959029037126,0.4634179562330246,0.70798,0.6698,0.27147558331489563,0.24760401248931885,0.27054,0.2663,0.0187,0.0272,0.5567,0.5321,0.40472,0.3928,1065.6375970645827,20011.10643081665
2023-08-23 00:38:17.939340,938.0,0.4419721424275515,0.44596429020166395,0.70574,0.691,0.27097274363040924,0.26427459716796875,0.26764,0.2764,0.01802,0.0223,0.55674,0.5488,0.40262,0.4058,1054.9266550492266,14110.262677764893
2023-08-23 00:39:19.404662,939.0,0.44119021494169625,0.4451455384492874,0.70728,0.6902,0.27228954434394836,0.2769143879413605,0.26666,0.2884,0.01842,0.0262,0.55672,0.5542,0.40286,0.4142,846.3450399126325,18635.60231552124
2023-08-23 00:40:17.200596,940.0,0.441618341876536,0.4461795322597027,0.70796,0.6923,0.2698884904384613,0.2710365206003189,0.26696,0.2825,0.01782,0.0244,0.55574,0.553,0.40036,0.4081,906.4158877158652,16662.438959503175
2023-08-23 00:41:18.349387,941.0,0.4406981081986914,0.4507253415882587,0.7081,0.6855,0.26963528990745544,0.2653110921382904,0.26618,0.2828,0.01854,0.0211,0.5557,0.5449,0.4021,0.4022,851.2907626093651,20229.882878112792
2023-08-23 00:42:23.525091,942.0,0.44060113341832646,0.4496784061193466,0.707,0.6865,0.27059245109558105,0.26250655949115753,0.26748,0.2813,0.01842,0.0286,0.55702,0.547,0.4029,0.4053,794.1585568797832,15815.083644104005
2023-08-23 00:43:28.945161,943.0,0.4409394226208025,0.4502255268394947,0.70764,0.6838,0.2725917398929596,0.26301509141921997,0.26864,0.2786,0.01796,0.0245,0.55768,0.5456,0.40324,0.4072,788.6076874246403,19809.515740966795
2023-08-23 00:44:15.075215,944.0,0.44141058638996006,0.47606385350227354,0.70798,0.6618,0.27116382122039795,0.22598114609718323,0.26702,0.2581,0.01946,0.0227,0.55554,0.5178,0.40096,0.3762,1148.9139621501067,17411.958139038084
2023-08-23 00:45:00.522628,945.0,0.44192793235486866,0.4534042812883854,0.70458,0.6814,0.27106431126594543,0.26303035020828247,0.26712,0.2828,0.01906,0.0272,0.55548,0.5457,0.4028,0.4054,1160.4021006992884,14375.58166732788
2023-08-23 00:45:46.918359,946.0,0.4403166439460248,0.4523465156555176,0.70916,0.6839,0.2718126177787781,0.2610394060611725,0.26596,0.2777,0.0178,0.0205,0.55734,0.5469,0.40196,0.404,1138.3372317722865,16909.60799484253
2023-08-23 00:46:38.914147,947.0,0.44002131342279666,0.4399028390645981,0.70796,0.6962,0.2719327211380005,0.2814168781042099,0.2684,0.2877,0.01788,0.0259,0.55592,0.5556,0.40452,0.4147,1005.12222445741,20425.569116210936
2023-08-23 00:47:28.713973,948.0,0.44234098615695017,0.4422138400375843,0.70664,0.6939,0.27253375947475433,0.270896852016449,0.26722,0.2839,0.0188,0.0241,0.55654,0.5521,0.40234,0.4079,1064.5772290132484,18406.194556427003
2023-08-23 00:48:33.989781,949.0,0.440448849176874,0.4417333327233791,0.70738,0.6978,0.27166852355003357,0.27230772376060486,0.26842,0.2794,0.019,0.0232,0.5569,0.5551,0.40424,0.4078,793.6119247747928,18887.802909851074
2023-08-23 00:49:30.742811,950.0,0.4399706018822534,0.4550400972366333,0.70768,0.6859,0.27419739961624146,0.2549203634262085,0.26826,0.2667,0.01926,0.024,0.55948,0.5407,0.40544,0.3935,928.4552651230169,15148.42296218872
2023-08-23 00:50:26.860685,951.0,0.44252524068769145,0.45809090957045556,0.70384,0.6784,0.27189362049102783,0.23864740133285522,0.26798,0.2707,0.0188,0.0285,0.55584,0.5303,0.40044,0.3876,945.3332095243493,20525.217597961426
2023-08-23 00:51:14.917534,952.0,0.4418964407273701,0.45075861290097236,0.70552,0.686,0.2711980640888214,0.25067803263664246,0.26662,0.2685,0.01832,0.0196,0.5552,0.5418,0.40368,0.3961,1097.5163630271445,20309.45766067505
2023-08-23 00:52:10.795601,953.0,0.44067385503832174,0.44990472719073293,0.70814,0.6836,0.2702689468860626,0.2648939788341522,0.26744,0.2786,0.01898,0.0236,0.55612,0.5466,0.40242,0.4066,959.6048889160156,13875.149975585937
2023-08-23 00:53:09.957387,954.0,0.43835441068727143,0.44141716286540034,0.71112,0.6961,0.276055172085762,0.2731289565563202,0.26706,0.2857,0.01836,0.024,0.56008,0.5542,0.40444,0.4142,883.1820317482461,15559.879204559325
2023-08-23 00:54:04.328267,955.0,0.4435182791583392,0.44369788095355034,0.70356,0.691,0.2675548791885376,0.27940672636032104,0.26562,0.2917,0.01878,0.0252,0.55488,0.5553,0.3988,0.4141,957.7303374154227,17851.777001190185
2023-08-23 00:54:49.086497,956.0,0.44265967060108574,0.44642786905169485,0.70452,0.6881,0.2705320417881012,0.2672244608402252,0.26944,0.2778,0.01906,0.0238,0.55526,0.5512,0.4019,0.4078,1170.9406512513453,20214.32558822632
2023-08-23 00:55:46.365908,957.0,0.44014552387656,0.4454906351864338,0.70812,0.691,0.2739252746105194,0.25909774005413055,0.26858,0.2788,0.01926,0.0248,0.55906,0.5466,0.40468,0.4044,921.4572031449298,15812.937693023681
2023-08-23 00:56:35.312595,958.0,0.4396668788121671,0.44726397320628164,0.70968,0.689,0.2710253596305847,0.26210740208625793,0.26856,0.2841,0.0182,0.0279,0.55774,0.5501,0.40404,0.4074,1093.297297419334,20524.6993057251
2023-08-23 00:57:28.172518,959.0,0.439374391217621,0.4467778541147709,0.70868,0.693,0.2772296518087387,0.2627173215150833,0.26922,0.2751,0.0186,0.025,0.56028,0.5477,0.40376,0.4029,999.5535423901616,17389.326974487303
2023-08-23 00:58:22.690874,960.0,0.4382535270890411,0.4423173688352108,0.71104,0.6895,0.2738797664642334,0.273372620344162,0.26972,0.2862,0.01852,0.0245,0.5587,0.5518,0.40622,0.4112,950.6723377461336,20192.017650604248
2023-08-23 00:59:13.646018,961.0,0.4418984113299117,0.4481726475059986,0.70434,0.6869,0.2732788920402527,0.2699681371450424,0.26808,0.2891,0.01828,0.0229,0.55636,0.551,0.40126,0.4128,1027.6183368916413,15284.31790084839
2023-08-23 01:00:02.339835,962.0,0.43988947266218614,0.44399362429976463,0.7095,0.6891,0.2721118927001953,0.27879396080970764,0.26912,0.2905,0.01906,0.0272,0.55838,0.5537,0.40182,0.4128,1089.4743446817204,16120.662866210938
2023-08-23 01:00:57.878355,963.0,0.43861053823208324,0.4481159374117851,0.71048,0.6804,0.27348941564559937,0.27457764744758606,0.27032,0.2947,0.01876,0.0271,0.55894,0.5486,0.40562,0.417,941.9210196514518,14287.160425567627
2023-08-23 01:01:53.003237,964.0,0.4415277710982731,0.44231866374611856,0.70846,0.692,0.27021902799606323,0.2724790573120117,0.2691,0.287,0.01918,0.0241,0.55328,0.5525,0.40168,0.4135,963.7314769199917,20602.220137023927
2023-08-23 01:02:43.664135,965.0,0.4407416265838,0.44689899012446405,0.70716,0.6871,0.27330005168914795,0.26828134059906006,0.26856,0.2833,0.0185,0.0285,0.55676,0.5499,0.4023,0.4067,1033.2929701513174,14730.138552856446
2023-08-23 01:03:43.137710,966.0,0.44041635384973216,0.4424233868718147,0.70898,0.6914,0.27330467104911804,0.2790605127811432,0.26878,0.2905,0.0185,0.0259,0.55632,0.5578,0.40446,0.4161,879.5364984784808,16122.03378753662
2023-08-23 01:04:39.740871,967.0,0.4396662535716076,0.4458454519510269,0.70984,0.6834,0.2727945148944855,0.27817682921886444,0.27114,0.2953,0.0185,0.0268,0.55668,0.5541,0.4056,0.4168,925.1606739589146,18611.94492263794
2023-08-23 01:05:36.293157,968.0,0.4383435524543937,0.4416813336312771,0.71168,0.693,0.2720591127872467,0.27255308628082275,0.26974,0.2839,0.01852,0.0234,0.55808,0.5552,0.40396,0.4112,924.7253181301818,14234.437973022461
2023-08-23 01:06:40.897596,969.0,0.4397008700334296,0.44328573197126386,0.71016,0.6959,0.27111873030662537,0.27792173624038696,0.26768,0.2859,0.0182,0.025,0.55662,0.5577,0.40304,0.4147,800.3986081493144,16276.805410003662
2023-08-23 01:07:32.109643,970.0,0.43689902081173293,0.4475506514310837,0.712,0.6863,0.2767018675804138,0.2687462568283081,0.27166,0.2929,0.01908,0.0303,0.56096,0.549,0.40614,0.4128,1043.348978003677,15003.52953414917
2023-08-23 01:08:22.494506,971.0,0.4402199352578241,0.45465321019291877,0.70842,0.6864,0.27309009432792664,0.25173380970954895,0.26932,0.2678,0.01798,0.0219,0.55774,0.5376,0.40326,0.3921,1043.1192849606884,20051.394731140135
2023-08-23 01:09:12.701657,972.0,0.43812732809052174,0.44554643481969836,0.71102,0.6937,0.2778341919183731,0.274111807346344,0.27016,0.2845,0.01886,0.0265,0.56088,0.5573,0.40626,0.4102,1054.9246180008868,14787.721178436279
2023-08-23 01:10:04.974985,973.0,0.43943192688178045,0.44312897995114325,0.70986,0.6954,0.275491863489151,0.26224374771118164,0.2695,0.2796,0.01848,0.0228,0.55906,0.548,0.40478,0.4057,1013.5917754659847,16364.174745941162
2023-08-23 01:10:54.465786,974.0,0.43914977643562825,0.45031838342547414,0.70978,0.6801,0.2744549810886383,0.27108046412467957,0.26968,0.2884,0.0191,0.0289,0.55784,0.5512,0.40404,0.4143,1071.1545229542012,16952.263828277588
2023-08-23 01:11:46.920319,975.0,0.4399919560065075,0.45305173844099045,0.70802,0.6778,0.27250246703624725,0.26259033381938934,0.26912,0.2769,0.01846,0.0293,0.55672,0.5457,0.40226,0.4029,1015.5176251469826,19454.35429763794
2023-08-23 01:12:44.735152,976.0,0.43932090273925234,0.4442217707633972,0.70682,0.6928,0.27468886971473694,0.26896002888679504,0.27036,0.2893,0.01866,0.0232,0.55956,0.5513,0.40356,0.4098,905.2059827532087,20352.594773101806
2023-08-23 01:13:44.915960,977.0,0.43920301919688987,0.4424816079437733,0.71174,0.7,0.2740047872066498,0.26653385162353516,0.2669,0.2728,0.01854,0.0243,0.55826,0.5525,0.40356,0.402,879.8167396078304,16707.38038864136
2023-08-23 01:14:49.457701,978.0,0.439996283121255,0.4441225782036781,0.70744,0.6876,0.27032458782196045,0.27506135404109955,0.26732,0.2873,0.01838,0.0265,0.5553,0.5525,0.40226,0.4186,806.2453335353306,14406.115863800049
2023-08-23 01:15:51.536622,979.0,0.43813138135841917,0.44892271533608435,0.71126,0.6844,0.27442988753318787,0.26607897877693176,0.26866,0.2805,0.01876,0.0226,0.55952,0.5435,0.40596,0.4058,834.6103292971242,18098.51123123169
2023-08-23 01:16:56.048095,980.0,0.4385219055170916,0.44845068231225016,0.70904,0.6874,0.2754569500684738,0.2638233006000519,0.26932,0.2815,0.01904,0.0239,0.55982,0.5437,0.40498,0.4103,799.9826472535425,18827.688220214844
2023-08-23 01:17:58.200053,981.0,0.4379107118869314,0.4553454197943211,0.7112,0.6857,0.27438580989837646,0.2603153735399246,0.26932,0.2775,0.01922,0.0223,0.55852,0.5436,0.40528,0.4018,839.7594078998177,15496.413341522217
2023-08-23 01:18:54.100245,982.0,0.43869720642663995,0.4498098134994507,0.71196,0.6861,0.2744596004486084,0.26437559723854065,0.27062,0.2792,0.0185,0.0234,0.56084,0.548,0.40516,0.4084,945.4087734611667,18493.654653930666
2023-08-23 01:19:46.018102,983.0,0.43680423680616887,0.44961954429745676,0.71164,0.6846,0.2775668799877167,0.2701164186000824,0.27202,0.2846,0.01992,0.0264,0.56046,0.5506,0.40848,0.412,1013.6913782236527,19186.7402053833
2023-08-23 01:20:38.651293,984.0,0.4386914253843074,0.4488624043762684,0.71088,0.6851,0.2752992808818817,0.2689685672521591,0.26952,0.2899,0.01902,0.03,0.56072,0.5466,0.4048,0.4122,1009.1824380524305,19710.845827484132
2023-08-23 01:21:35.469099,985.0,0.4398459854478739,0.4455930694937706,0.70804,0.6901,0.2729211151599884,0.2746198773384094,0.26848,0.2865,0.01918,0.0262,0.55718,0.555,0.40386,0.4124,939.0079760648766,16109.939804077148
2023-08-23 01:22:30.261314,986.0,0.44027975308043615,0.4471916422247887,0.70786,0.6902,0.2722464054822922,0.2742372751235962,0.26896,0.2802,0.01848,0.0216,0.55738,0.5492,0.40348,0.413,976.7005959335638,20230.618806457518
2023-08-23 01:23:16.658663,987.0,0.4360219022753287,0.44824743643403053,0.71048,0.6914,0.2777147591114044,0.2672286033630371,0.27018,0.2789,0.0194,0.0223,0.56046,0.546,0.40736,0.4068,1129.1837424453424,21042.75954437256
2023-08-23 01:24:18.298961,988.0,0.4371177537404761,0.44911087676882744,0.71002,0.6799,0.278272807598114,0.2678762972354889,0.27318,0.2838,0.01802,0.0289,0.56168,0.547,0.40894,0.4048,847.1718495427345,14229.758379364013
2023-08-23 01:25:15.697712,989.0,0.4391940733303829,0.4452838018536568,0.70994,0.6944,0.2728978246450424,0.2704826295375824,0.27024,0.2786,0.01804,0.022,0.55962,0.5512,0.40532,0.407,915.5978054124482,21793.74859085083
2023-08-23 01:26:10.536022,990.0,0.4377871341243082,0.4416753962635994,0.71038,0.693,0.2764212489128113,0.26941561698913574,0.2698,0.2854,0.01874,0.0276,0.56066,0.5551,0.40496,0.4077,945.075637350277,21115.987629699706
2023-08-23 01:27:10.167489,991.0,0.437511573488615,0.44390305429697036,0.71142,0.6888,0.27630430459976196,0.27710390090942383,0.27206,0.293,0.01894,0.0253,0.55984,0.555,0.40364,0.4184,878.6159474898358,15238.950958251953
2023-08-23 01:28:04.995051,992.0,0.4369864808965702,0.4423766128718853,0.71264,0.6971,0.2753741443157196,0.2739217132329941,0.26996,0.2748,0.0189,0.0229,0.56092,0.5602,0.40708,0.4048,956.5293456875548,21395.19797286987
2023-08-23 01:29:05.015054,993.0,0.4374282442185344,0.4495692245662212,0.71154,0.6878,0.2767413854598999,0.2603069841861725,0.27166,0.2798,0.01846,0.0285,0.56108,0.5456,0.4078,0.4053,883.0258378787917,17685.11260986328
2023-08-23 01:29:55.910473,994.0,0.43877620614913043,0.4425428368151188,0.71066,0.6951,0.27317485213279724,0.27291175723075867,0.26944,0.2792,0.01912,0.0239,0.55758,0.5556,0.40224,0.4069,1042.60229048437,16442.107807159424
2023-08-23 01:30:52.364190,995.0,0.43809033626196336,0.4408955514431,0.70908,0.7002,0.27547091245651245,0.2800957262516022,0.26894,0.2841,0.01846,0.0235,0.55768,0.5567,0.40374,0.4125,926.9935465442891,18109.778393554687
2023-08-23 01:31:43.129955,996.0,0.4371637785617186,0.44487816393375396,0.71174,0.6939,0.2777596116065979,0.2719833552837372,0.2698,0.2752,0.0191,0.0235,0.5608,0.5535,0.40604,0.4017,1036.2795594663037,14628.833165740967
2023-08-23 01:32:34.512946,997.0,0.43777338248126363,0.44388929530978205,0.71078,0.6895,0.27600550651550293,0.281200110912323,0.27006,0.2947,0.01846,0.0298,0.55956,0.5568,0.4042,0.4241,1017.3015735392668,21104.540505218505
2023-08-23 01:33:22.297905,998.0,0.4359548593662223,0.442820156365633,0.71354,0.6944,0.27834704518318176,0.272569864988327,0.27018,0.2818,0.01924,0.024,0.56268,0.5535,0.40612,0.408,1105.4251140672334,20753.956813812256
2023-08-23 01:34:18.490174,999.0,0.4367185298885618,0.44750901907682417,0.713,0.6907,0.27811163663864136,0.2609677165746689,0.27062,0.266,0.01862,0.0195,0.5617,0.546,0.40676,0.3964,945.071346282959,17886.20564804077
2023-08-23 01:35:13.406824,1000.0,0.4370831908011923,0.44786217212677004,0.71248,0.6789,0.2771112024784088,0.2706816792488098,0.27036,0.2983,0.0188,0.031,0.56052,0.5477,0.40546,0.4156,948.8775703274474,19519.417951965333
2023-08-23 01:36:00.187517,1001.0,0.4373828499596946,0.4445175237953663,0.7106,0.6841,0.2756156921386719,0.28133682906627655,0.2706,0.2913,0.01878,0.028,0.5594,0.5563,0.40486,0.416,1131.1110309678681,17110.44571990967
2023-08-23 01:36:52.430602,1002.0,0.4366991088098409,0.4463972933590412,0.71238,0.6921,0.27798113226890564,0.2701089382171631,0.27098,0.2808,0.01794,0.0219,0.56314,0.5505,0.40858,0.4058,1012.8605351350745,16509.948836517335
2023-08-23 01:37:53.049849,1003.0,0.4385241447966926,0.44712617695331575,0.71176,0.6926,0.2725032866001129,0.2628488689661026,0.26902,0.2702,0.01898,0.0223,0.56068,0.5487,0.40322,0.3985,861.1367550285495,15967.454154968262
2023-08-23 01:38:49.725899,1004.0,0.4391120926153903,0.44234621003270147,0.71114,0.6972,0.2769617438316345,0.28400376439094543,0.2686,0.2904,0.01854,0.0236,0.56038,0.5586,0.40414,0.4168,926.1967568689463,19871.289305114748
2023-08-23 01:39:37.369678,1005.0,0.4364974111014483,0.4503090620040894,0.71154,0.6852,0.2763531506061554,0.2648756504058838,0.26976,0.2945,0.01934,0.0266,0.56068,0.5474,0.40684,0.4128,1112.6679552039323,14950.707527160645
2023-08-23 01:40:31.989580,1006.0,0.43651063192863854,0.44330100119113924,0.7124,0.6918,0.277492493391037,0.2703424394130707,0.27158,0.2873,0.0194,0.0228,0.56156,0.5542,0.405,0.4096,955.0620892583107,15580.483322143555
2023-08-23 01:41:35.159067,1007.0,0.43716772615301364,0.44250612407922746,0.71254,0.6869,0.2771008163690567,0.27627792954444885,0.27096,0.3002,0.01876,0.0269,0.56152,0.5519,0.40464,0.4205,822.7708717657596,18357.52097167969
2023-08-23 01:42:28.374687,1008.0,0.43575988755542405,0.445052032917738,0.71276,0.6943,0.27832216024398804,0.2700984477996826,0.27082,0.2802,0.0183,0.0249,0.5626,0.5538,0.40672,0.4091,998.4806497534927,16805.06361541748
2023-08-23 01:43:23.351769,1009.0,0.43574218588824176,0.43965539857745173,0.71388,0.6936,0.2801184058189392,0.2758327126502991,0.2715,0.2827,0.01868,0.0254,0.56252,0.56,0.40838,0.4101,956.830284897162,19925.914916992188
2023-08-23 01:44:10.664394,1010.0,0.4363509372484927,0.44194852709770205,0.71136,0.6913,0.2757227122783661,0.2796574980020523,0.27188,0.2862,0.0186,0.026,0.56052,0.5589,0.40876,0.4141,1109.296848686374,20245.31647720337
2023-08-23 01:45:05.586091,1011.0,0.43499051368966396,0.4418485701084137,0.715,0.6903,0.2799531817436218,0.27242638170719147,0.27218,0.2847,0.01814,0.0269,0.56416,0.5543,0.40842,0.4144,956.7436904907227,18603.092910003663
2023-08-23 01:45:57.895487,1012.0,0.4367825402593126,0.4452186532318592,0.71272,0.6911,0.27855566143989563,0.2713683247566223,0.27212,0.2788,0.01862,0.0259,0.56278,0.5477,0.4073,0.407,997.9189700691068,19843.10643234253
2023-08-23 01:46:50.288747,1013.0,0.43590028660029784,0.4443878039717674,0.71358,0.6942,0.2783820629119873,0.26674677431583405,0.27174,0.275,0.0194,0.0235,0.5623,0.5502,0.40646,0.4028,1005.1875812764071,15864.012490081786
2023-08-23 01:47:37.521726,1014.0,0.43844196169960253,0.44287713542580603,0.7094,0.6909,0.27398139238357544,0.2674689292907715,0.26846,0.2886,0.01906,0.024,0.55958,0.5496,0.40266,0.4117,1117.0250726816605,18965.140287780763
2023-08-23 01:48:33.590392,1015.0,0.4366525965077536,0.44671396613121034,0.71314,0.6875,0.27641889452934265,0.2666730731725693,0.27326,0.2803,0.01882,0.0286,0.5594,0.5491,0.40878,0.4041,944.4356024605887,15862.210386657714
2023-08-23 01:49:34.726293,1016.0,0.4354102564405422,0.441268390417099,0.7151,0.6913,0.280719518661499,0.27726638317108154,0.27226,0.2869,0.01864,0.025,0.5639,0.5531,0.41016,0.4132,853.4987933100487,14573.723123168946
2023-08-23 01:50:39.038477,1017.0,0.43645549793632665,0.44605790376663207,0.71438,0.6909,0.28003644943237305,0.26913392543792725,0.27418,0.2844,0.01928,0.0268,0.5633,0.5462,0.40994,0.4103,804.4023643026546,17689.091073608397
2023-08-23 01:51:36.169190,1018.0,0.43386575777311714,0.44060800671577455,0.71636,0.6942,0.2809329926967621,0.2824191749095917,0.27256,0.2878,0.0184,0.0266,0.56454,0.555,0.40942,0.4154,941.396660473882,14597.078276062011
2023-08-23 01:52:36.793781,1019.0,0.4357549899390766,0.44763745218515394,0.71218,0.688,0.28043055534362793,0.2775142937898636,0.27068,0.2862,0.01898,0.0255,0.5629,0.5522,0.40784,0.4096,858.9394556162308,19570.155940246583
2023-08-23 01:53:37.333530,1020.0,0.43915828195761664,0.44199861884117125,0.7101,0.6924,0.2761889398097992,0.2716239094734192,0.26756,0.2892,0.01784,0.0242,0.55992,0.5559,0.40366,0.4104,870.3362958479901,18719.00673751831
2023-08-23 01:54:28.511623,1021.0,0.4365537574096602,0.44267439246177676,0.7119,0.6917,0.2780096083879471,0.27378466725349426,0.27078,0.2861,0.02002,0.0226,0.56148,0.552,0.40542,0.4109,1028.8676925192074,22637.113068389892
2023-08-23 01:55:27.706012,1022.0,0.43412153483653554,0.4390301637351513,0.71448,0.6965,0.28183451294898987,0.2883570194244385,0.27372,0.2847,0.01904,0.0247,0.5637,0.5609,0.40966,0.4197,881.6160212925503,19150.752953338622
2023-08-23 01:56:26.988333,1023.0,0.43385665377183835,0.44952183961868286,0.71652,0.6854,0.2822490632534027,0.2643078565597534,0.27382,0.2794,0.0186,0.0303,0.56472,0.5452,0.41026,0.4021,880.69709614345,16698.76501083374
2023-08-23 01:57:21.767082,1024.0,0.4364103586698065,0.4387302413582802,0.71134,0.6965,0.2779504060745239,0.28548218309879303,0.27316,0.2968,0.01836,0.0262,0.5628,0.5613,0.40872,0.4203,969.2076100719219,21012.370807647705
2023-08-23 01:58:14.865098,1025.0,0.4333846246709629,0.44763716161251066,0.71572,0.6899,0.28128764033317566,0.26802316308021545,0.27226,0.2765,0.0188,0.0235,0.56384,0.5511,0.41096,0.4063,986.8601081225337,15514.01047821045
2023-08-23 01:59:08.653051,1026.0,0.43783547653227434,0.44131545200943945,0.71262,0.691,0.2740153670310974,0.28425517678260803,0.26956,0.2993,0.01868,0.0253,0.55822,0.5601,0.4041,0.4195,986.7174577518385,18596.763091278077
2023-08-23 02:00:03.154866,1027.0,0.43361817193882807,0.4487926118075848,0.71476,0.6812,0.28248539566993713,0.2790323942899704,0.27354,0.2948,0.01794,0.0291,0.5637,0.5521,0.4093,0.4202,985.076855873575,21347.125915527344
2023-08-23 02:00:55.765413,1028.0,0.43682490410853403,0.4412015065550804,0.71138,0.6876,0.27910318970680237,0.2821146249771118,0.27354,0.2987,0.01892,0.0277,0.56264,0.556,0.40756,0.419,995.8207824862733,21181.793669891358
2023-08-23 02:01:46.762401,1029.0,0.4328391371028764,0.4420760676264763,0.71468,0.6977,0.2851393073797226,0.27817583084106445,0.27604,0.2854,0.01852,0.0265,0.56584,0.556,0.41224,0.4121,1030.3819807402942,18671.689054870607
2023-08-23 02:02:39.399958,1030.0,0.43358210459047436,0.45305404514074327,0.7169,0.6797,0.2848329246044159,0.2636275589466095,0.27404,0.2745,0.01882,0.0213,0.5655,0.547,0.4123,0.4049,1000.0525444964974,16348.282802581787
2023-08-23 02:03:29.947778,1031.0,0.4361228825790541,0.44144918769598007,0.7122,0.6977,0.27551206946372986,0.27526211738586426,0.272,0.2782,0.0191,0.0238,0.55982,0.5584,0.4063,0.4105,1047.69556995314,15111.350454711914
2023-08-23 02:04:32.169054,1032.0,0.4333031679294547,0.4533243507146835,0.71694,0.6755,0.27841439843177795,0.26320767402648926,0.27418,0.2949,0.01924,0.029,0.56368,0.544,0.40858,0.4113,843.0836703242088,18455.758432006834
2023-08-23 02:05:36.412474,1033.0,0.43607778908038625,0.4424619249999523,0.71288,0.6896,0.2777997553348541,0.2809452414512634,0.27062,0.2931,0.0192,0.0277,0.56208,0.5563,0.40622,0.4208,809.8190471104214,17449.44027938843
2023-08-23 02:06:29.014198,1034.0,0.43577887756483896,0.44364579766988754,0.714,0.688,0.2808173894882202,0.2819073051214218,0.27066,0.2987,0.02012,0.0292,0.5625,0.5547,0.4074,0.4212,1011.2709611386668,18876.937071990968
2023-08-23 02:07:17.520070,1035.0,0.43582761971926204,0.44270829036831855,0.7142,0.6934,0.27732959389686584,0.2743590474128723,0.27182,0.2808,0.01878,0.0264,0.56164,0.5538,0.40582,0.4115,1089.0756256726324,19740.993826293947
2023-08-23 02:08:09.002814,1036.0,0.43385477759400193,0.44826122298836707,0.71492,0.6825,0.28279608488082886,0.2682070732116699,0.27474,0.2849,0.01916,0.0295,0.56576,0.5469,0.41078,0.4078,1025.261916569301,14764.48565826416
2023-08-23 02:09:14.381056,1037.0,0.4367300939499115,0.4458873815834522,0.71202,0.6932,0.2821105420589447,0.26977136731147766,0.27082,0.2786,0.0191,0.0269,0.56228,0.5484,0.40916,0.4077,791.0400773651746,17893.50588684082
2023-08-23 02:10:08.279002,1038.0,0.43344881993775464,0.44869148954749105,0.71594,0.6893,0.2860320806503296,0.27670642733573914,0.2732,0.282,0.0194,0.023,0.56608,0.5536,0.41034,0.4126,978.2128046775351,15461.306394195557
2023-08-23 02:11:11.079696,1039.0,0.4354512521198818,0.43674875125288964,0.71664,0.7021,0.2801471948623657,0.28569871187210083,0.27094,0.2923,0.0186,0.0242,0.5654,0.5605,0.40592,0.4188,828.3343540892309,15133.233209991455
2023-08-23 02:12:03.330840,1040.0,0.43428859874910236,0.444632788002491,0.71452,0.6863,0.28021401166915894,0.2714589387178421,0.2738,0.2898,0.0184,0.0256,0.5624,0.5503,0.4098,0.4114,1015.6754970939792,19332.289837646484
2023-08-23 02:12:52.006297,1041.0,0.4324540652486743,0.4440949626266956,0.71688,0.6933,0.28101104497909546,0.27467554807662964,0.27524,0.282,0.01826,0.0268,0.56408,0.5523,0.40928,0.408,1082.8932241323043,16416.777115631103
2023-08-23 02:13:53.157027,1042.0,0.43241253860142764,0.44489741176366804,0.7164,0.693,0.28440263867378235,0.2707577794790268,0.2753,0.2824,0.01968,0.0272,0.5684,0.5537,0.41072,0.4086,852.1739700473084,16268.413186645508
2023-08-23 02:14:41.873685,1043.0,0.43252895285888593,0.4448536679148674,0.71696,0.6911,0.2820245623588562,0.2735002636909485,0.27432,0.2844,0.01942,0.0219,0.5664,0.5507,0.41028,0.4125,1090.945974466752,22438.35799102783
2023-08-23 02:15:31.945011,1044.0,0.4339430234870132,0.45094202533364297,0.71618,0.6839,0.282145231962204,0.2618782967329025,0.27316,0.2799,0.01824,0.0276,0.565,0.5436,0.40968,0.4032,1046.9728505660078,22907.751178741455
2023-08-23 02:16:30.168957,1045.0,0.4332736351964425,0.45105246007442473,0.7159,0.6765,0.2807413637638092,0.27289390563964844,0.27692,0.3005,0.019,0.0262,0.5638,0.5473,0.4105,0.4166,901.8197742384307,17597.001710510252
2023-08-23 02:17:20.983812,1046.0,0.4342060549830904,0.442299834638834,0.71556,0.6907,0.28168031573295593,0.27332836389541626,0.27386,0.2887,0.01934,0.0234,0.56322,0.5564,0.41172,0.4126,1034.9023034232002,16931.658360290527
2023-08-23 02:18:16.599466,1047.0,0.43413324395612796,0.4544655442237854,0.7185,0.6832,0.28193315863609314,0.25910964608192444,0.2733,0.2727,0.0191,0.0228,0.56536,0.5449,0.40912,0.401,953.2815248139051,15491.985536193848
2023-08-23 02:19:16.789762,1048.0,0.43445584968644746,0.4414314262568951,0.715,0.6962,0.2804672420024872,0.2844916582107544,0.27378,0.2923,0.01876,0.0254,0.56518,0.5609,0.40858,0.4141,876.3585145132882,14378.533225250245
2023-08-23 02:20:14.422656,1049.0,0.43221418635577574,0.4402428410947323,0.7194,0.6977,0.2839980125427246,0.2737986445426941,0.27146,0.2829,0.01836,0.0273,0.56688,0.5565,0.4093,0.4102,936.4686055086097,19148.981497955323
2023-08-23 02:21:13.300395,1050.0,0.4353594600546117,0.44340320900082586,0.71596,0.6952,0.2800755500793457,0.2803809642791748,0.27116,0.2913,0.01952,0.0253,0.565,0.558,0.41016,0.415,888.4159949166434,15174.978511047364
2023-08-23 02:22:05.302804,1051.0,0.43393524736166,0.4438939020037651,0.71636,0.6912,0.27924713492393494,0.28175346553325653,0.2735,0.2895,0.01938,0.0274,0.5635,0.5578,0.4069,0.416,1036.9211791680784,20653.930842590333
2023-08-23 02:23:03.032662,1052.0,0.4310872667298025,0.4402329385280609,0.71786,0.6971,0.2871401906013489,0.2728690057992935,0.27532,0.2816,0.01902,0.0268,0.56912,0.5557,0.4123,0.4083,905.3089968622947,16270.230348968505
2023-08-23 02:23:57.198943,1053.0,0.433612874423971,0.44070751070976255,0.7157,0.6944,0.28052037954330444,0.278812974691391,0.27166,0.2852,0.01892,0.0241,0.56614,0.5569,0.4104,0.4161,967.6158630215392,16888.964862060548
2023-08-23 02:24:51.515195,1054.0,0.4317632569950454,0.44220201298594475,0.71732,0.696,0.28500375151634216,0.27991461753845215,0.27602,0.2867,0.01898,0.0262,0.56668,0.5589,0.4128,0.4145,979.2536477069466,19305.252211761475
2023-08-23 02:25:40.801123,1055.0,0.43444259251867023,0.4405570261180401,0.71374,0.6888,0.2830597311258316,0.2827969789505005,0.27384,0.2931,0.01936,0.0279,0.56554,0.557,0.41066,0.4165,1067.875191201969,21272.972898864748
2023-08-23 02:26:30.100048,1056.0,0.432238476921101,0.4454794190824032,0.7174,0.6873,0.28484299778938293,0.27613401412963867,0.27598,0.2882,0.01908,0.0258,0.56404,0.5522,0.41238,0.4144,1070.5925034503548,15779.429779815673
2023-08-23 02:27:17.267979,1057.0,0.43275047884303697,0.44161521941423415,0.7163,0.6993,0.28551584482192993,0.27372056245803833,0.2749,0.2815,0.01916,0.0224,0.56854,0.557,0.41148,0.4105,1120.3519993996133,15798.31231994629
2023-08-23 02:28:09.249502,1058.0,0.43103301038547437,0.4434811882674694,0.71952,0.6969,0.2876812815666199,0.27057337760925293,0.27644,0.2773,0.01906,0.0213,0.56904,0.5556,0.41258,0.4049,1010.823308205118,16117.252718353271
2023-08-23 02:29:10.074353,1059.0,0.43265150320165013,0.4383669771254063,0.71786,0.6969,0.28635409474372864,0.2820955365896225,0.27426,0.286,0.01932,0.0264,0.56516,0.5605,0.4118,0.416,862.7770961839326,16608.475228881834
2023-08-23 02:30:00.734112,1060.0,0.43209327438047956,0.4403611525893211,0.71682,0.6977,0.2844039499759674,0.2822878062725067,0.27476,0.2865,0.02002,0.0282,0.56642,0.5619,0.41308,0.4131,1066.6035020789323,18254.699292755125
2023-08-23 02:31:03.399170,1061.0,0.4334354283554213,0.44746609404683113,0.71526,0.6859,0.2817496359348297,0.280695378780365,0.27568,0.2873,0.01946,0.0232,0.56432,0.5558,0.40952,0.4146,826.8588914676589,20342.516370391844
2023-08-23 02:31:58.866823,1062.0,0.4329114533504661,0.44089463725686073,0.7161,0.6998,0.2825685143470764,0.2732429802417755,0.2753,0.2849,0.01924,0.0286,0.56604,0.5532,0.4115,0.4114,959.0760415524852,19756.985536193846
2023-08-23 02:32:56.859780,1063.0,0.4336538371078822,0.44176598861813543,0.71588,0.6949,0.282103031873703,0.26930034160614014,0.2752,0.2849,0.01958,0.0265,0.56488,0.5524,0.41104,0.4109,896.340281428123,18688.14338684082
2023-08-23 02:33:50.058359,1064.0,0.43186979421547483,0.43796817883849143,0.71994,0.6993,0.2852429449558258,0.2843640446662903,0.27436,0.2928,0.01932,0.0244,0.56638,0.5608,0.41294,0.4184,991.8443919590542,20365.781566619873
2023-08-23 02:34:41.127384,1065.0,0.4309218699226574,0.4442653633654118,0.71982,0.6953,0.2874292731285095,0.27771276235580444,0.27582,0.2867,0.0195,0.023,0.56858,0.555,0.41164,0.4091,1028.6305063987265,20967.7903503418
2023-08-23 02:35:35.072508,1066.0,0.43348525799050625,0.44146016612648964,0.71556,0.6957,0.28321126103401184,0.28430892527103424,0.27554,0.2927,0.01974,0.0255,0.56558,0.5591,0.41256,0.4181,969.7111196712572,15972.481266021729
2023-08-23 02:36:27.497561,1067.0,0.4319235909045959,0.44110736027359965,0.71684,0.6963,0.2843148112297058,0.2736242413520813,0.2746,0.2827,0.0184,0.0254,0.56754,0.5539,0.41114,0.4105,1005.1708173946458,22901.679242706297
2023-08-23 02:37:23.787919,1068.0,0.4314373731613159,0.4419240117073059,0.71926,0.6922,0.284009650349617,0.2704487442970276,0.27672,0.2802,0.01942,0.0291,0.5681,0.5559,0.41132,0.4041,951.8385762584453,16447.01202163696
2023-08-23 02:38:25.407649,1069.0,0.4322124245215435,0.44245375916361807,0.71542,0.6955,0.28392621874809265,0.276300847530365,0.27556,0.2874,0.01922,0.0298,0.56634,0.5553,0.4118,0.4145,849.6153385395907,12749.373849487305
2023-08-23 02:39:24.355082,1070.0,0.43231071258077813,0.4430437028408051,0.71716,0.6915,0.28303825855255127,0.27360212802886963,0.27676,0.2831,0.01912,0.027,0.56664,0.5518,0.4119,0.4093,892.1066790210957,19960.123249053955
2023-08-23 02:40:19.210661,1071.0,0.43219369087292225,0.4444037899374962,0.71642,0.6908,0.28267908096313477,0.27875030040740967,0.2744,0.289,0.0186,0.0256,0.56542,0.5548,0.41136,0.4155,969.9163106801559,19766.29992980957
2023-08-23 02:41:12.010153,1072.0,0.43413123123499814,0.43983941450715064,0.71564,0.6954,0.2788911461830139,0.27994096279144287,0.27408,0.2933,0.01958,0.0273,0.56264,0.5595,0.409,0.4166,1000.136591074418,20064.18171005249
2023-08-23 02:42:00.383391,1073.0,0.43068533801302616,0.44865299537777903,0.71734,0.6822,0.28927235305309296,0.2778828889131546,0.27464,0.296,0.0188,0.03,0.57034,0.554,0.41542,0.4156,1094.5911621560856,19638.21561279297
2023-08-23 02:42:47.311327,1074.0,0.4313701230044268,0.4485853582620621,0.71992,0.6874,0.2831065356731415,0.2731478214263916,0.27544,0.2892,0.01828,0.0283,0.5669,0.5494,0.41058,0.4119,1116.9540715898786,20502.492839813232
2023-08-23 02:43:35.553063,1075.0,0.4324363092986905,0.43705334290862086,0.71634,0.7005,0.28462857007980347,0.28349825739860535,0.2741,0.2844,0.01974,0.025,0.56728,0.5665,0.41178,0.4169,1090.2354698181152,20250.535894775392
2023-08-23 02:44:24.941482,1076.0,0.4330936139639543,0.4465968914330006,0.71558,0.6885,0.2834423780441284,0.26749634742736816,0.2756,0.281,0.0191,0.0243,0.56692,0.5461,0.41106,0.4065,1067.2479956490654,21770.66953201294
2023-08-23 02:45:09.727059,1077.0,0.4304588602817788,0.44147119373083116,0.71834,0.6978,0.2903066873550415,0.27633076906204224,0.2774,0.2907,0.01884,0.0267,0.56984,0.5526,0.41654,0.4161,1166.905337275291,18468.910089111327
2023-08-23 02:46:12.727950,1078.0,0.42987083400390586,0.44243509247899054,0.72056,0.6966,0.28853584825992584,0.2721823453903198,0.27894,0.2807,0.01886,0.0217,0.5699,0.5568,0.41274,0.4053,828.9780232176489,15426.900247955322
2023-08-23 02:47:04.871417,1079.0,0.42885609624945387,0.4393137186765671,0.72206,0.6988,0.28681373596191406,0.2842768132686615,0.27788,0.2834,0.01998,0.0246,0.57152,0.5607,0.41302,0.4154,1018.9347274935975,20812.06847076416
2023-08-23 02:47:53.677627,1080.0,0.4327742863370448,0.44278326332569123,0.7163,0.6933,0.2823409140110016,0.27223676443099976,0.2752,0.2858,0.01962,0.0236,0.56458,0.5507,0.4101,0.4091,1083.716787922139,20358.495944213868
2023-08-23 02:48:44.642789,1081.0,0.42892544093180673,0.4396958157420158,0.72134,0.6919,0.28818225860595703,0.29016074538230896,0.27664,0.2978,0.01964,0.03,0.56972,0.5603,0.41402,0.4288,1040.2470872840104,15161.637141418458
2023-08-23 02:49:40.867044,1082.0,0.42897655906117693,0.4403348326683044,0.71978,0.7018,0.289149671792984,0.2797759473323822,0.27934,0.2785,0.01998,0.0208,0.57082,0.5592,0.41696,0.4097,926.107769401706,15222.979516601563
2023-08-23 02:50:34.986332,1083.0,0.43123599141836166,0.44856100976467134,0.71732,0.6895,0.2848111391067505,0.2648726999759674,0.27538,0.2783,0.01892,0.0234,0.5677,0.5477,0.41166,0.4072,971.3884925063776,18999.655699157716
2023-08-23 02:51:20.648403,1084.0,0.43211100098429894,0.4419998683035374,0.7188,0.6968,0.282601535320282,0.2728913724422455,0.27508,0.2858,0.01966,0.0288,0.56756,0.5535,0.41022,0.4122,1148.0738654623226,22536.3434387207
2023-08-23 02:52:08.144591,1085.0,0.4287227471264041,0.43741867914795873,0.72198,0.7005,0.28969088196754456,0.286562442779541,0.27762,0.2966,0.01992,0.0267,0.57118,0.5604,0.41492,0.4242,1113.0452863732162,18329.77191772461
2023-08-23 02:53:12.339887,1086.0,0.4300985124950506,0.4379150874912739,0.71932,0.6979,0.2877489924430847,0.27783000469207764,0.2784,0.2863,0.01934,0.0257,0.57028,0.5581,0.4149,0.4107,809.249975866201,17405.689748382567
2023-08-23 02:54:16.817239,1087.0,0.43160597554274965,0.4390406757593155,0.71672,0.6971,0.28297552466392517,0.27747517824172974,0.27602,0.2883,0.01916,0.0257,0.56592,0.5579,0.4111,0.4149,801.9873563805405,14880.525466918945
2023-08-23 02:55:15.468074,1088.0,0.4292829914056525,0.44533009007573127,0.71978,0.6883,0.28914880752563477,0.2707875072956085,0.2798,0.2915,0.01966,0.027,0.5705,0.5529,0.4158,0.4131,892.5651324525171,13380.655026245116
2023-08-23 02:56:11.943182,1089.0,0.4321685670589914,0.4417632453143597,0.71764,0.6904,0.28491708636283875,0.28541049361228943,0.2753,0.2947,0.01884,0.0275,0.5666,0.5603,0.41356,0.4209,955.7551985760124,16677.503668212892
2023-08-23 02:57:00.479404,1090.0,0.42996712652396185,0.44523197785019875,0.71908,0.6911,0.28758668899536133,0.2769637703895569,0.27906,0.2917,0.01894,0.0284,0.56828,0.552,0.415,0.4159,1092.5343701109593,15733.343640136718
2023-08-23 02:57:49.683474,1091.0,0.4289710574916431,0.44686081185936927,0.72134,0.6873,0.29039716720581055,0.27051839232444763,0.27736,0.2879,0.01912,0.0248,0.5715,0.5511,0.41612,0.4111,1075.2619891264,18026.912203979493
2023-08-23 02:58:46.090533,1092.0,0.42816403143259946,0.43526925072073935,0.72262,0.7021,0.29079023003578186,0.2911073565483093,0.27502,0.2943,0.02004,0.0251,0.57232,0.5682,0.41392,0.4234,923.5860447007783,14871.493871307373
2023-08-23 02:59:48.985024,1093.0,0.4270871015531676,0.4354352317750454,0.7248,0.6976,0.28829342126846313,0.29038068652153015,0.27962,0.2941,0.0198,0.0263,0.57344,0.5663,0.41542,0.4237,828.9755429637676,20490.156562805176
2023-08-23 03:00:35.902313,1094.0,0.42907671250250873,0.43719150349497793,0.72082,0.6985,0.28839029371738434,0.2754508852958679,0.27674,0.2847,0.01904,0.0278,0.56932,0.5584,0.41474,0.4114,1126.6137462538115,18389.306728363037
2023-08-23 03:01:26.341840,1095.0,0.43088033430430356,0.43545702546834947,0.7178,0.7027,0.2859586477279663,0.28928542137145996,0.27648,0.293,0.01984,0.0223,0.56924,0.5617,0.41448,0.4229,1049.4847407438317,13596.42732849121
2023-08-23 03:02:18.898740,1096.0,0.4299911253002225,0.4360930293798447,0.71928,0.6959,0.285656213760376,0.2905683219432831,0.27842,0.2955,0.01956,0.0245,0.56868,0.5639,0.41364,0.4231,1003.4927797901387,17582.336042785646
2023-08-23 03:03:09.115810,1097.0,0.4292296432718939,0.44089183285832406,0.71926,0.6895,0.28959906101226807,0.2777952253818512,0.27918,0.2987,0.01982,0.0309,0.5704,0.5543,0.41714,0.4186,1050.836762175268,17357.075942993164
2023-08-23 03:04:01.302624,1098.0,0.42885810349668774,0.4414742343127728,0.72164,0.6904,0.2896788716316223,0.28231436014175415,0.27902,0.2973,0.0196,0.029,0.57214,0.5568,0.41458,0.4191,1000.7825904379085,19398.88182220459
2023-08-23 03:04:55.512649,1099.0,0.4282099615250315,0.44616066068410876,0.72082,0.6854,0.29013657569885254,0.25964316725730896,0.27778,0.2792,0.01966,0.0285,0.57196,0.5493,0.41594,0.4003,965.8436255941585,19653.518225097658
2023-08-23 03:05:40.966613,1100.0,0.42855291418275054,0.436694773286581,0.72158,0.699,0.289081335067749,0.2865878939628601,0.27684,0.2921,0.02004,0.0255,0.57218,0.5608,0.41308,0.4169,1161.3132401291205,16990.58757247925
2023-08-23 03:06:29.910927,1101.0,0.42845046778722684,0.440883994102478,0.72322,0.692,0.2890603095293045,0.2786579132080078,0.27566,0.2893,0.01876,0.0256,0.57192,0.5581,0.41418,0.4186,1081.3224090264769,22026.943741607665
2023-08-23 03:07:16.469157,1102.0,0.43062362105262525,0.4367887541651726,0.7208,0.7004,0.2874981164932251,0.2759658098220825,0.27524,0.289,0.01958,0.026,0.56872,0.5563,0.41344,0.4116,1131.3892772441009,21046.402490997316
2023-08-23 03:08:03.957749,1103.0,0.42809492744961564,0.4369217775762081,0.72174,0.7009,0.29158446192741394,0.28471800684928894,0.27814,0.2899,0.01992,0.0254,0.57144,0.5599,0.41692,0.4195,1112.9584665103835,15230.911317443848
2023-08-23 03:09:04.919648,1104.0,0.427409897653424,0.43888447135686875,0.72108,0.6973,0.2893838733434677,0.27146369218826294,0.2805,0.2827,0.02006,0.0227,0.5712,0.5542,0.41476,0.4083,856.0850713301678,14384.980182647705
2023-08-23 03:09:57.634867,1105.0,0.42774046531745363,0.4434474691748619,0.72178,0.6883,0.28944098949432373,0.2805773913860321,0.27774,0.2906,0.0204,0.03,0.57218,0.5555,0.41672,0.4214,1014.7475262855996,19943.025135803222
2023-08-23 03:10:57.975842,1106.0,0.4281583942320882,0.44022558256983757,0.7223,0.696,0.2925080358982086,0.2882792204618454,0.27928,0.2913,0.01882,0.0285,0.57188,0.5629,0.41872,0.4204,861.9094156537737,16364.900559234618
2023-08-23 03:11:53.209347,1107.0,0.4276786840387753,0.43837158679962157,0.7241,0.7036,0.28728413581848145,0.2858991324901581,0.27556,0.2861,0.0199,0.0272,0.57088,0.5569,0.41424,0.4174,947.7799316717654,13630.262617492675
2023-08-23 03:12:48.199206,1108.0,0.4300694938520996,0.43669833689928056,0.71938,0.6981,0.2843344211578369,0.2812967896461487,0.2764,0.2881,0.01872,0.0233,0.5674,0.5619,0.41278,0.4117,945.1221851426728,15624.73955154419
2023-08-23 03:13:44.434992,1109.0,0.42795418035619115,0.4340000331401825,0.72126,0.706,0.2896747887134552,0.28450828790664673,0.27854,0.2911,0.02044,0.0262,0.57362,0.564,0.41522,0.4203,942.8783227570203,20097.61972503662
2023-08-23 03:14:40.529901,1110.0,0.4257728577572472,0.44319920763373377,0.72456,0.695,0.2917725741863251,0.2726147472858429,0.27956,0.2761,0.02074,0.0252,0.57456,0.5504,0.4179,0.4109,927.6294573569785,17433.53448638916
2023-08-23 03:15:38.129967,1111.0,0.4294744623558862,0.4470708675682545,0.71984,0.6876,0.2900778353214264,0.274331659078598,0.27838,0.2961,0.02066,0.0277,0.57206,0.5511,0.41528,0.4156,912.4697769320741,20539.589102172853
2023-08-23 03:16:26.754358,1112.0,0.4282754379875806,0.43641203790903094,0.72108,0.7014,0.29082542657852173,0.28204572200775146,0.27844,0.2927,0.02024,0.0269,0.57188,0.5602,0.41662,0.4199,1081.6600095787826,14271.75675201416
2023-08-23 03:17:22.581423,1113.0,0.4259449074767074,0.44059802815318105,0.72544,0.6904,0.29388427734375,0.28436827659606934,0.28064,0.3048,0.01936,0.0287,0.57582,0.5602,0.41886,0.4229,933.2643798516721,19465.8705078125
2023-08-23 03:18:22.767245,1114.0,0.42562518314439424,0.4427294090390205,0.72582,0.6964,0.292696088552475,0.26800844073295593,0.27972,0.2792,0.01976,0.0205,0.57484,0.5492,0.41718,0.4085,868.8410366603306,22976.47627182007
2023-08-23 03:19:11.831176,1115.0,0.42696447396764947,0.43742215186357497,0.7226,0.6981,0.2923769950866699,0.290047287940979,0.2794,0.2946,0.01884,0.0241,0.5735,0.5631,0.41838,0.4248,1091.0909531262457,18924.068535614013
2023-08-23 03:20:14.235932,1116.0,0.42461851117562277,0.44125771149992943,0.7241,0.6886,0.29403096437454224,0.28369173407554626,0.28124,0.2973,0.01944,0.0301,0.57544,0.5553,0.42072,0.4201,833.9946012691576,15343.01573562622
2023-08-23 03:21:05.932376,1117.0,0.42724210297574805,0.4390666879713535,0.72308,0.6955,0.29233428835868835,0.2792690396308899,0.2788,0.2852,0.0196,0.0251,0.57338,0.5543,0.4171,0.4133,1034.6736254789391,16192.225736236573
2023-08-23 03:22:04.656298,1118.0,0.42731515698286954,0.4376253426074982,0.7242,0.6924,0.2908446788787842,0.2847340703010559,0.28088,0.2947,0.01944,0.0261,0.5732,0.5585,0.4165,0.4214,888.6683861090213,17146.728048706056
2023-08-23 03:22:59.548211,1119.0,0.42596964903023776,0.437311515212059,0.72408,0.6919,0.2938704490661621,0.2906610369682312,0.28132,0.2979,0.02014,0.0278,0.57428,0.5638,0.41832,0.4228,958.4108794076102,14223.182905578613
2023-08-23 03:23:49.559111,1120.0,0.4271757627020077,0.4376621454954147,0.72466,0.6993,0.29258930683135986,0.28268808126449585,0.27888,0.2911,0.01974,0.027,0.57338,0.5619,0.41696,0.4149,1047.1353586936484,20143.762062835693
2023-08-23 03:24:42.116714,1121.0,0.4258829102832444,0.4479347787797451,0.72466,0.6856,0.2945029139518738,0.2718023955821991,0.28294,0.2872,0.01962,0.0277,0.5752,0.5529,0.41904,0.4126,1007.9937329973493,16170.584020996093
2023-08-23 03:25:36.386051,1122.0,0.42688605402197155,0.43628171607851984,0.72468,0.6968,0.2906411290168762,0.28800663352012634,0.27968,0.2999,0.02038,0.0344,0.57236,0.5627,0.41832,0.4252,959.6316214580925,17081.86402359009
2023-08-23 03:26:27.268455,1123.0,0.426837114959347,0.43836089223623276,0.7223,0.7018,0.28968632221221924,0.2837853282690048,0.27976,0.2904,0.0202,0.0275,0.57016,0.5641,0.41852,0.4156,1036.1069094599509,20594.191700744628
2023-08-23 03:27:16.879751,1124.0,0.4269525688521716,0.4426626645028591,0.72508,0.6842,0.29069647192955017,0.284437894821167,0.27984,0.2966,0.01936,0.0266,0.57152,0.5608,0.4165,0.4229,1061.0802750879404,19169.45170440674
2023-08-23 03:28:10.316199,1125.0,0.42629724269618796,0.4388661742210388,0.72484,0.6954,0.2940463721752167,0.28423167765140533,0.27946,0.2936,0.02024,0.0249,0.57458,0.5595,0.4171,0.4166,983.9819683931312,19385.483813476563
2023-08-23 03:29:00.673094,1126.0,0.4255406774428426,0.4400857754051685,0.7229,0.6965,0.29554322361946106,0.2775273323059082,0.28058,0.2878,0.0197,0.0241,0.57574,0.5608,0.41992,0.4156,1051.7700748832858,19688.40919265747
2023-08-23 03:29:55.430492,1127.0,0.42434754800431584,0.43535912930965426,0.72676,0.6992,0.2955416142940521,0.28565946221351624,0.28314,0.293,0.01964,0.0296,0.57566,0.5606,0.41846,0.4218,947.3787621478646,16622.276264953613
2023-08-23 03:30:45.778236,1128.0,0.42733611379350933,0.4458642594516277,0.72182,0.6994,0.2957890033721924,0.26141196489334106,0.27922,0.2689,0.0195,0.0206,0.57368,0.5483,0.41858,0.4023,1051.1917129049496,16165.719467926025
2023-08-23 03:31:43.044166,1129.0,0.4267736902954627,0.43409365341067313,0.72416,0.7024,0.2917899191379547,0.29142481088638306,0.28006,0.2958,0.01996,0.0253,0.57262,0.5677,0.4171,0.4224,916.1314466826769,15275.892426300048
2023-08-23 03:32:32.736108,1130.0,0.42512263144765583,0.43844723105430605,0.72682,0.6975,0.2941157668828964,0.2841026484966278,0.28,0.2974,0.0188,0.0298,0.57436,0.5595,0.4187,0.4238,1074.2239635233977,14539.000101470947
2023-08-23 03:33:28.670426,1131.0,0.4258460483076621,0.4405210092663765,0.7269,0.6948,0.29271458089351654,0.27974382042884827,0.28076,0.2858,0.0201,0.0266,0.57556,0.5563,0.4175,0.418,931.2127800766302,21445.31160507202
2023-08-23 03:34:14.226345,1132.0,0.42655813648384444,0.43961311802268027,0.72434,0.6952,0.2936570942401886,0.2765504717826843,0.28092,0.282,0.0199,0.0262,0.57468,0.5602,0.41776,0.4093,1153.0311914560746,16851.418115997316
2023-08-23 03:35:01.589070,1133.0,0.4270414789112247,0.44446651712059976,0.72212,0.6903,0.29113680124282837,0.2727338671684265,0.27846,0.2853,0.01988,0.028,0.57318,0.5534,0.41626,0.4114,1113.3855819702148,18393.84115371704
2023-08-23 03:35:51.903568,1134.0,0.42414916778097345,0.4393972896039486,0.7262,0.6988,0.29738476872444153,0.275765061378479,0.28206,0.2823,0.01922,0.0236,0.57786,0.5587,0.42168,0.411,1049.2914515904017,15269.27745437622
2023-08-23 03:36:46.882368,1135.0,0.42490342396254444,0.4355160780251026,0.72504,0.7011,0.29290349781513214,0.28322890400886536,0.2806,0.2875,0.02,0.027,0.5736,0.5603,0.41844,0.4146,940.9560875406071,19514.235865020753
2023-08-23 03:37:38.070715,1136.0,0.42624312745673315,0.43356094509363174,0.72364,0.6999,0.2918329983949661,0.2865943908691406,0.28092,0.2987,0.01936,0.0273,0.57064,0.5635,0.41746,0.4222,1042.6684868481696,17186.745347595213
2023-08-23 03:38:38.843811,1137.0,0.4241143133567304,0.4447611480951309,0.72744,0.6839,0.2941686809062958,0.27856676280498505,0.28082,0.2895,0.02008,0.0297,0.5756,0.5557,0.41896,0.4144,859.5651623472876,19517.32762527466
2023-08-23 03:39:29.285764,1138.0,0.4253774990840834,0.4331138841807842,0.72628,0.7015,0.29227590560913086,0.2899121046066284,0.2814,0.2963,0.01982,0.0253,0.5747,0.5675,0.41964,0.4271,1047.7054466714665,17591.093756866456
2023-08-23 03:40:27.143378,1139.0,0.4250767851362423,0.43768189698457716,0.72572,0.6904,0.29468873143196106,0.28421661257743835,0.28162,0.3039,0.02058,0.0271,0.57634,0.5596,0.42058,0.4233,900.143594313641,17204.447595977785
2023-08-23 03:41:22.534848,1140.0,0.42589087951548243,0.4391978561878204,0.72288,0.6964,0.2930099368095398,0.2708525061607361,0.28118,0.2834,0.01954,0.0277,0.57502,0.5532,0.4172,0.4139,962.3451236802705,22141.211568450926
2023-08-23 03:42:13.242561,1141.0,0.4248111743708046,0.4393961302936077,0.72568,0.6997,0.29455411434173584,0.2756972014904022,0.28056,0.2797,0.02006,0.0243,0.57536,0.561,0.42,0.4071,1048.2364025505221,18136.09320755005
2023-08-23 03:43:11.050434,1142.0,0.424852442680573,0.4398386158049107,0.7251,0.6891,0.29498809576034546,0.28971177339553833,0.2806,0.3034,0.0202,0.0289,0.5779,0.5626,0.41958,0.4262,920.8345023953185,18542.557014465332
2023-08-23 03:44:08.529402,1143.0,0.42577340408247344,0.4353035159409046,0.72568,0.7032,0.29263851046562195,0.2914361208677292,0.2799,0.2926,0.01918,0.0279,0.57532,0.562,0.41858,0.4244,911.1058241396535,18251.8758682251
2023-08-23 03:45:03.042709,1144.0,0.4249440867985998,0.436331494897604,0.72522,0.6924,0.29464925825595856,0.29149964451789856,0.28056,0.3038,0.02002,0.0305,0.57444,0.5621,0.4185,0.4269,948.6489633054149,21226.706297302248
2023-08-23 03:45:58.584640,1145.0,0.4238878956862858,0.4368894502520561,0.7253,0.6966,0.2966937720775604,0.2906000316143036,0.28416,0.2969,0.01936,0.0273,0.57682,0.5644,0.42084,0.4237,947.2344997172453,17742.083716583253
2023-08-23 03:46:50.406283,1146.0,0.42490325457587536,0.434083978831768,0.72608,0.7022,0.2958103120326996,0.2900722622871399,0.2806,0.2978,0.02026,0.0263,0.57576,0.5676,0.42014,0.4212,1012.2992890805614,18322.1680557251
2023-08-23 03:47:52.393822,1147.0,0.4241203632281751,0.43357558622956277,0.727,0.7024,0.29748572409152985,0.2831362783908844,0.28208,0.295,0.02006,0.0253,0.57488,0.563,0.4199,0.42,839.0701577322824,17967.756151580812
2023-08-23 03:48:57.199996,1148.0,0.4227062897110472,0.4350855953991413,0.72758,0.7057,0.2949877083301544,0.28867292404174805,0.28264,0.2931,0.02054,0.0276,0.57582,0.5685,0.41978,0.4211,796.3091684458207,17301.37530517578
2023-08-23 03:49:56.939461,1149.0,0.4236025154894712,0.4397915281355381,0.72704,0.6924,0.2952471822500229,0.2866365909576416,0.28312,0.2988,0.0197,0.029,0.57494,0.5557,0.41968,0.4221,874.2021706250249,18574.148191833498
2023-08-23 03:50:45.120051,1150.0,0.42232920746414027,0.43629712983965874,0.72748,0.7011,0.3009064793586731,0.2863151729106903,0.28282,0.2967,0.01984,0.0272,0.57944,0.5607,0.4228,0.4236,1091.5728674908073,16170.566799926757
2023-08-23 03:51:35.593525,1151.0,0.4249436482787132,0.4430318303406239,0.72526,0.6881,0.2936876118183136,0.2721017599105835,0.28172,0.2888,0.01982,0.0269,0.57636,0.5546,0.42096,0.4132,1040.4543888325593,16788.465075683594
2023-08-23 03:52:19.774824,1152.0,0.4233455093843596,0.45382011830806734,0.72666,0.6781,0.2982604503631592,0.2549714297056198,0.28338,0.2832,0.01954,0.027,0.57798,0.5383,0.4222,0.4032,1190.071038538096,14602.252004241944
2023-08-23 03:53:07.232455,1153.0,0.4246502524735976,0.44122708439826963,0.72608,0.688,0.2952699810266495,0.28496651351451874,0.27958,0.3013,0.01958,0.0319,0.5765,0.5601,0.41996,0.4263,1114.185256413051,15053.445736694335
2023-08-23 03:54:02.809738,1154.0,0.4220007998602731,0.44050498455762865,0.7289,0.6989,0.30221356451511383,0.2831675410270691,0.28364,0.2863,0.02012,0.0269,0.57822,0.5612,0.4236,0.4104,954.2003922754404,14795.099410247803
2023-08-23 03:55:02.330736,1155.0,0.4237025637103587,0.4372041530907154,0.72556,0.697,0.2986116111278534,0.2825241982936859,0.28228,0.2938,0.01962,0.0292,0.5775,0.5609,0.42138,0.4227,879.5411619069625,17978.91163864136
2023-08-23 03:56:07.478201,1156.0,0.422716353924907,0.43990698009729384,0.72912,0.6937,0.2965921610593796,0.2791239321231842,0.28186,0.2912,0.01988,0.0274,0.5776,0.5553,0.4214,0.4176,799.1993391854422,20531.895023345947
2023-08-23 03:57:10.769657,1157.0,0.42484366072683916,0.4387385167181492,0.7249,0.6947,0.2958527207374573,0.29458945989608765,0.28028,0.3007,0.02012,0.0289,0.57504,0.5632,0.42088,0.4273,832.8878764716947,18774.088068389894
2023-08-23 03:58:03.634041,1158.0,0.4237747580117109,0.434929671138525,0.72804,0.7011,0.29488229751586914,0.293583482503891,0.28202,0.3011,0.02018,0.0275,0.57534,0.5692,0.41898,0.4244,1009.831622143181,14841.047359466553
2023-08-23 03:58:52.726344,1159.0,0.42306775326023294,0.4410770386457443,0.72848,0.6941,0.29539841413497925,0.2823587656021118,0.28076,0.2958,0.02044,0.03,0.57592,0.5609,0.41972,0.4183,1072.1491179174307,19861.593215942383
2023-08-23 03:59:52.388374,1160.0,0.42208893779589207,0.43137771636247635,0.72636,0.7011,0.3006619065999985,0.29172641038894653,0.2839,0.2978,0.02056,0.0284,0.5812,0.5707,0.42166,0.4228,873.4366363213986,16835.113007354736
2023-08-23 04:00:44.348452,1161.0,0.4241874368519199,0.44307010620832443,0.72638,0.6826,0.2929074764251709,0.281499981880188,0.28018,0.3041,0.02102,0.0294,0.57602,0.553,0.41778,0.4218,1014.7871673739686,19454.86302871704
2023-08-23 04:01:45.281192,1162.0,0.42331115247643725,0.4344512701034546,0.72674,0.6996,0.29887038469314575,0.29154106974601746,0.28268,0.2945,0.02,0.0278,0.5782,0.5695,0.42204,0.4262,858.2526235775072,18497.514758300782
2023-08-23 04:02:46.531890,1163.0,0.4230305044626703,0.43539915382862093,0.727,0.7026,0.297655925154686,0.28832003474235535,0.28256,0.2917,0.01974,0.025,0.57842,0.5656,0.42144,0.4174,850.9380430883291,16032.003748321533
2023-08-23 04:03:45.229483,1164.0,0.4217743832541972,0.4325243689119816,0.72866,0.7014,0.3012676239013672,0.2904667556285858,0.28602,0.2922,0.02048,0.0241,0.5796,0.564,0.42332,0.4216,892.7948320349868,14233.628310394288
2023-08-23 04:04:38.555149,1165.0,0.42157076451243186,0.4340679220855236,0.73158,0.7038,0.3006555438041687,0.28826263546943665,0.28364,0.2894,0.01892,0.0237,0.57934,0.5678,0.42318,0.4205,980.7968906480439,17205.08941116333
2023-08-23 04:05:33.848315,1166.0,0.42244176110442805,0.43896851018071176,0.7269,0.6995,0.29930466413497925,0.2784331142902374,0.28416,0.282,0.0204,0.024,0.57994,0.56,0.42254,0.41,954.0958760319924,16863.200549316407
2023-08-23 04:06:28.121902,1167.0,0.4232782193896722,0.43604525104165076,0.72632,0.6994,0.29687121510505676,0.28870972990989685,0.28294,0.2991,0.01994,0.0324,0.57842,0.5644,0.42118,0.4197,953.7363682182468,18202.088587188722
2023-08-23 04:07:22.850879,1168.0,0.4227999695101563,0.43575144112110137,0.7283,0.6985,0.2959132492542267,0.2878345549106598,0.28282,0.2929,0.01966,0.0266,0.57802,0.562,0.42126,0.4207,950.0699595237265,17154.896783447264
2023-08-23 04:08:22.483788,1169.0,0.4206926732951281,0.4398457892239094,0.7287,0.6946,0.3022086024284363,0.2711796462535858,0.28484,0.285,0.02022,0.0286,0.58082,0.5538,0.42476,0.4123,890.1787195011061,14161.573900604248
2023-08-23 04:09:23.117569,1170.0,0.4222588084486066,0.4343098275363445,0.7273,0.7016,0.30038250982761383,0.2998184859752655,0.2816,0.3028,0.01962,0.0305,0.57942,0.5678,0.42096,0.4293,860.0367891739826,14369.656602478028
2023-08-23 04:10:16.113863,1171.0,0.42154916254233343,0.4440142698585987,0.73076,0.6865,0.29897530376911163,0.272402286529541,0.28314,0.2928,0.01894,0.0291,0.57908,0.5491,0.42338,0.4155,993.8028809683664,20515.478813171387
2023-08-23 04:11:12.701476,1172.0,0.4226341033164336,0.44006037190556524,0.72764,0.6943,0.30051395297050476,0.2842974066734314,0.28336,0.3073,0.02022,0.0334,0.57806,0.5605,0.42204,0.4278,939.9299651165397,20225.822812652586
2023-08-23 04:12:08.946335,1173.0,0.4220042929661517,0.4405347093939781,0.7301,0.6968,0.29974067211151123,0.2826041430234909,0.28506,0.2883,0.02008,0.0294,0.57854,0.5604,0.4241,0.4194,932.1521152574189,17354.96149673462
2023-08-23 04:13:09.164640,1174.0,0.4212994240984625,0.43235012888908386,0.72934,0.7031,0.3013749271631241,0.2942137122154236,0.28474,0.2949,0.01966,0.0259,0.57974,0.5677,0.42468,0.427,865.4634626738879,14554.924726104737
2023-08-23 04:14:12.129097,1175.0,0.42115821035540835,0.43397622779011724,0.73016,0.7012,0.3019457310438156,0.2944864332675934,0.28366,0.2994,0.0201,0.0301,0.58022,0.5671,0.42504,0.4266,826.9809941661601,18128.64452819824
2023-08-23 04:15:11.460108,1176.0,0.4238887348649453,0.4375717036426067,0.72654,0.702,0.29574570059776306,0.2816616892814636,0.2815,0.2879,0.0209,0.0214,0.57722,0.5612,0.42076,0.4139,880.6371909161003,14850.833490753173
2023-08-23 04:16:16.848257,1177.0,0.421158708327887,0.43710008412599566,0.73094,0.6985,0.3018345832824707,0.28580978512763977,0.28208,0.2927,0.01948,0.0299,0.58162,0.5613,0.42364,0.4208,790.0674240735112,15115.95256729126
2023-08-23 04:17:11.000318,1178.0,0.42125196496442874,0.43687990829348566,0.73266,0.6985,0.29785221815109253,0.28383389115333557,0.28236,0.2923,0.01988,0.0278,0.5801,0.5624,0.42062,0.419,968.3198745104731,17029.36237487793
2023-08-23 04:18:07.529952,1179.0,0.4216399874005999,0.4350269913673401,0.72948,0.6989,0.2993718981742859,0.2872054874897003,0.28316,0.2954,0.01958,0.0289,0.57868,0.5635,0.42156,0.4159,921.1305629963778,21355.9058631897
2023-08-23 04:18:56.939352,1180.0,0.4214650772664012,0.4370749831199646,0.73006,0.6976,0.2975653111934662,0.2928837239742279,0.28372,0.2957,0.0202,0.0281,0.5784,0.5653,0.4232,0.4211,1062.4392591203962,19991.044728851317
2023-08-23 04:19:55.430807,1181.0,0.4213864216390921,0.4367466226220131,0.72858,0.6994,0.29942116141319275,0.2843569964170456,0.28516,0.2859,0.01988,0.0242,0.58028,0.5596,0.4223,0.4152,889.520399911063,19452.055519866943
2023-08-23 04:20:47.357120,1182.0,0.4220857875687735,0.43238160982728,0.72734,0.7079,0.2970816195011139,0.2914188504219055,0.28552,0.29,0.01998,0.0261,0.5777,0.5674,0.422,0.4186,1006.5360175930724,21782.5137550354
2023-08-23 04:21:33.372485,1183.0,0.42140820044644023,0.43407112956047056,0.7279,0.7005,0.30008602142333984,0.29102906584739685,0.28488,0.3004,0.0195,0.0299,0.5812,0.5672,0.42364,0.424,1139.9717958411393,21911.6174987793
2023-08-23 04:22:26.209065,1184.0,0.419461372403466,0.4342924185097218,0.73302,0.6991,0.3028638958930969,0.29149457812309265,0.2859,0.2987,0.01924,0.0273,0.5815,0.5663,0.42464,0.4254,983.312233905403,20011.073285675047
2023-08-23 04:23:15.602683,1185.0,0.4220011799919362,0.4346092060208321,0.72816,0.7002,0.30006009340286255,0.2849491238594055,0.2837,0.2966,0.02106,0.0268,0.5776,0.5626,0.42312,0.4252,1075.024840452233,17400.91698989868
2023-08-23 04:24:04.235235,1186.0,0.4193747437426022,0.4334771893918514,0.7334,0.6988,0.30123329162597656,0.28854721784591675,0.2846,0.3,0.0196,0.0296,0.58194,0.5672,0.42344,0.4205,1088.9547622057855,20376.37012023926
2023-08-23 04:24:55.334675,1187.0,0.4229580769125296,0.4372705169022083,0.72832,0.7,0.2982996106147766,0.27852487564086914,0.28186,0.2925,0.02032,0.0267,0.57912,0.5588,0.4206,0.4192,1029.355677701989,17002.6959777832
2023-08-23 04:25:44.218573,1188.0,0.4197467468222793,0.434750559926033,0.73066,0.7007,0.3010975122451782,0.2899680882692337,0.28454,0.2919,0.02058,0.0272,0.58094,0.5615,0.42486,0.4182,1076.6291278138453,16013.419956207275
2023-08-23 04:26:36.677280,1189.0,0.42003452625809884,0.43149772882461546,0.7312,0.7009,0.3010917603969574,0.30019411444664,0.28368,0.3058,0.01968,0.0302,0.58148,0.5669,0.42372,0.4322,1007.0119209289551,16464.52345504761
2023-08-23 04:27:35.503122,1190.0,0.41997903524612895,0.4472356647253036,0.72916,0.6803,0.30201879143714905,0.2739392817020416,0.28666,0.298,0.02034,0.0292,0.57952,0.5489,0.42604,0.4167,902.8295057647082,15405.982599639892
2023-08-23 04:28:31.911472,1191.0,0.4204816314942983,0.44322786629199984,0.73026,0.6898,0.30272604525089264,0.2815372943878174,0.2846,0.2937,0.01984,0.0278,0.58014,0.5549,0.42698,0.4209,939.0901648073781,21825.33464279175
2023-08-23 04:29:26.842658,1192.0,0.4195542077020723,0.432999274879694,0.73184,0.7033,0.3048148453235626,0.29590366780757904,0.28542,0.3006,0.02,0.0264,0.58242,0.5697,0.42774,0.4284,969.2284355163574,16502.3396484375
2023-08-23 04:30:16.917438,1193.0,0.4196109998286987,0.4353204250335693,0.73288,0.701,0.3044392019510269,0.29641789197921753,0.28462,0.3015,0.02036,0.028,0.58344,0.5653,0.42496,0.4254,1046.3921961881676,20364.19391403198
2023-08-23 04:31:07.019446,1194.0,0.4195999766186792,0.4394147783517838,0.73188,0.6862,0.3011476993560791,0.2913729250431061,0.28446,0.3079,0.01994,0.0322,0.58122,0.5605,0.42402,0.4306,1060.0784207558145,17070.682975769043
2023-08-23 04:32:03.751546,1195.0,0.4204159140282748,0.43301129415631295,0.72886,0.6995,0.30281977355480194,0.29356931149959564,0.286,0.3036,0.01998,0.0258,0.5808,0.568,0.42454,0.4281,931.7537835568797,14092.923193359375
2023-08-23 04:33:04.833707,1196.0,0.4201624407147875,0.4318057380616665,0.73028,0.7043,0.3023954927921295,0.28868570923805237,0.28478,0.2992,0.01966,0.0286,0.58288,0.5682,0.4243,0.4262,851.3845295030244,18467.77924041748
2023-08-23 04:33:54.688506,1197.0,0.4183821845419553,0.4327560417354107,0.7308,0.7004,0.30393627285957336,0.29529714584350586,0.28564,0.3037,0.02036,0.0288,0.5833,0.5649,0.4261,0.4307,1063.7415553501673,21673.032604980468
2023-08-23 04:34:44.206940,1198.0,0.4191630941872694,0.4400667868554592,0.73126,0.6988,0.3016241788864136,0.27155885100364685,0.2854,0.2792,0.021,0.0249,0.5813,0.5515,0.42522,0.4083,1057.8172215053014,20490.251139068605
2023-08-23 04:35:38.373467,1199.0,0.41862326677964656,0.432104566693306,0.73128,0.7086,0.3049300014972687,0.2905365526676178,0.28564,0.2904,0.02026,0.0258,0.58418,0.5698,0.4267,0.4213,979.1456529266981,21836.811093139648
2023-08-23 04:36:30.574422,1200.0,0.4182683846780232,0.43488021194934845,0.73312,0.6953,0.30639714002609253,0.2885325253009796,0.28474,0.3032,0.02024,0.029,0.58404,0.5632,0.42612,0.4247,1007.2192135246432,18111.385279846192
2023-08-23 04:37:22.658955,1201.0,0.419838941066849,0.4328530080616474,0.73102,0.6989,0.30174219608306885,0.290642112493515,0.2847,0.2999,0.01968,0.0277,0.58172,0.566,0.42568,0.4221,1018.2533698568539,16425.96587524414
2023-08-23 04:38:25.792034,1202.0,0.4202157388232192,0.43833874687552454,0.73166,0.6996,0.30382469296455383,0.28145039081573486,0.28518,0.2911,0.02036,0.0274,0.58184,0.5599,0.42544,0.4192,827.8853579151387,18843.601457977296
2023-08-23 04:39:26.081557,1203.0,0.42093000332919916,0.43364341333508494,0.72996,0.698,0.2995937168598175,0.30167345702648163,0.28612,0.306,0.02022,0.0306,0.58048,0.57,0.42328,0.4314,876.9582153631717,18749.744481658934
2023-08-23 04:40:16.691240,1204.0,0.41791356278925523,0.4323039673268795,0.7348,0.7036,0.3045461177825928,0.2914125621318817,0.28618,0.2955,0.02092,0.0284,0.58388,0.5667,0.42426,0.4233,1040.3569065016143,21202.239534759523
2023-08-23 04:41:03.390347,1205.0,0.4185305590532264,0.43267236053943636,0.73378,0.7013,0.3038434386253357,0.2883542776107788,0.28632,0.3013,0.02026,0.0271,0.5833,0.5632,0.4261,0.4267,1137.2560973653988,16298.655683135987
2023-08-23 04:41:56.948943,1206.0,0.4163939102875943,0.4356498509645462,0.7357,0.6997,0.3088665008544922,0.2871725708246231,0.2883,0.3027,0.02002,0.0297,0.58608,0.5634,0.42922,0.4262,995.8202395536462,17507.57990722656
2023-08-23 04:42:57.180007,1207.0,0.4175366929599217,0.43769642785191537,0.73374,0.6986,0.30538851022720337,0.27983006834983826,0.28704,0.2897,0.0199,0.0288,0.58472,0.5592,0.42782,0.4166,866.8965890845474,18513.514278411865
2023-08-23 04:43:55.925728,1208.0,0.4167646434234113,0.43578369840979575,0.73432,0.6953,0.304490327835083,0.28778432309627533,0.28834,0.2978,0.02058,0.0299,0.58562,0.5633,0.42732,0.4226,900.0069988795689,16318.504344940186
2023-08-23 04:45:01.439741,1209.0,0.41692670997308223,0.4303985111415386,0.73524,0.7032,0.30542051792144775,0.28771108388900757,0.288,0.3001,0.02016,0.0279,0.58552,0.5677,0.42668,0.4214,789.5865871662996,15134.977737426758
2023-08-23 04:46:00.871953,1210.0,0.4202529740880947,0.43271099999547,0.73126,0.7069,0.3038531243801117,0.2895536422729492,0.28586,0.2897,0.0203,0.0239,0.58098,0.5693,0.4262,0.4174,881.3928488128039,14692.05030670166
2023-08-23 04:46:50.625285,1211.0,0.41940455777304514,0.4375651553273201,0.7301,0.6997,0.302645206451416,0.2793039083480835,0.28632,0.2834,0.01998,0.0249,0.58362,0.5612,0.42708,0.4127,1070.7722204558704,21573.320822906495
2023-08-23 04:47:37.122366,1212.0,0.4183091492373116,0.4305304415524006,0.7331,0.7086,0.3035394102334976,0.29115429520606995,0.28756,0.2926,0.02088,0.0254,0.58302,0.569,0.42554,0.4208,1128.0066332135882,20339.727896881104
2023-08-23 04:48:23.914907,1213.0,0.4176441785328242,0.43814363032579423,0.73316,0.695,0.3071696311235428,0.27932658791542053,0.2859,0.2923,0.02046,0.031,0.58414,0.5557,0.4275,0.4161,1123.14203495882,20926.156258392333
2023-08-23 04:49:12.763337,1214.0,0.4163706836347677,0.4328185595571995,0.7348,0.7055,0.3094368577003479,0.289863646030426,0.28726,0.2957,0.02042,0.0265,0.5862,0.5676,0.42818,0.4256,1080.164792586346,15545.680025482177
2023-08-23 04:50:11.117418,1215.0,0.41794533632239517,0.4323692888021469,0.73512,0.7059,0.30292893946170807,0.2887691557407379,0.28598,0.2955,0.0203,0.0279,0.58256,0.5677,0.42578,0.4222,897.4544109422334,20409.344007110594
2023-08-23 04:51:01.006109,1216.0,0.4169423269982241,0.43055512458086015,0.73542,0.7059,0.30711299180984497,0.29117482900619507,0.28748,0.2971,0.02078,0.026,0.58696,0.5692,0.42722,0.424,1067.8006134811712,20820.769441986085
2023-08-23 04:51:49.141491,1217.0,0.41682781902502997,0.4326887719333172,0.73622,0.7008,0.30619707703590393,0.2989470511674881,0.2872,0.2994,0.02068,0.0265,0.58716,0.5719,0.42672,0.4263,1095.4858008404167,16786.08357696533
2023-08-23 04:52:41.441527,1218.0,0.41563158664776356,0.4359928034245968,0.7356,0.6975,0.30813024938106537,0.2763747572898865,0.29042,0.2932,0.02028,0.0314,0.58638,0.5573,0.42898,0.4193,1006.4999023748904,16972.751431274413
2023-08-23 04:53:36.365842,1219.0,0.4171202360671394,0.43356406688690186,0.73376,0.6978,0.30584585666656494,0.286396861076355,0.28812,0.2982,0.0211,0.0285,0.58576,0.5619,0.4278,0.4184,949.1480687978317,15195.660289001466
2023-08-23 04:54:26.621542,1220.0,0.41749729474588315,0.43301026299595835,0.7349,0.6989,0.3057747781276703,0.29293614625930786,0.28624,0.3,0.01982,0.0268,0.58368,0.5628,0.42852,0.4222,1048.8166450967594,22507.233984375
2023-08-23 04:55:16.234886,1221.0,0.41615187543995524,0.42876210883259774,0.73648,0.7051,0.30873584747314453,0.30325257778167725,0.2881,0.3083,0.02016,0.0322,0.5861,0.5674,0.42998,0.4341,1077.0200166507643,15616.781610870361
2023-08-23 04:56:13.858180,1222.0,0.41571579812740794,0.4302310459315777,0.73528,0.705,0.3098040223121643,0.29353150725364685,0.28808,0.3002,0.02074,0.0296,0.58894,0.5687,0.43104,0.4253,911.0019293804557,20095.539612579345
2023-08-23 04:57:09.773727,1223.0,0.4156939338664619,0.4357883229851723,0.73452,0.7027,0.307561457157135,0.2809670567512512,0.289,0.2882,0.02056,0.0268,0.58552,0.5622,0.43016,0.4126,936.9524618654835,18794.377712249756
2023-08-23 04:58:07.197221,1224.0,0.4170124498861177,0.4353617176413536,0.73504,0.7018,0.30724167823791504,0.2909802049398422,0.2872,0.3001,0.01956,0.0306,0.58608,0.5669,0.42666,0.4221,906.8871540147431,14315.304541015625
2023-08-23 04:59:09.767546,1225.0,0.41673531641765515,0.43247868344187734,0.7343,0.7029,0.30778154730796814,0.2848164141178131,0.2891,0.2963,0.02034,0.0264,0.58494,0.5643,0.42904,0.4192,829.039300101144,18768.428540802
2023-08-23 05:00:01.037599,1226.0,0.4181567474591489,0.4294822208583355,0.73332,0.7044,0.30772776901721954,0.2930085062980652,0.28828,0.2995,0.02082,0.0259,0.58494,0.5704,0.42992,0.4247,1049.2112174520687,19311.558001708985
2023-08-23 05:00:44.747937,1227.0,0.4169277232520434,0.44044825062155724,0.73688,0.6914,0.3048991560935974,0.2898215651512146,0.28736,0.2985,0.02024,0.0314,0.5845,0.5628,0.4253,0.4244,1194.9163041406748,16534.52752914429
2023-08-23 05:01:40.287125,1228.0,0.41675497941216644,0.4323464870452881,0.73252,0.7076,0.3076973855495453,0.2856595516204834,0.28854,0.2952,0.02056,0.0278,0.58644,0.5663,0.42922,0.4189,958.2477060434769,18396.171600341797
2023-08-23 05:02:32.537596,1229.0,0.415152909652311,0.43466298654675484,0.73722,0.6994,0.311211496591568,0.28102055191993713,0.29092,0.2969,0.02054,0.0301,0.58852,0.5607,0.43124,0.4216,1017.6613656647352,16330.488858795166
2023-08-23 05:03:30.923083,1230.0,0.41602338531187605,0.4363370083272457,0.7355,0.703,0.3067910373210907,0.2852812111377716,0.28976,0.2883,0.02048,0.0281,0.58714,0.5623,0.42794,0.4198,891.6019294894471,16631.37934112549
2023-08-23 05:04:26.033157,1231.0,0.41574194039009055,0.43471062183380127,0.73646,0.7024,0.3099484145641327,0.2843245267868042,0.28646,0.2954,0.02006,0.0285,0.58584,0.561,0.4286,0.4154,944.5154971687161,13650.584976959228
2023-08-23 05:05:30.321339,1232.0,0.41599464021166976,0.431627893447876,0.7365,0.7041,0.30607298016548157,0.2938263714313507,0.28962,0.2951,0.02044,0.0255,0.58612,0.5673,0.42934,0.4241,808.1743608591507,16617.01536026001
2023-08-23 05:06:25.059908,1233.0,0.4139933105634183,0.4271985501050949,0.73872,0.7083,0.31296205520629883,0.2996968477964401,0.2889,0.2997,0.02028,0.0276,0.58942,0.5716,0.43278,0.4272,952.3700373902612,19715.180083465577
2023-08-23 05:07:18.275876,1234.0,0.41350564254181726,0.4302378974854946,0.73832,0.7033,0.3101063370704651,0.29885581135749817,0.28742,0.2991,0.02064,0.0295,0.58992,0.5711,0.43028,0.4302,985.1891703702966,20392.594957733156
2023-08-23 05:08:18.744725,1235.0,0.4143878362920819,0.4317249670624733,0.73766,0.7013,0.31114882230758667,0.29338550567626953,0.29104,0.2992,0.02088,0.0286,0.59006,0.5635,0.43058,0.4297,864.1809965639699,16756.747362518312
2023-08-23 05:09:14.442593,1236.0,0.4138233623638445,0.4297927297651768,0.73846,0.7014,0.311271071434021,0.29435738921165466,0.2888,0.3011,0.02076,0.0301,0.58832,0.5685,0.43074,0.4282,945.3996283083546,17931.723670959473
2023-08-23 05:10:02.843358,1237.0,0.4149632361166331,0.4320010282099247,0.73814,0.702,0.3095981180667877,0.2915416955947876,0.29096,0.2985,0.0203,0.0298,0.58828,0.566,0.43108,0.4239,1086.104494834433,19434.991885375977
2023-08-23 05:10:52.675684,1238.0,0.4143077338836631,0.42978177294135095,0.73374,0.707,0.30957138538360596,0.30457454919815063,0.29036,0.2995,0.0207,0.0258,0.58928,0.5705,0.43116,0.43,1052.319421729263,20185.704502105713
2023-08-23 05:11:44.023544,1239.0,0.4136972004661755,0.43177755177021027,0.73722,0.7068,0.3126355707645416,0.2944430112838745,0.29,0.2994,0.02054,0.029,0.58762,0.5678,0.4328,0.4251,1018.8061803700973,19632.598195648192
2023-08-23 05:12:39.434294,1240.0,0.4130716419645718,0.4297315411269665,0.73868,0.7081,0.31146350502967834,0.29672157764434814,0.28958,0.2977,0.021,0.0288,0.59104,0.5708,0.43308,0.4235,946.1857780923649,14938.929364776612
2023-08-23 05:13:31.618479,1241.0,0.4133474854182224,0.4313210338354111,0.73864,0.7025,0.3099115192890167,0.2894744873046875,0.2928,0.2973,0.0213,0.0265,0.58902,0.5638,0.4325,0.4193,1013.5819098803462,19802.075897216797
2023-08-23 05:14:25.708416,1242.0,0.413196187238304,0.4308257378637791,0.73898,0.7049,0.3139953017234802,0.29746145009994507,0.29216,0.3046,0.02002,0.0308,0.58996,0.5707,0.4342,0.4323,975.8381645046935,20259.008392333984
2023-08-23 05:15:26.793115,1243.0,0.4143442903854409,0.43148967772722246,0.73624,0.7081,0.3109649568796158,0.29261672496795654,0.2914,0.2955,0.021,0.0258,0.58784,0.5681,0.4308,0.4285,862.6331576133261,18810.409675598145
2023-08-23 05:16:23.074633,1244.0,0.4146709577465544,0.4334920771420002,0.7372,0.706,0.3109491765499115,0.2935526371002197,0.29112,0.2957,0.02066,0.03,0.5881,0.5698,0.43242,0.426,942.2628124782017,19123.161499786376
2023-08-23 05:17:23.651145,1245.0,0.41244322989059956,0.43031643107533457,0.74066,0.7058,0.3114790916442871,0.29394519329071045,0.29,0.2994,0.02042,0.0276,0.59102,0.5698,0.43206,0.4284,861.1072688200036,16281.81792755127
2023-08-23 05:18:28.828646,1246.0,0.4126147174713563,0.42911170721054076,0.7408,0.7092,0.313699871301651,0.2975173592567444,0.2894,0.3023,0.02072,0.0289,0.59056,0.5727,0.4325,0.4298,794.7724374265086,17340.081314086914
2023-08-23 05:19:31.569752,1247.0,0.4141636431521299,0.43521258160471915,0.73722,0.6972,0.3101978600025177,0.2913621664047241,0.29084,0.3025,0.02002,0.0307,0.58846,0.5649,0.43138,0.4244,830.9963056603257,17250.168536376954
2023-08-23 05:20:19.345600,1248.0,0.4151461177638599,0.4322053924202919,0.73574,0.7044,0.3131813406944275,0.28804099559783936,0.28952,0.2952,0.02142,0.0268,0.58816,0.5661,0.43138,0.4251,1101.3475038178112,18598.17127380371
2023-08-23 05:21:12.326325,1249.0,0.4123292402649412,0.43116055205464365,0.73934,0.702,0.3127399682998657,0.2979303300380707,0.29058,0.3002,0.0206,0.0296,0.5913,0.5701,0.43292,0.429,1001.7431590800383,20113.710021209718
2023-08-23 05:22:02.188418,1250.0,0.41268390660383264,0.43712571635842323,0.73782,0.6919,0.31093019247055054,0.28791162371635437,0.29004,0.303,0.02126,0.0344,0.59018,0.5668,0.43282,0.4262,1065.6291620682696,15717.398426055908
2023-08-23 05:23:00.693723,1251.0,0.41330194716550867,0.4329294949769974,0.7385,0.6996,0.3142642378807068,0.2890836000442505,0.29142,0.3037,0.02014,0.0289,0.5908,0.5648,0.43438,0.4297,893.8173624933983,20788.717391204835
2023-08-23 05:23:53.893729,1252.0,0.4132057627548977,0.4335464134812355,0.74024,0.6982,0.31103289127349854,0.2898519039154053,0.29296,0.305,0.02022,0.0308,0.59,0.5656,0.43294,0.427,995.3377430195711,20572.038621520995
2023-08-23 05:24:39.328911,1253.0,0.41315729292679804,0.43067405223846433,0.7392,0.7045,0.31158801913261414,0.291623055934906,0.29192,0.3009,0.0207,0.0258,0.58946,0.5658,0.43096,0.4217,1153.4574773360273,17996.266565704347
2023-08-23 05:25:23.271242,1254.0,0.41436021759801983,0.4313656836748123,0.73682,0.7033,0.30950358510017395,0.29466718435287476,0.28968,0.3007,0.02066,0.0304,0.58848,0.5685,0.42908,0.4279,1192.2325843499632,19728.66215438843
2023-08-23 05:26:23.702609,1255.0,0.41238354906743885,0.4293204754590988,0.73938,0.7093,0.3159911334514618,0.2945730686187744,0.29214,0.2953,0.02022,0.0248,0.59106,0.568,0.43486,0.4232,859.849915173589,14198.148245239257
2023-08-23 05:27:28.355602,1256.0,0.4116770799975006,0.4341587252914906,0.74074,0.6978,0.31687620282173157,0.28347501158714294,0.2921,0.2929,0.02102,0.0282,0.59176,0.5603,0.43396,0.4198,798.5734601702009,19364.697180175783
2023-08-23 05:28:30.186693,1257.0,0.4115983855967619,0.43028606846928596,0.741,0.7026,0.31804966926574707,0.29497087001800537,0.29192,0.3016,0.02044,0.0285,0.59394,0.5668,0.43576,0.4278,841.8958677953603,15438.87677078247
2023-08-23 05:29:24.704489,1258.0,0.411452768560575,0.4326624646782875,0.74028,0.6981,0.3147939145565033,0.29053689539432526,0.29442,0.2997,0.02038,0.0312,0.59128,0.5629,0.43446,0.427,975.7210093128438,18192.957479095458
2023-08-23 05:30:19.294137,1259.0,0.4117175384747739,0.4267654292285442,0.73864,0.7062,0.3175165057182312,0.3045952618122101,0.29366,0.3082,0.02068,0.0286,0.59242,0.5716,0.43682,0.4359,953.2689735256896,14878.531536102295
2023-08-23 05:31:08.543059,1260.0,0.41310213962379766,0.42934515401721,0.7376,0.7062,0.31283220648765564,0.3023653030395508,0.29268,0.2999,0.0214,0.0296,0.59016,0.5745,0.43284,0.4291,1070.7014244235293,17722.299781036378
2023-08-23 05:32:01.655353,1261.0,0.41116261451828234,0.4372157208621502,0.74204,0.696,0.3166104257106781,0.28258979320526123,0.2942,0.296,0.02104,0.0295,0.59298,0.5593,0.4359,0.4219,990.3795594195931,20006.415287017822
2023-08-23 05:33:00.610718,1262.0,0.4107676545272068,0.43225068375468256,0.74128,0.7062,0.31813934445381165,0.2948543429374695,0.29164,0.3024,0.02054,0.027,0.5922,0.5666,0.43676,0.4276,899.0772043344925,15862.175615692138
2023-08-23 05:33:54.381617,1263.0,0.4128185466540103,0.42576762437820437,0.73848,0.7086,0.31046754121780396,0.30908119678497314,0.2926,0.3054,0.02096,0.0281,0.58794,0.574,0.43254,0.4337,972.4070401872907,16301.679583740235
2023-08-23 05:34:53.009001,1264.0,0.41275107997412586,0.43422376066446305,0.7394,0.6943,0.3127066195011139,0.29199036955833435,0.29052,0.3101,0.02096,0.0323,0.59002,0.5646,0.43148,0.4305,889.3444607793068,15651.607021331787
2023-08-23 05:35:46.305231,1265.0,0.41077475082509374,0.4324855864048004,0.73934,0.7051,0.31959564983844757,0.29108789563179016,0.29468,0.296,0.02058,0.0283,0.59328,0.5664,0.43608,0.4256,984.7384035538654,21110.21287689209
2023-08-23 05:36:32.684459,1266.0,0.41046206044907474,0.4287718527019024,0.74316,0.7091,0.3184572905302048,0.3030983805656433,0.29412,0.3018,0.02074,0.0288,0.59476,0.5737,0.43594,0.4283,1136.461181329221,17334.741074371337
2023-08-23 05:37:32.144980,1267.0,0.41066864649860224,0.43351048454642294,0.74158,0.7025,0.31510113179683685,0.28727245330810547,0.29268,0.298,0.02066,0.0259,0.59246,0.5646,0.43434,0.4225,885.9461807718083,16100.7266166687
2023-08-23 05:38:26.810368,1268.0,0.41197705436117793,0.42779900804162024,0.74206,0.7103,0.3153369128704071,0.29833120107650757,0.29318,0.3004,0.02062,0.0291,0.59182,0.5714,0.435,0.4285,953.7298082624163,14756.648604583741
2023-08-23 05:39:18.103402,1269.0,0.4111683906949296,0.42720925286412237,0.74192,0.7089,0.3167865574359894,0.2946360409259796,0.29382,0.2985,0.021,0.0261,0.59304,0.5701,0.4364,0.4269,1030.9376486174915,14719.056255340576
2023-08-23 05:40:08.487678,1270.0,0.4095421664568843,0.4286967568099499,0.74346,0.7045,0.31822091341018677,0.2987188994884491,0.29396,0.3058,0.02078,0.0279,0.59392,0.5717,0.43728,0.4296,1047.816500916773,14053.634544372559
2023-08-23 05:41:02.549863,1271.0,0.41150625597457496,0.4349916182458401,0.7396,0.7005,0.3166174590587616,0.2823707163333893,0.29286,0.2922,0.0208,0.0284,0.59246,0.5615,0.43558,0.4186,1000.3653471810477,17556.074044036865
2023-08-23 05:41:59.554682,1272.0,0.41023436462392615,0.42845930606126786,0.74152,0.7066,0.31697940826416016,0.29654911160469055,0.29504,0.3067,0.02012,0.027,0.59388,0.5692,0.43542,0.4282,922.8975415910993,20110.39876022339
2023-08-23 05:42:45.299712,1273.0,0.4100730486062108,0.42803181409835817,0.74222,0.7069,0.31676457822322845,0.2978416383266449,0.29464,0.3036,0.0204,0.0285,0.5945,0.5676,0.43662,0.4267,1142.366692834971,22450.992974090575
2023-08-23 05:43:32.420118,1274.0,0.41138635636592397,0.4326434649527073,0.74236,0.7049,0.31432515382766724,0.2908468246459961,0.29422,0.2963,0.02016,0.0291,0.59142,0.568,0.4345,0.4221,1122.6100182825205,13598.136884307862
2023-08-23 05:44:24.030097,1275.0,0.4109285393235635,0.42717986926436424,0.7419,0.7086,0.31625181436538696,0.3000148683786392,0.29282,0.3021,0.02162,0.0282,0.59264,0.5744,0.43482,0.4308,1040.51612620451,20272.582065582275
2023-08-23 05:45:18.980183,1276.0,0.41094344002859934,0.43029183596372605,0.74124,0.7035,0.31492990255355835,0.30863893032073975,0.29274,0.3089,0.02144,0.031,0.59092,0.5761,0.43538,0.4339,972.854938740633,18183.82074508667
2023-08-23 05:46:19.297536,1277.0,0.4092897740857942,0.4264903850853443,0.74424,0.7094,0.31739094853401184,0.2996385097503662,0.29382,0.3054,0.02174,0.0253,0.59446,0.5751,0.43584,0.4338,880.3443162100656,17258.138488006593
2023-08-23 05:47:08.081703,1278.0,0.4098686837420172,0.429996307939291,0.74482,0.7027,0.3153860718011856,0.2997785806655884,0.29182,0.3013,0.02072,0.0326,0.5936,0.5678,0.43524,0.4287,1079.717465459084,16768.78730392456
2023-08-23 05:47:56.732433,1279.0,0.41029081584847704,0.4301444046199322,0.74184,0.7018,0.315830260515213,0.29821932315826416,0.29452,0.3066,0.02132,0.0283,0.59496,0.5711,0.43638,0.4298,1078.141232315375,20363.76096343994
2023-08-23 05:48:50.000026,1280.0,0.40969559656722204,0.4270172841846943,0.7402,0.7064,0.3188675343990326,0.2946798801422119,0.29422,0.298,0.02102,0.0274,0.5944,0.5726,0.43644,0.4266,985.0679218525789,15943.904302215577
2023-08-23 05:49:45.476224,1281.0,0.4099205323323912,0.4316909246146679,0.74338,0.703,0.31830430030822754,0.29625582695007324,0.29362,0.2996,0.02086,0.0276,0.59332,0.5695,0.43734,0.4268,960.3462625620316,15382.861044311523
2023-08-23 05:50:39.785521,1282.0,0.4081423954696071,0.4277144096791744,0.7466,0.7061,0.31782057881355286,0.30227136611938477,0.29472,0.3046,0.0206,0.0289,0.5962,0.5689,0.4349,0.4335,965.9572498555086,19266.121140289306
2023-08-23 05:51:24.069281,1283.0,0.40941923963172094,0.4286927841603756,0.743,0.7072,0.3190070688724518,0.2992755174636841,0.29652,0.3019,0.0215,0.0297,0.59452,0.5709,0.43726,0.4293,1181.6448090222418,21144.929637908936
2023-08-23 05:52:15.748941,1284.0,0.40916373778362664,0.4303022973239422,0.74414,0.7042,0.31639260053634644,0.29862648248672485,0.29378,0.3032,0.02106,0.029,0.59438,0.5699,0.43658,0.4285,1031.3657108229033,16118.816082000732
2023-08-23 05:53:10.467345,1285.0,0.40953100959257205,0.42790442556142805,0.7414,0.7054,0.3171408474445343,0.3056192100048065,0.29434,0.314,0.02168,0.0298,0.59488,0.5733,0.4357,0.4358,953.4071875591667,17837.018615722656
2023-08-23 05:54:00.242035,1286.0,0.40801135252933113,0.4346682526171207,0.74396,0.701,0.31897079944610596,0.2877984344959259,0.29586,0.2986,0.02172,0.0297,0.59602,0.5687,0.43782,0.4236,1063.3575525089186,18256.130252838135
2023-08-23 05:54:49.099583,1287.0,0.4106508554244528,0.43337970674037934,0.73958,0.7017,0.3178770840167999,0.29607588052749634,0.2953,0.3016,0.02064,0.0296,0.59414,0.5689,0.43658,0.4301,1080.1997563887617,15968.093135070802
2023-08-23 05:55:41.458642,1288.0,0.40838910608875506,0.4287478029727936,0.74462,0.7119,0.3216118812561035,0.2951636463403702,0.29648,0.2919,0.02108,0.0239,0.59512,0.5719,0.43948,0.4169,1007.6639142717634,18197.31422576904
2023-08-23 05:56:29.396506,1289.0,0.40776989837082067,0.4260256923735142,0.74518,0.7084,0.31795305013656616,0.3074648082256317,0.2945,0.3051,0.02058,0.0298,0.59432,0.5717,0.43792,0.4337,1101.471354114766,20100.308222198488
2023-08-23 05:57:20.428160,1290.0,0.40860117622175995,0.4263236619532108,0.74408,0.7084,0.3172410726547241,0.3084091544151306,0.29418,0.3068,0.02138,0.0282,0.59356,0.5771,0.43542,0.4332,1027.0931333425094,19223.188690185547
2023-08-23 05:58:10.423495,1291.0,0.4069382081530532,0.42980614900588987,0.74702,0.7086,0.31979984045028687,0.2928371727466583,0.29758,0.2986,0.0213,0.0268,0.5974,0.571,0.43918,0.4241,1057.9186851345762,18386.110502624513
2023-08-23 05:59:03.982544,1292.0,0.4077604101324568,0.427186182141304,0.74494,0.706,0.3205920457839966,0.3014199733734131,0.29646,0.307,0.02166,0.0286,0.59702,0.5733,0.43906,0.4335,985.9328177315848,22248.73005218506
2023-08-23 05:59:51.037555,1293.0,0.407353727793207,0.4284418188035488,0.7456,0.7087,0.3237949311733246,0.29557520151138306,0.2959,0.3004,0.02072,0.0281,0.59954,0.5715,0.44048,0.4266,1116.7228492425413,20599.699982452392
2023-08-23 06:00:40.068682,1294.0,0.4086898522717612,0.4256914138793945,0.74296,0.7088,0.31923046708106995,0.3066524267196655,0.29634,0.3072,0.02104,0.0297,0.5955,0.5754,0.43848,0.4355,1074.4608618288623,16750.613218688966
2023-08-23 06:01:36.616790,1295.0,0.40657552042785955,0.4258680954575539,0.74738,0.7076,0.32391539216041565,0.30125072598457336,0.29622,0.3077,0.0219,0.0288,0.59874,0.5751,0.4404,0.4325,927.1436811953175,14216.830352020264
2023-08-23 06:02:27.570200,1296.0,0.4072369332520329,0.43090940415859225,0.74502,0.7008,0.32058368623256683,0.29504501819610596,0.29578,0.3069,0.02076,0.0329,0.59638,0.5677,0.4389,0.4323,1037.4181825287487,22140.753617858885
2023-08-23 06:03:22.813429,1297.0,0.4068746762920399,0.4273135900497437,0.74524,0.7041,0.3233660161495209,0.2941075712442398,0.29698,0.3023,0.02142,0.0273,0.59634,0.5706,0.43982,0.4261,952.4831720468949,17049.98289642334
2023-08-23 06:04:15.084052,1298.0,0.4070197132473089,0.4280854322016239,0.74604,0.7028,0.32037353515625,0.2987343966960907,0.29618,0.3029,0.02038,0.029,0.59772,0.5687,0.43888,0.4351,1018.9625329776686,21964.648138427736
2023-08-23 06:05:07.689093,1299.0,0.40858243436229474,0.42599138990044594,0.74504,0.7119,0.32042959332466125,0.2945081293582916,0.2947,0.3029,0.0204,0.0299,0.59516,0.5713,0.43786,0.4292,998.8554435262874,18104.989833831787
2023-08-23 06:06:06.903210,1300.0,0.4073254347455745,0.42890513837337496,0.74598,0.7096,0.32138170301914215,0.2941482663154602,0.29674,0.2964,0.02148,0.0284,0.59614,0.5711,0.43988,0.4239,887.5839037214007,14792.886054992676
2023-08-23 06:06:54.619916,1301.0,0.4073082999307282,0.42750894501805303,0.7445,0.7076,0.32076185941696167,0.2964680790901184,0.29774,0.2992,0.02044,0.029,0.596,0.5724,0.43824,0.426,1106.8272610099948,20911.24011154175
2023-08-23 06:07:41.569536,1302.0,0.4069961206037171,0.42618247121572495,0.74724,0.7094,0.3225509524345398,0.29834848642349243,0.29586,0.3007,0.0213,0.0288,0.59754,0.5721,0.4404,0.4296,1119.8335561168437,20527.962957763673
2023-08-23 06:08:29.684012,1303.0,0.4056203195026943,0.4291348703205585,0.74764,0.7076,0.32450172305107117,0.2981809079647064,0.29882,0.2963,0.02192,0.0292,0.59976,0.5692,0.4413,0.4233,1099.177510164222,21086.414740753175
2023-08-23 06:09:21.050008,1304.0,0.40788628480264116,0.43620297163724897,0.7443,0.697,0.3202972412109375,0.2903904616832733,0.29576,0.3019,0.02092,0.031,0.59664,0.56,0.43962,0.4281,1013.9258522500797,20765.777815246583
2023-08-23 06:10:12.350688,1305.0,0.40624339179116853,0.4261655181646347,0.74644,0.712,0.3234141170978546,0.3027340769767761,0.29774,0.3028,0.02166,0.0277,0.59732,0.5725,0.44084,0.4317,1036.0202430413694,18449.070530700683
2023-08-23 06:11:05.000001,1306.0,0.40714271518648887,0.43094472736120226,0.74632,0.7076,0.3218846321105957,0.29060038924217224,0.2945,0.2968,0.02086,0.0277,0.59914,0.5647,0.43928,0.4225,994.2625160995794,17851.4395942688
2023-08-23 06:11:55.630332,1307.0,0.40653211380145987,0.4247894585132599,0.74484,0.7092,0.3206775188446045,0.3061811923980713,0.29636,0.3112,0.02068,0.0328,0.59686,0.5746,0.43902,0.4373,1040.4925313677106,21492.942737579346
2023-08-23 06:12:40.521971,1308.0,0.40686945495556814,0.42800876349210737,0.74534,0.7067,0.3222576677799225,0.30263248085975647,0.29676,0.3037,0.0202,0.0309,0.59708,0.5715,0.43916,0.4328,1167.920280456543,18297.790518188478
2023-08-23 06:13:37.263254,1309.0,0.4059208249863313,0.4258462950587273,0.74812,0.7079,0.3230620324611664,0.30440253019332886,0.29568,0.3059,0.02056,0.0293,0.59832,0.576,0.44056,0.4328,913.6186166880082,20619.54931335449
2023-08-23 06:14:25.045909,1310.0,0.40689632691899125,0.4308066196739674,0.74754,0.6995,0.3202052414417267,0.29396292567253113,0.2963,0.31,0.02136,0.0346,0.59708,0.5662,0.43876,0.4334,1108.1395431051449,20415.78479156494
2023-08-23 06:15:17.426680,1311.0,0.40769901476344284,0.4272612504661083,0.74434,0.7061,0.32052457332611084,0.30880099534988403,0.29734,0.3077,0.02096,0.0304,0.5948,0.5731,0.4392,0.4361,1005.0325065145687,18814.995012664796
2023-08-23 06:16:05.371462,1312.0,0.40606079752347907,0.42759197801351545,0.74732,0.7059,0.3238651156425476,0.3040342330932617,0.29588,0.3036,0.02108,0.0283,0.59902,0.575,0.4404,0.4345,1101.5432661406849,15658.58277130127
2023-08-23 06:16:59.301620,1313.0,0.40576128950532603,0.4295765034854412,0.74758,0.7113,0.32601693272590637,0.2950933575630188,0.2983,0.2892,0.0211,0.0273,0.5991,0.5702,0.44176,0.4216,966.9878273788763,17370.336724090575
2023-08-23 06:17:57.636536,1314.0,0.4054362186971976,0.42540128007531164,0.74884,0.7098,0.3255411386489868,0.30446135997772217,0.29572,0.3059,0.02134,0.0294,0.60236,0.5749,0.4414,0.4328,893.8390525506467,17724.38264770508
2023-08-23 06:18:45.470564,1315.0,0.4059594001392929,0.4237982533872128,0.74776,0.7106,0.3229217529296875,0.3119218945503235,0.29818,0.3032,0.02018,0.0291,0.59872,0.5793,0.43986,0.435,1101.502898858518,20832.063564300537
2023-08-23 06:19:40.015821,1316.0,0.4047576225533777,0.42640324532985685,0.74996,0.7021,0.32324883341789246,0.30746346712112427,0.2961,0.3091,0.02114,0.0287,0.59796,0.5763,0.44018,0.4339,966.8952274711764,17354.740021514892
2023-08-23 06:20:34.777373,1317.0,0.4048222685042693,0.4267952263355255,0.74778,0.7085,0.32496997714042664,0.3099677264690399,0.29824,0.3065,0.02036,0.0292,0.60092,0.5707,0.44214,0.4363,980.3518296066595,17161.265895080567
2023-08-23 06:21:38.162652,1318.0,0.40462437652203503,0.4262646518647671,0.74944,0.7112,0.3234400451183319,0.3066233694553375,0.29728,0.3045,0.02098,0.0267,0.6014,0.5747,0.4416,0.4288,819.6943213015187,17957.36940689087
2023-08-23 06:22:26.506616,1319.0,0.4054332361841688,0.4253914177417755,0.749,0.7092,0.3256555646657944,0.3047202229499817,0.29636,0.3101,0.02198,0.0289,0.60154,0.5746,0.44076,0.4309,1085.1599172475387,20410.641856384278
2023-08-23 06:23:18.738031,1320.0,0.4052567320818804,0.4243158556520939,0.74778,0.7111,0.3228066563606262,0.3084403872489929,0.29746,0.3107,0.02128,0.0295,0.59946,0.5756,0.44008,0.4338,1024.8396267015107,16200.395932006835
2023-08-23 06:24:10.523733,1321.0,0.4051477194440608,0.4238926567137241,0.74592,0.7093,0.3239019811153412,0.3071136772632599,0.2975,0.3123,0.02118,0.0336,0.598,0.5798,0.44098,0.4391,1018.4316027894312,19329.36551513672
2023-08-23 06:24:57.950106,1322.0,0.4048101433685848,0.42617025449872015,0.74684,0.7062,0.32686765491962433,0.30556249618530273,0.29864,0.3148,0.02144,0.0317,0.60082,0.5761,0.44218,0.4372,1115.9237856183734,17629.167221832275
2023-08-23 06:25:48.122563,1323.0,0.40548450667030955,0.42665850594639776,0.74774,0.7113,0.32354936003685,0.29724037647247314,0.29908,0.301,0.0219,0.032,0.59918,0.5735,0.4417,0.4267,1052.394549155722,16923.547270202638
2023-08-23 06:26:43.751473,1324.0,0.40500560083559584,0.42504348084330557,0.74888,0.7115,0.3258574306964874,0.3061848282814026,0.2974,0.3103,0.02104,0.0295,0.60122,0.5733,0.44108,0.4379,941.4982603423449,16608.057411193848
2023-08-23 06:27:44.914096,1325.0,0.40330577231183345,0.4265590041875839,0.75128,0.7073,0.32674869894981384,0.2968740165233612,0.30108,0.3029,0.02132,0.0282,0.60202,0.5724,0.44318,0.4303,850.7341229964276,20469.062249755858
2023-08-23 06:28:40.006528,1326.0,0.40404895388958406,0.42320650815963745,0.75052,0.7102,0.32828837633132935,0.30413925647735596,0.29606,0.3071,0.02048,0.0307,0.60374,0.578,0.44316,0.4362,946.4178298638791,20192.83239135742
2023-08-23 06:29:24.506969,1327.0,0.40508258677258785,0.4266794428229332,0.74776,0.7081,0.32434162497520447,0.3018041402101517,0.2981,0.3083,0.02128,0.0302,0.60098,0.5697,0.4421,0.4339,1174.5235009485361,21828.060108184814
2023-08-23 06:30:16.416249,1328.0,0.40579201737228704,0.42460487857460977,0.7473,0.7117,0.32426905632019043,0.3061924874782562,0.29818,0.3002,0.02146,0.0252,0.60122,0.5789,0.44064,0.4342,1007.9618038255342,19963.236437988282
2023-08-23 06:31:15.055113,1329.0,0.40511753592564137,0.4280776746571064,0.74736,0.7067,0.3246504068374634,0.30447205901145935,0.29838,0.3106,0.02154,0.0301,0.59972,0.5721,0.44176,0.4328,892.3030811231963,15104.740990447997
2023-08-23 06:32:05.699891,1330.0,0.4036778866940615,0.4246566578745842,0.74982,0.707,0.3269761800765991,0.31362561881542206,0.29896,0.309,0.02158,0.0298,0.6018,0.5786,0.44328,0.4364,1032.1665629951322,19556.59934310913
2023-08-23 06:32:57.911184,1331.0,0.40369843585150583,0.4271240085363388,0.75022,0.7097,0.3258756697177887,0.29660671949386597,0.29952,0.2985,0.0208,0.0271,0.60272,0.572,0.44234,0.4253,1004.6639487597407,20008.324942016603
2023-08-23 06:33:54.859130,1332.0,0.4026486435715033,0.42318283319473265,0.75354,0.7134,0.3273281455039978,0.30754685401916504,0.29894,0.3101,0.02176,0.0292,0.6027,0.5795,0.44384,0.4313,932.8368693760464,15809.940293121337
2023-08-23 06:34:52.538111,1333.0,0.40353888182007536,0.42469806149601935,0.74974,0.713,0.3258685767650604,0.29851922392845154,0.29956,0.302,0.02256,0.0272,0.60072,0.5757,0.4434,0.4264,909.3845553495446,19550.99853820801
2023-08-23 06:35:43.256072,1334.0,0.4033957315342767,0.42681070417165756,0.75182,0.7069,0.32594984769821167,0.29627105593681335,0.29836,0.3038,0.02124,0.0255,0.60252,0.5718,0.44294,0.4274,1046.496012395742,17259.28746871948
2023-08-23 06:36:40.834184,1335.0,0.4029315171801314,0.42464616522192955,0.7521,0.7123,0.32833582162857056,0.3018295466899872,0.29708,0.304,0.02164,0.0294,0.60354,0.5743,0.44332,0.4302,922.2998764660894,20278.850438690184
2023-08-23 06:37:26.334525,1336.0,0.40310787956933586,0.42473768070340157,0.75098,0.7119,0.3281734138727188,0.3019467890262604,0.29992,0.3056,0.02176,0.0285,0.60256,0.5773,0.44256,0.4343,1158.5192975414043,16743.352181243896
2023-08-23 06:38:19.965238,1337.0,0.40278722102544745,0.4233432970941067,0.75126,0.7108,0.3289196491241455,0.3025711178779602,0.30002,0.3058,0.02132,0.0288,0.6028,0.5778,0.44458,0.4334,975.7869412169165,20610.295388793944
2023-08-23 06:39:13.355649,1338.0,0.40235274133025384,0.4266225017607212,0.7502,0.7101,0.32787735760211945,0.30972132086753845,0.30124,0.3057,0.0213,0.0268,0.60442,0.579,0.44444,0.4301,975.7840671150052,13808.970683288575
2023-08-23 06:40:05.906163,1339.0,0.4021330063744467,0.4250443704426289,0.75114,0.7124,0.3288689851760864,0.3049856126308441,0.30188,0.3018,0.02134,0.0307,0.6048,0.5743,0.44412,0.4339,996.0718844666773,17980.471758270265
2023-08-23 06:40:58.652366,1340.0,0.40144757941669346,0.4225986175239086,0.75182,0.7139,0.32941630482673645,0.30813106894493103,0.29984,0.3068,0.02132,0.0301,0.60268,0.5801,0.4459,0.4384,995.9835984366281,20545.636310577393
2023-08-23 06:41:46.162937,1341.0,0.4029662694249834,0.42810859009623525,0.75074,0.7048,0.32879403233528137,0.30301976203918457,0.29956,0.3113,0.0208,0.0293,0.60302,0.5701,0.4432,0.436,1117.795029932139,19749.540747070314
2023-08-23 06:42:34.884049,1342.0,0.4031335218828552,0.42423228174448013,0.75024,0.7118,0.3284458816051483,0.30401161313056946,0.29782,0.3022,0.02152,0.0284,0.6038,0.5774,0.44304,0.4299,1083.8397134274853,19861.623607635498
2023-08-23 06:43:24.079238,1343.0,0.4015403446190211,0.4232965737581253,0.7527,0.7116,0.33142349123954773,0.30838313698768616,0.30186,0.3064,0.02122,0.0293,0.6057,0.5749,0.44586,0.4357,1065.4805130471989,21384.718551635742
2023-08-23 06:44:13.626709,1344.0,0.40224517501738605,0.42588039487600327,0.75178,0.7125,0.32952314615249634,0.30698466300964355,0.30254,0.3025,0.02172,0.0277,0.59904,0.5763,0.44476,0.431,1063.5545285283304,19409.00461654663
2023-08-23 06:45:06.469040,1345.0,0.4026021127189909,0.42369712740182874,0.7516,0.7136,0.3302120566368103,0.30263853073120117,0.29918,0.3069,0.02206,0.0283,0.60672,0.5779,0.44418,0.433,985.7322467103296,21222.93785095215
2023-08-23 06:46:01.658551,1346.0,0.40256490482359514,0.42334937751293183,0.75,0.7144,0.33055347204208374,0.30340060591697693,0.29984,0.3033,0.02132,0.0268,0.60526,0.5761,0.44488,0.4356,947.2582509566327,19918.612192535402
2023-08-23 06:46:57.762870,1347.0,0.4014399828655379,0.4232042022049427,0.7532,0.7078,0.33430732786655426,0.3107244372367859,0.30016,0.3098,0.02108,0.031,0.60606,0.578,0.44774,0.4359,931.6403323582241,13862.911708831787
2023-08-23 06:47:49.050289,1348.0,0.4022140004196946,0.42520884051918983,0.75188,0.7097,0.32870155572891235,0.30865056812763214,0.29892,0.3127,0.02158,0.0313,0.60222,0.5744,0.44502,0.4379,1027.133335969886,14601.42400817871
2023-08-23 06:48:50.371401,1349.0,0.4007049313917452,0.4257089555263519,0.75396,0.7093,0.33217936754226685,0.30535171926021576,0.3009,0.3052,0.02144,0.0303,0.60554,0.5733,0.44768,0.429,855.2239728655134,15167.97854385376
2023-08-23 06:49:38.593017,1350.0,0.4015983942211891,0.4236146956682205,0.75224,0.7103,0.33139708638191223,0.30679717659950256,0.2997,0.3064,0.02122,0.027,0.60462,0.5817,0.4459,0.4361,1104.192583045181,19449.073321533204
2023-08-23 06:50:36.701140,1351.0,0.40183316946637876,0.4235199548304081,0.75218,0.7126,0.32957062125205994,0.3071478009223938,0.30034,0.3085,0.02076,0.0297,0.60408,0.58,0.44586,0.4348,909.796432806521,21836.282734680175
2023-08-23 06:51:30.737231,1352.0,0.4007884651726606,0.423582099378109,0.75352,0.7118,0.331889271736145,0.3104732036590576,0.30084,0.3012,0.02052,0.0284,0.6061,0.5793,0.44684,0.4337,986.81759830397,18822.940677642822
2023-08-23 06:52:19.686479,1353.0,0.40102011649584285,0.42339508831501005,0.7535,0.7137,0.3300366550683975,0.30339789390563965,0.2987,0.3031,0.0207,0.0274,0.60536,0.5757,0.4457,0.4318,1083.2095831267688,20184.63565597534
2023-08-23 06:53:16.549893,1354.0,0.400949591732755,0.42393097653985023,0.752,0.7104,0.33143334090709686,0.3089669346809387,0.30024,0.3081,0.021,0.0289,0.6059,0.5743,0.44708,0.4371,918.2192428744569,20674.919036102296
2023-08-23 06:54:12.743715,1355.0,0.4013233047967054,0.4237138882279396,0.75186,0.7095,0.3319486081600189,0.3072049915790558,0.30142,0.3042,0.02172,0.0276,0.60488,0.5777,0.44826,0.4333,929.5059635395907,20636.714084625244
2023-08-23 06:55:13.416071,1356.0,0.40072427948518674,0.424578794836998,0.75384,0.71,0.3295899033546448,0.3027723878622055,0.30124,0.3074,0.02126,0.0268,0.60562,0.5766,0.4453,0.4366,864.8275900081712,17552.33912124634
2023-08-23 06:56:18.398922,1357.0,0.4004142985356097,0.4233147673308849,0.75596,0.7143,0.3291882872581482,0.3062315583229065,0.30172,0.3086,0.02236,0.0315,0.60456,0.5768,0.44442,0.4347,797.7639617919922,16488.559606933595
2023-08-23 06:57:22.461621,1358.0,0.3999262934132498,0.42549486383795737,0.75362,0.7106,0.3328714221715927,0.3018231987953186,0.30382,0.3002,0.02092,0.0256,0.60604,0.5752,0.4484,0.4291,806.3464019931092,18393.931385040283
2023-08-23 06:58:26.256635,1359.0,0.3999552059234405,0.42444904819130896,0.75476,0.7124,0.33257031440734863,0.3039764165878296,0.30234,0.3048,0.02204,0.0279,0.60584,0.5769,0.44828,0.4347,819.1019316692741,14791.061242675782
2023-08-23 06:59:26.209725,1360.0,0.400268199492474,0.42389097437262535,0.75378,0.7099,0.3347567915916443,0.2979178726673126,0.30308,0.3089,0.02208,0.0289,0.60578,0.5744,0.4494,0.431,872.7441590756786,14460.959563446046
2023-08-23 07:00:18.850257,1361.0,0.3998274781874248,0.4222362138330936,0.75458,0.7113,0.33409056067466736,0.30344799160957336,0.30186,0.3024,0.02196,0.0279,0.60706,0.575,0.44906,0.4319,1005.3162730469995,20310.81650772095
2023-08-23 07:01:15.644946,1362.0,0.3997724602112965,0.4248583272099495,0.7546,0.711,0.331860288977623,0.300044983625412,0.30266,0.305,0.02188,0.0271,0.60544,0.5707,0.44632,0.4303,940.979754000294,14207.139681243896
2023-08-23 07:02:18.168873,1363.0,0.3998321097116081,0.4213189773261547,0.7544,0.7126,0.33357077836990356,0.31293758749961853,0.30314,0.3074,0.02054,0.0273,0.60812,0.5825,0.44912,0.4355,830.9650522348832,20522.4264503479
2023-08-23 07:03:03.088204,1364.0,0.39932980327581874,0.42384712398052216,0.75532,0.712,0.3313746452331543,0.30948418378829956,0.3031,0.3064,0.02124,0.0277,0.60698,0.577,0.44674,0.433,1165.0138294453523,18820.126306152342
2023-08-23 07:03:51.797374,1365.0,0.39940424141835196,0.42130003273487093,0.7555,0.7118,0.3331729769706726,0.3077378571033478,0.30312,0.31,0.02128,0.0289,0.6068,0.5803,0.4479,0.4338,1081.442558444276,18694.20502090454
2023-08-23 07:04:38.958619,1366.0,0.3993052440334339,0.4223448678851128,0.75672,0.7153,0.3350377082824707,0.30903154611587524,0.30186,0.303,0.02086,0.0282,0.60902,0.5809,0.4504,0.4341,1119.3612934034697,17710.858870697022
2023-08-23 07:05:34.229626,1367.0,0.3981550276583555,0.42204817533493044,0.7553,0.7119,0.33346126973629,0.3137282133102417,0.30296,0.3069,0.02116,0.0282,0.6084,0.5808,0.44876,0.4358,941.6585914456115,15489.209595489501
2023-08-23 07:06:22.798000,1368.0,0.3999898873117505,0.4237481951713562,0.75366,0.7124,0.3334866166114807,0.3017438054084778,0.30142,0.3049,0.02194,0.0264,0.60798,0.5761,0.44798,0.4369,1090.0651491904746,21796.57044067383
2023-08-23 07:07:16.582615,1369.0,0.3993973824746755,0.4237623423337936,0.75404,0.711,0.3348800241947174,0.3121156394481659,0.30418,0.3078,0.02114,0.0272,0.60748,0.579,0.44888,0.4353,974.2822843279157,13948.594673919677
2023-08-23 07:08:11.647054,1370.0,0.4003532385947753,0.42225520238280295,0.75396,0.7122,0.3338043540716171,0.3069991171360016,0.30258,0.3078,0.021,0.0283,0.60564,0.5761,0.44664,0.4377,950.3963770185198,17234.151554107666
2023-08-23 07:09:14.480196,1371.0,0.39874219468661715,0.42454859912395476,0.75628,0.7083,0.33302709460258484,0.3086450695991516,0.30318,0.3146,0.02082,0.0312,0.60572,0.5768,0.44814,0.4417,828.6115602765765,17988.95017776489
2023-08-23 07:10:16.912366,1372.0,0.39942257881772764,0.4236977703869343,0.75446,0.7118,0.33463580906391144,0.3119383454322815,0.30216,0.3198,0.02192,0.0326,0.60642,0.5827,0.44762,0.4398,839.5646468181999,13631.115379333496
2023-08-23 07:11:20.188788,1373.0,0.3986294477873919,0.42098806276917455,0.75448,0.7139,0.33663372695446014,0.3074849843978882,0.3027,0.3116,0.02112,0.0301,0.60764,0.58,0.45016,0.438,815.8436979955557,21946.51581954956
2023-08-23 07:12:06.058139,1374.0,0.39782351331443205,0.4220046877861023,0.7572,0.7122,0.33332765102386475,0.3126624822616577,0.30282,0.3061,0.02092,0.027,0.61036,0.5799,0.4493,0.4362,1145.495207338917,17733.70453033447
2023-08-23 07:12:55.031765,1375.0,0.3984551823564938,0.41978695094585416,0.75658,0.7138,0.3335653841495514,0.31485486030578613,0.30266,0.3125,0.02102,0.0312,0.60766,0.5844,0.44732,0.4401,1071.793978321309,20921.760886383057
2023-08-23 07:13:44.993885,1376.0,0.39912143273621187,0.4214926354587078,0.75518,0.715,0.3355574905872345,0.30929306149482727,0.30362,0.3033,0.02142,0.0287,0.60826,0.5811,0.45026,0.4348,1053.962637765067,19028.782320404054
2023-08-23 07:14:40.771179,1377.0,0.3981398616214188,0.422184469550848,0.75594,0.7143,0.3345976173877716,0.3092202693223953,0.30434,0.3104,0.02104,0.0297,0.6101,0.5808,0.4487,0.4368,939.5104475994499,15717.40580215454
2023-08-23 07:15:32.311828,1378.0,0.3976658564441058,0.4243533067405224,0.7591,0.7148,0.3386058360338211,0.3061515688896179,0.30264,0.3041,0.0208,0.0287,0.61214,0.5769,0.4504,0.4303,1024.7125622496312,17403.48734741211
2023-08-23 07:16:29.410544,1379.0,0.3983701088902902,0.420809842646122,0.75422,0.7136,0.3379323482513428,0.3125911056995392,0.30532,0.3116,0.02206,0.029,0.6093,0.5806,0.45066,0.4398,916.9484180528291,18570.724683380125
2023-08-23 07:17:21.140327,1380.0,0.3980641179547018,0.42229449152946474,0.75402,0.7149,0.33603206276893616,0.31208133697509766,0.3067,0.3085,0.02088,0.0283,0.60926,0.5824,0.45088,0.4367,1020.962283543178,19272.51459350586
2023-08-23 07:18:20.116992,1381.0,0.39833570089267223,0.42276079431176183,0.7567,0.7119,0.3344208002090454,0.30814841389656067,0.30498,0.3047,0.02132,0.0305,0.60776,0.5752,0.44986,0.4329,898.9757841460558,17458.643082427978
2023-08-23 07:19:14.788216,1382.0,0.3975176380909219,0.42114635929465294,0.75822,0.7188,0.337132066488266,0.31096628308296204,0.30486,0.3128,0.02176,0.0301,0.61138,0.5803,0.45048,0.4362,950.1821807549924,17941.898181915283
2023-08-23 07:20:12.267001,1383.0,0.39859773796431874,0.42219245955348017,0.75524,0.7121,0.33376309275627136,0.3138445317745209,0.30388,0.3146,0.0216,0.0311,0.60928,0.579,0.44904,0.4433,908.9114183698382,22053.471147918703
2023-08-23 07:21:00.751818,1384.0,0.39667988644570723,0.4210561983287334,0.75808,0.7136,0.3374939262866974,0.30814477801322937,0.30472,0.3081,0.02174,0.0285,0.61188,0.5814,0.45118,0.4374,1087.7904510498047,15130.888523101807
2023-08-23 07:21:49.053902,1385.0,0.3973378566454868,0.4232236035168171,0.75768,0.713,0.3366571068763733,0.30891725420951843,0.3037,0.314,0.02224,0.0278,0.61112,0.5776,0.44972,0.4391,1098.061681708511,15796.973747253418
2023-08-23 07:22:43.813624,1386.0,0.3973530585668525,0.4216537199914455,0.75664,0.7124,0.33754581212997437,0.3107313811779022,0.30444,0.3095,0.02128,0.0289,0.60968,0.5766,0.44992,0.4354,956.9761368887765,15253.759895324707
2023-08-23 07:23:33.991637,1387.0,0.3970129465570255,0.4207943990826607,0.75612,0.7163,0.3371959328651428,0.30916622281074524,0.30506,0.3075,0.02176,0.0295,0.61124,0.5798,0.45144,0.4383,1072.992477884098,14782.012456512452
2023-08-23 07:24:25.725337,1388.0,0.39751565517211446,0.42093656957149506,0.75752,0.7136,0.3353404998779297,0.31231704354286194,0.30378,0.3072,0.0217,0.0298,0.60962,0.5812,0.45028,0.4393,1027.8359324396872,15110.957236480714
2023-08-23 07:25:18.465389,1389.0,0.3958314445858099,0.4206009179353714,0.75918,0.7142,0.33775267004966736,0.3065127432346344,0.30738,0.3081,0.0214,0.0294,0.61008,0.5789,0.4529,0.4332,1003.7482727206483,13932.341487121583
2023-08-23 07:26:12.682289,1390.0,0.39687242739054623,0.42162099853157997,0.75758,0.719,0.33545464277267456,0.3060586452484131,0.30648,0.3028,0.02148,0.0282,0.61236,0.578,0.44998,0.4309,960.78420148577,14274.029879760743
2023-08-23 07:27:07.521627,1391.0,0.39751413555777804,0.42087642699480055,0.75622,0.7143,0.33525046706199646,0.31031888723373413,0.30636,0.3102,0.02238,0.03,0.6089,0.5791,0.4505,0.436,952.7215243748257,15809.433503723145
2023-08-23 07:27:59.405286,1392.0,0.3972463966632376,0.42005759924650193,0.75748,0.7151,0.33503469824790955,0.3155176341533661,0.30346,0.3099,0.02096,0.029,0.61088,0.5821,0.44922,0.439,1009.0191954009387,16176.740267181396
2023-08-23 07:28:48.595021,1393.0,0.3963555378877387,0.4195165604352951,0.75902,0.7154,0.3390270173549652,0.31302621960639954,0.30604,0.3096,0.0222,0.0296,0.61148,0.5814,0.453,0.4397,1068.8317245171995,21536.29036026001
2023-08-23 07:29:40.301635,1394.0,0.39629545306064645,0.4213346980512142,0.7582,0.7132,0.3377256989479065,0.31410232186317444,0.3056,0.3041,0.02154,0.0284,0.61074,0.5781,0.45192,0.4354,1015.1522270514041,21175.061670684816
2023-08-23 07:30:36.187699,1395.0,0.39593844313402565,0.4213473476469517,0.76022,0.7143,0.3394334316253662,0.3079487383365631,0.30568,0.3047,0.02094,0.029,0.61396,0.5788,0.45266,0.4325,955.6950014853965,14448.288249206544
2023-08-23 07:31:39.391068,1396.0,0.3967670288925268,0.42042648792266846,0.7588,0.7168,0.3386700004339218,0.3118373155593872,0.30652,0.3076,0.02168,0.0296,0.6102,0.581,0.45248,0.4358,821.046378077293,16143.918920898437
2023-08-23 07:32:39.109990,1397.0,0.39630711230696464,0.42009194642305375,0.75894,0.7161,0.33919376134872437,0.3112109303474426,0.3052,0.311,0.02162,0.0293,0.61144,0.5774,0.45212,0.4377,876.7612752330547,15401.393784332275
2023-08-23 07:33:39.066725,1398.0,0.3961156900135838,0.4203583873808384,0.7572,0.7154,0.33938929438591003,0.3130141496658325,0.3055,0.31,0.02228,0.0314,0.61112,0.5812,0.45162,0.4397,874.8181431050203,19204.620273590088
2023-08-23 07:34:23.302474,1399.0,0.39629918032762956,0.41977105662226677,0.7585,0.7148,0.34030240774154663,0.3133067488670349,0.30498,0.3129,0.02162,0.0308,0.61168,0.5814,0.45396,0.4363,1180.8409976569974,22353.967427825926
2023-08-23 07:35:14.741860,1400.0,0.3964599728280184,0.42017973214387894,0.75788,0.7161,0.3406086564064026,0.3094541132450104,0.30592,0.3056,0.02124,0.0298,0.61256,0.5791,0.45226,0.4322,1014.5149708961953,19486.22643966675
2023-08-23 07:36:00.485507,1401.0,0.39593846807066274,0.4192525416612625,0.75966,0.7162,0.33727332949638367,0.315666526556015,0.30578,0.3142,0.02204,0.0302,0.61174,0.5818,0.45076,0.4438,1146.772203406509,15650.704486083985
2023-08-23 07:36:57.922228,1402.0,0.39483210809376773,0.419745908677578,0.75926,0.7148,0.3421765863895416,0.3110210597515106,0.30666,0.3107,0.02236,0.029,0.612,0.5826,0.4548,0.4367,910.2858617354412,17714.677202606203
2023-08-23 07:37:53.044949,1403.0,0.39603409277541296,0.42151260524988177,0.75892,0.7155,0.3412988483905792,0.30615901947021484,0.3057,0.2978,0.02142,0.0283,0.61108,0.5774,0.45428,0.43,942.0850068695692,18020.68454208374
2023-08-23 07:38:45.278311,1404.0,0.3950963628535368,0.4199829548597336,0.7597,0.7119,0.3434485048055649,0.3139365315437317,0.30662,0.3111,0.02112,0.0295,0.61394,0.5812,0.45594,0.44,1018.9681389477788,17298.16608657837
2023-08-23 07:39:34.221971,1405.0,0.3950065635904974,0.4201485589146614,0.7605,0.7138,0.33878353238105774,0.3138136565685272,0.30628,0.31,0.02132,0.0299,0.61402,0.5807,0.45276,0.4386,1090.2479195886729,16436.84022369385
2023-08-23 07:40:27.097792,1406.0,0.3955156359137321,0.42169498205184935,0.76054,0.7131,0.3387213945388794,0.3084327131509781,0.30556,0.3123,0.02112,0.0307,0.61178,0.5813,0.45128,0.4385,1003.3401716582629,18421.671241760254
2023-08-23 07:41:32.820033,1407.0,0.39472111299329876,0.4206839956343174,0.76198,0.7162,0.34087252616882324,0.3094211220741272,0.3057,0.3098,0.02136,0.0307,0.6137,0.5794,0.4535,0.4403,789.9102043618961,13776.772240447997
2023-08-23 07:42:27.531352,1408.0,0.39541286944734805,0.4200696416199207,0.75964,0.7154,0.33972638845443726,0.3130534738302231,0.30686,0.3094,0.02186,0.0296,0.61188,0.5817,0.4511,0.4405,964.9716449659697,19459.322151184082
2023-08-23 07:43:21.341667,1409.0,0.39582878685727413,0.42141694724559786,0.76052,0.7123,0.33945178985595703,0.3095928579568863,0.30512,0.3091,0.0215,0.0283,0.61228,0.5769,0.45054,0.4386,985.1351962186852,16621.981207275392
2023-08-23 07:44:13.822071,1410.0,0.3951883534995877,0.41869856119155885,0.76014,0.7146,0.34096041321754456,0.3174913227558136,0.30596,0.3146,0.02164,0.0315,0.6142,0.5829,0.45402,0.4438,1002.2656127773986,15624.350068664551
2023-08-23 07:45:08.761930,1411.0,0.39615312568387206,0.42224087864160537,0.75922,0.7119,0.34041595458984375,0.31407538056373596,0.30644,0.3113,0.02204,0.0308,0.61354,0.5788,0.45274,0.441,967.784916624731,15454.509324645996
2023-08-23 07:46:09.014484,1412.0,0.3947815604659976,0.4194834649562836,0.76144,0.7154,0.3401961624622345,0.31671005487442017,0.30432,0.3117,0.02132,0.0296,0.61348,0.582,0.4529,0.4422,866.0742501239388,14569.760929870605
2023-08-23 07:47:01.213654,1413.0,0.3948969146122738,0.41916094422340394,0.75994,0.7162,0.3416413366794586,0.3126952052116394,0.3079,0.3063,0.02194,0.029,0.6135,0.5832,0.4542,0.4366,1028.869338444301,17035.734154510497
2023-08-23 07:47:57.561034,1414.0,0.39433577459077446,0.42032723426818847,0.76122,0.7134,0.34215378761291504,0.31471407413482666,0.30578,0.314,0.02204,0.0309,0.61424,0.5786,0.4547,0.4441,927.8958958995586,14306.252230072021
2023-08-23 07:48:49.855131,1415.0,0.39377424120903015,0.4198800541460514,0.76188,0.7166,0.34374120831489563,0.3137366473674774,0.30978,0.3078,0.02192,0.0298,0.61448,0.5843,0.45638,0.4388,1008.52496851707,19489.667781066895
2023-08-23 07:49:40.261164,1416.0,0.3936448445429607,0.4193423591554165,0.76112,0.7138,0.34172213077545166,0.313152939081192,0.30552,0.3108,0.02176,0.0297,0.6133,0.5796,0.45414,0.4403,1041.15722251425,19736.683624267578
2023-08-23 07:50:32.479779,1417.0,0.3947343811088679,0.42010010182857516,0.75952,0.7137,0.34111833572387695,0.30973224341869354,0.3069,0.3095,0.0215,0.0276,0.61514,0.5796,0.45388,0.4373,1009.2112902427207,13878.35704498291
2023-08-23 07:51:29.567634,1418.0,0.3941540845802852,0.419695146381855,0.76164,0.7177,0.3409217596054077,0.30632203817367554,0.30764,0.3097,0.02136,0.029,0.61554,0.5808,0.45462,0.4348,932.3500593535754,16227.041834259033
2023-08-23 07:52:21.369541,1419.0,0.3939429316289571,0.4193378545343876,0.76022,0.7152,0.34262871742248535,0.31766875088214874,0.30774,0.3117,0.02252,0.0298,0.61564,0.5832,0.4552,0.4405,1019.0594153112295,16008.207042694092
2023-08-23 07:53:15.235183,1420.0,0.3945248053998363,0.419838310033083,0.7607,0.7149,0.34031832218170166,0.31433165073394775,0.30886,0.3105,0.02118,0.0314,0.61368,0.5811,0.45314,0.4362,967.346932780986,19583.878423309325
2023-08-23 07:54:06.516069,1421.0,0.3938668426506373,0.419837249070406,0.76066,0.7162,0.34350818395614624,0.31501874327659607,0.3072,0.3126,0.02172,0.0306,0.61476,0.583,0.4559,0.4426,1020.3517697392678,20319.479646301268
2023-08-23 07:55:07.078952,1422.0,0.3940987241815548,0.4190406359732151,0.763,0.7138,0.3412694036960602,0.3158413916826248,0.30728,0.3068,0.0222,0.0287,0.61374,0.5837,0.45508,0.4386,866.3441161330866,15804.644397735596
2023-08-23 07:56:07.606359,1423.0,0.39331028549646846,0.4192953914403915,0.7615,0.7143,0.3417526185512543,0.31128984689712524,0.30884,0.3126,0.02168,0.0309,0.61488,0.5824,0.45442,0.4398,864.3700449418048,19120.7422416687
2023-08-23 07:57:00.003397,1424.0,0.39336591487636374,0.4196317888796329,0.76322,0.715,0.34121793508529663,0.312453955411911,0.307,0.3102,0.02164,0.0311,0.61622,0.5837,0.45324,0.4414,1012.5100852810607,15433.9697807312
2023-08-23 07:57:59.784184,1425.0,0.3942934624394592,0.41914591789245603,0.76128,0.7149,0.3413700759410858,0.31678709387779236,0.30838,0.3132,0.02214,0.03,0.61284,0.5843,0.45404,0.441,877.1658723792251,14135.243758392335
2023-08-23 07:59:00.469373,1426.0,0.3931429784516899,0.4188287779688835,0.76354,0.7165,0.34365418553352356,0.3149622529745102,0.30832,0.3142,0.02166,0.0302,0.61692,0.5819,0.45526,0.4393,861.4676104954311,17259.648358917235
2023-08-23 07:59:54.781999,1427.0,0.39370631852320265,0.42040724828839304,0.76164,0.715,0.3421054780483246,0.31306856870651245,0.3099,0.3104,0.0217,0.0281,0.61456,0.5815,0.45416,0.439,970.6510206728566,18785.245360565186
2023-08-23 08:00:44.896305,1428.0,0.3932016279016222,0.4194126263260841,0.76326,0.7146,0.3423477113246918,0.31164830923080444,0.30564,0.3162,0.02074,0.0301,0.61526,0.5827,0.45408,0.4416,1050.0352543422155,17363.184014892577
2023-08-23 08:01:37.060291,1429.0,0.39316011326653616,0.41851615235209466,0.76276,0.7166,0.3429315984249115,0.3128691017627716,0.30698,0.3132,0.02146,0.03,0.61722,0.5838,0.45702,0.4416,1004.9981065088389,20892.285846710205
2023-08-23 08:02:23.264948,1430.0,0.39278396644762587,0.42071623504161837,0.7622,0.7153,0.3450111746788025,0.3092031478881836,0.30906,0.3078,0.0229,0.0296,0.61718,0.5785,0.45602,0.4336,1143.885482632384,16349.758692169189
2023-08-23 08:03:17.810601,1431.0,0.39232331879284915,0.41975296214222907,0.76306,0.7152,0.343500554561615,0.31234210729599,0.31014,0.3124,0.02126,0.0307,0.61618,0.5791,0.4571,0.4391,952.638000955387,19542.312619018554
2023-08-23 08:04:11.286799,1432.0,0.39278584505830494,0.41898074224591253,0.7636,0.7128,0.3437676727771759,0.31594976782798767,0.30838,0.311,0.02188,0.0306,0.6159,0.5815,0.45724,0.4395,1000.3836089153679,14259.221593475342
2023-08-23 08:05:12.860201,1433.0,0.392826463494982,0.41880777329206464,0.76144,0.7168,0.34545257687568665,0.3149482011795044,0.30922,0.3121,0.02156,0.0296,0.6163,0.5843,0.45558,0.44,847.2631764314613,16931.556774902343
2023-08-23 08:06:03.412194,1434.0,0.39257444593371177,0.4186744675040245,0.76298,0.7156,0.3439714014530182,0.3136415183544159,0.3087,0.3158,0.02106,0.0297,0.6148,0.5836,0.45642,0.4406,1035.6766209505042,16618.395095062257
2023-08-23 08:06:55.364538,1435.0,0.3921674926366125,0.41881132796406745,0.76464,0.7151,0.3433413952589035,0.3167476952075958,0.30912,0.3138,0.02228,0.0297,0.6167,0.5833,0.45502,0.4404,1024.4664929448343,18063.758416748045
2023-08-23 08:08:00.340876,1436.0,0.3919410042616786,0.41947131380438807,0.76388,0.7152,0.3450438380241394,0.31028857827186584,0.31046,0.313,0.02182,0.0292,0.6162,0.5796,0.45622,0.4388,795.0175921381737,16744.658767700195
2023-08-23 08:08:56.256403,1437.0,0.39316363374189456,0.4191023275256157,0.7621,0.7154,0.342647910118103,0.310603529214859,0.30896,0.3133,0.02336,0.0309,0.61528,0.5805,0.4551,0.4401,937.0587180001395,14202.690306091308
2023-08-23 08:09:46.349256,1438.0,0.3924886622295088,0.4193434089422226,0.76498,0.7151,0.3441726267337799,0.3120241314172745,0.30696,0.3142,0.0221,0.0324,0.61852,0.5837,0.457,0.4404,1054.4807133577308,20478.560713195802
2023-08-23 08:10:39.671990,1439.0,0.3927836877350904,0.4196158587932587,0.7644,0.7169,0.34316058456897736,0.3108501136302948,0.30798,0.3104,0.02196,0.0301,0.61594,0.58,0.45638,0.4413,979.3519414006447,17089.506006622316
2023-08-23 08:11:33.155570,1440.0,0.39267309770292164,0.4182043604552746,0.7631,0.7169,0.34462517499923706,0.31666019558906555,0.30854,0.3141,0.02096,0.0301,0.6159,0.5836,0.4544,0.4416,971.6222796537438,16239.394966888427
2023-08-23 08:12:27.195467,1441.0,0.39162852493475897,0.41906971856951714,0.76364,0.7165,0.34606799483299255,0.31266912817955017,0.31102,0.3115,0.0228,0.0301,0.61932,0.5817,0.45648,0.44,990.7597346403161,17749.36608428955
2023-08-23 08:13:26.001809,1442.0,0.3918458597392452,0.41906684562563895,0.76438,0.7153,0.3441506028175354,0.3158923238515854,0.3079,0.3161,0.022,0.031,0.61826,0.5838,0.45652,0.4436,893.1827953883579,16175.543087005615
2023-08-23 08:14:27.240133,1443.0,0.3919322493733192,0.41862116307020186,0.76372,0.7148,0.34452131390571594,0.31518256664276123,0.30918,0.314,0.02184,0.0311,0.61728,0.5843,0.45732,0.4432,852.8347231806541,17281.307565307616
2023-08-23 08:15:22.264316,1444.0,0.39210969848292215,0.4194315493106842,0.762,0.7149,0.34726008772850037,0.31375789642333984,0.30912,0.3117,0.0222,0.0298,0.61896,0.5822,0.4575,0.4402,949.9837517251774,15969.786679840088
2023-08-23 08:16:15.845477,1445.0,0.3925510211562624,0.41854073852300644,0.7623,0.7161,0.34178125858306885,0.3126116693019867,0.30572,0.31,0.02214,0.0297,0.6156,0.5839,0.45286,0.4404,990.2847682407925,18616.29007873535
2023-08-23 08:17:13.286799,1446.0,0.39235713150428264,0.4189758040010929,0.7641,0.715,0.34355786442756653,0.31153199076652527,0.30866,0.3106,0.02182,0.0302,0.6185,0.5827,0.45558,0.443,911.7462729629206,19146.398840332033
2023-08-23 08:18:10.003261,1447.0,0.3918814043305358,0.41883197575807574,0.76322,0.7171,0.3457983732223511,0.3103550672531128,0.3104,0.3114,0.02242,0.0302,0.61642,0.5834,0.45538,0.4411,928.6523900713239,17830.580281829833
2023-08-23 08:19:04.420473,1448.0,0.39297202320731417,0.41817533075809477,0.76302,0.7169,0.343586802482605,0.3132432699203491,0.30958,0.3107,0.02266,0.0277,0.61518,0.5846,0.4562,0.4382,978.0449010887925,19223.085968780517
2023-08-23 08:19:52.766998,1449.0,0.39227766452395185,0.4180537015199661,0.76388,0.7169,0.3434547632932663,0.31621700525283813,0.3087,0.3148,0.0215,0.03,0.61706,0.5849,0.456,0.4419,1102.79972559092,18321.483128356933
2023-08-23 08:20:45.996566,1450.0,0.3911319847921936,0.41896252036094667,0.76408,0.7172,0.34681516885757446,0.31195035576820374,0.3104,0.3094,0.02106,0.0296,0.61698,0.583,0.45824,0.4389,987.6640740219427,21366.419593048096
2023-08-23 08:21:36.845732,1451.0,0.3919928566533692,0.4183014459908009,0.7646,0.7173,0.34428197145462036,0.3138238191604614,0.3079,0.3118,0.022,0.0284,0.61754,0.5819,0.45614,0.439,1028.993436696578,19222.16986694336
2023-08-23 08:22:30.739879,1452.0,0.39150010459885304,0.41869508400559424,0.76316,0.7156,0.3449874818325043,0.3129076659679413,0.31006,0.3149,0.0217,0.031,0.616,0.5832,0.45804,0.4422,987.7623830522809,16900.59601211548
2023-08-23 08:23:26.010932,1453.0,0.39091802753356036,0.4197865530848503,0.76338,0.7165,0.347932904958725,0.3088703751564026,0.30908,0.3079,0.02238,0.0291,0.61826,0.5792,0.45912,0.4372,958.7565732683454,16827.2750289917
2023-08-23 08:24:30.664649,1454.0,0.390571976802787,0.41799104288220407,0.76596,0.7179,0.34794363379478455,0.3150702118873596,0.31162,0.3105,0.02236,0.0301,0.6201,0.584,0.45854,0.4403,804.343573901118,17610.280043792725
2023-08-23 08:25:25.162943,1455.0,0.39152360555468774,0.4179218515753746,0.76446,0.7144,0.3450050950050354,0.31788530945777893,0.3079,0.3109,0.02182,0.0302,0.61802,0.5852,0.45692,0.4406,959.768253482118,18253.3324798584
2023-08-23 08:26:17.118004,1456.0,0.3913747525336791,0.4178578779101372,0.7655,0.7171,0.34522728621959686,0.31287309527397156,0.30714,0.3112,0.02194,0.03,0.61804,0.5844,0.45672,0.4378,1020.1463294515804,16599.928202819825
2023-08-23 08:27:15.266594,1457.0,0.39192203751632143,0.4180209442973137,0.76466,0.7169,0.34656473994255066,0.3155187666416168,0.30902,0.3127,0.02162,0.031,0.6183,0.586,0.4579,0.4421,899.1483158189424,19165.31157836914
2023-08-23 08:28:02.790249,1458.0,0.3907360769048029,0.4183191753923893,0.76592,0.7167,0.34603506326675415,0.31392842531204224,0.30964,0.3133,0.02182,0.03,0.61856,0.5831,0.45942,0.4419,1111.143825141751,21670.767858123778
2023-08-23 08:28:50.222909,1459.0,0.3914204607812726,0.41814824342727663,0.76524,0.7174,0.34527403116226196,0.3145226240158081,0.3104,0.3114,0.0224,0.0289,0.6173,0.5839,0.45664,0.4396,1112.9583461527923,17269.11329421997
2023-08-23 08:29:48.887253,1460.0,0.39108081146770596,0.41772098243236544,0.7626,0.7188,0.34684769809246063,0.31407931447029114,0.31024,0.3109,0.02178,0.0298,0.6179,0.5845,0.4594,0.4405,887.8790393751494,18783.401863861083
2023-08-23 08:30:36.282671,1461.0,0.3901318968558798,0.4182486183941364,0.7668,0.716,0.34969639778137207,0.3135424554347992,0.30972,0.311,0.02134,0.0298,0.6201,0.5832,0.46132,0.4403,1118.4737966887806,17805.742349243163
2023-08-23 08:31:33.208822,1462.0,0.39137441558497293,0.41963335797190665,0.7649,0.7149,0.3468797206878662,0.30931225419044495,0.30984,0.3093,0.02174,0.0294,0.61818,0.5808,0.45762,0.4366,936.5793274081483,16160.609091186523
2023-08-23 08:32:24.829178,1463.0,0.39042031263210336,0.4184194698929787,0.76664,0.7153,0.34761811792850494,0.31889185309410095,0.3083,0.3142,0.02152,0.0304,0.61962,0.5842,0.45828,0.4436,1024.039207536347,14589.776881408692
2023-08-23 08:33:21.039045,1464.0,0.39159878434575335,0.4180418334901333,0.76458,0.7159,0.3456653356552124,0.31728386878967285,0.31044,0.3132,0.0213,0.0295,0.61772,0.5845,0.45618,0.4427,926.0136774802695,17234.429713439942
2023-08-23 08:34:11.151523,1465.0,0.3906977200994686,0.41817665845155716,0.76428,0.7158,0.34822630882263184,0.3150731325149536,0.30902,0.3121,0.0221,0.0289,0.61808,0.5824,0.45824,0.4394,1049.5279701388613,22823.973375701906
2023-08-23 08:35:01.594839,1466.0,0.39094196123128033,0.4180582039058208,0.76306,0.7156,0.3474818170070648,0.31379011273384094,0.31066,0.3118,0.0212,0.0294,0.61772,0.5832,0.45748,0.4412,1038.1982910779059,18793.569453430177
2023-08-23 08:35:55.641319,1467.0,0.39133692395930386,0.41801004111766815,0.7663,0.7169,0.3457118719816208,0.3160250186920166,0.30828,0.3119,0.02186,0.0292,0.6168,0.5844,0.45694,0.4407,976.7630043029785,19281.59199447632
2023-08-23 08:36:57.861410,1468.0,0.39049951534490196,0.41756121441721916,0.76482,0.7165,0.34828701615333557,0.3170830011367798,0.30956,0.3123,0.02182,0.03,0.61794,0.5854,0.45818,0.4409,834.5052224762586,17492.17800140381
2023-08-23 08:37:47.662444,1469.0,0.3903964339774482,0.41826661825180056,0.76676,0.7157,0.34501171112060547,0.31405109167099,0.30928,0.3146,0.02134,0.0301,0.61906,0.585,0.45788,0.4433,1057.5171609995316,20497.382875061034
2023-08-23 08:38:45.430030,1470.0,0.39021085172283404,0.4181605026125908,0.76616,0.7175,0.3467189371585846,0.31393489241600037,0.30944,0.3106,0.02188,0.0284,0.6193,0.5843,0.45774,0.4392,905.5878345723055,17162.50588760376
2023-08-23 08:39:48.331156,1471.0,0.39026137532628313,0.41767576783895494,0.7647,0.7171,0.3494085371494293,0.3151361644268036,0.31032,0.3123,0.02104,0.0299,0.62068,0.5855,0.45916,0.4427,828.5251886795978,14280.012097930909
2023-08-23 08:40:48.041973,1472.0,0.38942103376802134,0.4179249532520771,0.7674,0.716,0.3469531983137131,0.3152264952659607,0.31188,0.3138,0.02242,0.03,0.62066,0.5854,0.45808,0.441,889.763832559391,15399.588494110107
2023-08-23 08:41:43.938462,1473.0,0.39108996138888963,0.4178399913012981,0.76434,0.7162,0.347663015127182,0.3116041123867035,0.30888,0.3117,0.02248,0.0297,0.61854,0.5843,0.4568,0.4392,933.3458053433166,20131.322926330566
2023-08-23 08:42:38.180881,1474.0,0.3898911685967932,0.41760569661855695,0.76686,0.7164,0.34775471687316895,0.3173886239528656,0.31128,0.3132,0.02176,0.0301,0.6194,0.585,0.45912,0.4413,980.3041561671665,15676.91985321045
2023-08-23 08:43:28.661078,1475.0,0.3900767733552018,0.41769992709159853,0.76666,0.7153,0.34880393743515015,0.315161794424057,0.31026,0.3122,0.02256,0.0294,0.61784,0.5844,0.45978,0.4409,1045.9699124706035,15632.495384216309
2023-08-23 08:44:28.420985,1476.0,0.39052661827632357,0.4179849177598953,0.76454,0.7153,0.3485686480998993,0.316328763961792,0.31086,0.3137,0.02156,0.0301,0.61844,0.5825,0.4591,0.4405,875.4816319212622,15161.084691619873
2023-08-23 08:45:25.783632,1477.0,0.38964349730890624,0.41789703369140624,0.76836,0.7164,0.34677883982658386,0.31644123792648315,0.31246,0.3116,0.02206,0.0294,0.6196,0.5849,0.45862,0.4386,919.6822174227967,18192.639308166505
2023-08-23 08:46:23.865087,1478.0,0.3909320805449875,0.41752626448869706,0.7646,0.7159,0.3449249267578125,0.31772905588150024,0.30856,0.312,0.02154,0.0302,0.6196,0.5854,0.45764,0.4427,897.6008567810059,20486.72879180908
2023-08-23 08:47:11.634371,1479.0,0.38956206869714116,0.4180228851735592,0.76614,0.7147,0.3482743203639984,0.3137228786945343,0.31006,0.3133,0.02148,0.0305,0.621,0.5844,0.4589,0.441,1106.4793729198223,18465.17540588379
2023-08-23 08:48:05.995645,1480.0,0.3897772180486698,0.4176593944430351,0.76546,0.7163,0.3478430509567261,0.31790080666542053,0.3122,0.3142,0.0214,0.0301,0.6208,0.5848,0.46008,0.4438,965.3561388911033,20685.107131958008
2023-08-23 08:48:56.111873,1481.0,0.39007173752298163,0.41787036061286925,0.76746,0.7148,0.3486842215061188,0.3159460425376892,0.3119,0.3124,0.02178,0.0296,0.62128,0.5845,0.45978,0.4413,1057.0491442777673,13623.909672546386
2023-08-23 08:49:53.612640,1482.0,0.39032574560569255,0.4180845722556114,0.76532,0.7161,0.34791144728660583,0.3135431110858917,0.31184,0.3138,0.0216,0.03,0.61922,0.5837,0.45842,0.4414,910.9167189306143,22276.123056793214
2023-08-23 08:50:52.295492,1483.0,0.3895570220691817,0.41815112829208373,0.7666,0.7151,0.3510458469390869,0.31440258026123047,0.31076,0.313,0.02182,0.03,0.61972,0.5838,0.46032,0.4398,889.0477791611029,21065.841020965578
2023-08-23 08:51:49.949896,1484.0,0.3902572401019992,0.4172386474907398,0.76672,0.716,0.3459380567073822,0.31793665885925293,0.31008,0.3129,0.02182,0.0302,0.61952,0.5858,0.4584,0.4418,904.148752017897,20535.634246063233
2023-08-23 08:52:38.206272,1485.0,0.3904170951977068,0.41765827760100366,0.76626,0.7171,0.3474486768245697,0.3151812255382538,0.30996,0.3121,0.02294,0.0297,0.61952,0.585,0.4591,0.4406,1091.713702143455,16767.23490600586
2023-08-23 08:53:29.962998,1486.0,0.38935890961058284,0.41764898151159285,0.76758,0.7169,0.34864091873168945,0.31545498967170715,0.31274,0.3126,0.02222,0.0297,0.62148,0.5848,0.46088,0.44,1004.8588269292092,21535.622426605223
2023-08-23 08:54:22.950560,1487.0,0.3893692260798143,0.4175432935357094,0.7672,0.7167,0.3494182527065277,0.3163670599460602,0.31086,0.3134,0.0212,0.0302,0.6228,0.5843,0.4599,0.4421,980.5032979225625,20461.92258453369
2023-08-23 08:55:15.347062,1488.0,0.38976810842144244,0.41775742918252945,0.76618,0.7157,0.3496994078159332,0.3156379163265228,0.311,0.3124,0.02258,0.03,0.62044,0.5848,0.4613,0.4393,994.2294812883649,17290.772052764893
2023-08-23 08:56:16.049338,1489.0,0.3890971330051519,0.4174931883811951,0.76866,0.7159,0.3498466908931732,0.3141191303730011,0.31136,0.313,0.02174,0.0298,0.62156,0.585,0.45924,0.4405,858.2189336504255,16147.907206726075
2023-08-23 08:57:15.949507,1490.0,0.3897694959020128,0.4174717478454113,0.7675,0.7158,0.3475252240896225,0.31481027603149414,0.30866,0.3135,0.02212,0.03,0.61992,0.585,0.45892,0.4398,875.4661862898846,16229.700999450684
2023-08-23 08:58:14.849121,1491.0,0.39002998659805377,0.4173338271677494,0.76534,0.7159,0.3487287163734436,0.31570807099342346,0.31088,0.3139,0.02146,0.0298,0.61946,0.5853,0.45908,0.4413,884.9225031794334,19505.96544494629
2023-08-23 08:59:06.532655,1492.0,0.38999016643786916,0.4178111031651497,0.7663,0.7168,0.34921884536743164,0.3151440769433975,0.31108,0.3131,0.02224,0.0296,0.62056,0.5845,0.45856,0.439,1019.3522898615623,20138.48225631714
2023-08-23 08:59:59.027284,1493.0,0.3902347431499131,0.4175941899418831,0.7659,0.7168,0.3485848009586334,0.31604188680648804,0.30834,0.3125,0.0222,0.0296,0.62034,0.5841,0.46022,0.4407,1013.7096404250788,14101.222148132325
2023-08-23 09:00:48.391856,1494.0,0.38968778538460636,0.41725058257579806,0.76686,0.7165,0.34777607023715973,0.3155422806739807,0.31134,0.3133,0.02228,0.0297,0.62108,0.5855,0.4578,0.4413,1063.181086481834,19694.756240081788
2023-08-23 09:01:38.265759,1495.0,0.38978868966199914,0.4174633674323559,0.76704,0.7159,0.34940046072006226,0.31503382325172424,0.31084,0.3132,0.02222,0.0296,0.6206,0.5851,0.45926,0.4407,1054.204581513697,21028.05255508423
2023-08-23 09:02:31.650689,1496.0,0.38937914477927343,0.4176065787672997,0.76882,0.7165,0.3493320345878601,0.3152225613594055,0.31136,0.3135,0.02208,0.0296,0.62106,0.5853,0.45956,0.4415,973.2621442833725,14365.280933380127
2023-08-23 09:03:30.123405,1497.0,0.38917689451149534,0.4174998015165329,0.76746,0.7162,0.347808301448822,0.3146689236164093,0.31184,0.3122,0.02156,0.0296,0.61922,0.5862,0.46038,0.4385,907.4359828404018,17869.80468673706
2023-08-23 09:04:21.614057,1498.0,0.3888922776190602,0.41750249415636065,0.7689,0.7161,0.3496340811252594,0.31506383419036865,0.31236,0.3128,0.02208,0.0293,0.62224,0.5868,0.46214,0.4397,1016.3287717079629,17439.30929107666
2023-08-23 09:05:11.957660,1499.0,0.389607525145521,0.41740455850958824,0.76916,0.716,0.34590373933315277,0.3157960772514343,0.31172,0.3121,0.02188,0.0295,0.62192,0.5855,0.45746,0.4402,1058.9848818097796,19472.03417663574
2023-08-23 09:06:01.767126,1500.0,0.38965110906532835,0.41733231842517854,0.76828,0.7151,0.3514169752597809,0.3162870407104492,0.31236,0.3117,0.02272,0.029,0.61968,0.5861,0.46166,0.4407,1066.4111926798919,14007.537895965575
2023-08-23 09:07:00.432581,1501.0,0.38984203916423177,0.41748460829257966,0.76646,0.7154,0.34702712297439575,0.31416454911231995,0.3081,0.3123,0.02242,0.0297,0.62056,0.5853,0.4576,0.4418,894.5490199497768,14716.150685882569
2023-08-23 09:07:57.837608,1502.0,0.38924433290958405,0.4176493607461452,0.7662,0.7164,0.3489997982978821,0.31510576605796814,0.3126,0.313,0.02148,0.0294,0.62098,0.5846,0.45942,0.4407,925.4904404465033,15458.942737579346
2023-08-23 09:08:48.069878,1503.0,0.38941136382672253,0.41771237924695015,0.76808,0.7158,0.3498114347457886,0.3155499994754791,0.31146,0.313,0.02178,0.0294,0.6206,0.5846,0.46008,0.4409,1062.3918890661123,19165.43816833496
2023-08-23 09:09:41.818160,1504.0,0.39044645322220667,0.41764417067170145,0.76564,0.7159,0.34679391980171204,0.31615951657295227,0.31212,0.3132,0.0218,0.0292,0.61972,0.5834,0.45826,0.4403,975.064072667336,18464.831576538087
2023-08-23 09:10:42.966437,1505.0,0.38970022709393987,0.41749472469091414,0.76754,0.7157,0.3501792699098587,0.3157675266265869,0.31052,0.3122,0.02232,0.0293,0.62122,0.5846,0.4602,0.4409,855.4519584032954,14002.55238647461
2023-08-23 09:11:33.252305,1506.0,0.38931496122053694,0.41757286339998245,0.76698,0.716,0.3455696702003479,0.31539079546928406,0.31128,0.3131,0.02204,0.0292,0.6219,0.5852,0.45794,0.4398,1045.9668649167431,19089.75164413452
2023-08-23 09:12:22.304222,1507.0,0.38909182378223967,0.4174387753009796,0.76736,0.7157,0.3491106927394867,0.31735149025917053,0.3102,0.3125,0.02208,0.0294,0.6213,0.5848,0.45824,0.4414,1074.1719810330137,16084.286994171143
2023-08-23 09:13:17.152906,1508.0,0.38963024424655096,0.4175355777144432,0.76708,0.7157,0.3478966951370239,0.31615158915519714,0.31082,0.3131,0.02202,0.0294,0.62,0.5845,0.45884,0.441,950.7738287010972,14002.97795715332
2023-08-23 09:14:07.137442,1509.0,0.3900962976776824,0.4175280198454857,0.76582,0.716,0.34909605979919434,0.3160858452320099,0.31006,0.3129,0.02134,0.0294,0.61874,0.5854,0.46112,0.4414,1066.3505013913525,21506.04132385254
2023-08-23 09:15:08.382149,1510.0,0.389303807397278,0.41746326684951784,0.76726,0.7163,0.3495577573776245,0.3170536309480667,0.31028,0.3122,0.02202,0.0291,0.62076,0.5846,0.4595,0.4412,852.2447265313596,17888.47616043091
2023-08-23 09:16:08.207462,1511.0,0.3895309391070385,0.41747952103614805,0.7665,0.7162,0.3491489738225937,0.3164617270231247,0.31098,0.3127,0.0219,0.0294,0.62092,0.5853,0.45956,0.4411,871.5325580519072,17063.504904937745
2023-08-23 09:17:05.442450,1512.0,0.3895427320076495,0.4175166696310043,0.76736,0.7164,0.34977543354034424,0.31551292538642883,0.31044,0.313,0.02132,0.0294,0.6216,0.5846,0.46062,0.4416,911.7998216590103,15473.751549530029
2023-08-23 09:18:00.707379,1513.0,0.3895695107627888,0.41751983389258385,0.76728,0.7166,0.3483480215072632,0.31555137038230896,0.31052,0.313,0.02158,0.0293,0.62104,0.5851,0.46076,0.4411,959.5523437188596,21542.847651672364
2023-08-23 09:18:52.980730,1514.0,0.3892614768475902,0.41750574484467506,0.7674,0.7167,0.3483022451400757,0.31513963639736176,0.31056,0.3128,0.02202,0.0294,0.62004,0.5848,0.45836,0.4416,1029.6146265146683,20312.036491394043
2023-08-23 09:19:39.398781,1515.0,0.3886371449548371,0.41748477295041087,0.76848,0.7167,0.3476388454437256,0.3162531554698944,0.31046,0.3128,0.02268,0.0295,0.62204,0.5848,0.4596,0.4417,1131.8324555377571,23197.60401535034
2023-08-23 09:20:28.200856,1516.0,0.38849031757943486,0.41747032701969145,0.7693,0.7164,0.35150668025016785,0.31647107005119324,0.31188,0.3128,0.02158,0.0295,0.62222,0.5851,0.46298,0.4418,1087.063513930963,17082.813499450684
2023-08-23 09:21:16.411608,1517.0,0.3890110471723031,0.4174790635704994,0.76698,0.7162,0.34972548484802246,0.3160574585199356,0.31006,0.3129,0.02222,0.0295,0.62032,0.5849,0.45906,0.4418,1096.2257576767279,15896.108305358886
2023-08-23 09:22:08.985493,1518.0,0.3896135701512804,0.4175079256296158,0.76646,0.7165,0.34580641984939575,0.315774142742157,0.3102,0.3129,0.02136,0.0294,0.61882,0.5849,0.45868,0.4414,991.7070792061942,22509.233648681642
2023-08-23 09:23:06.514714,1519.0,0.3894278081704159,0.41749225929379463,0.76736,0.7161,0.35014478862285614,0.3156352788209915,0.31034,0.313,0.02264,0.0294,0.61888,0.585,0.45986,0.4414,923.9017242898747,13872.250539398194
2023-08-23 09:23:55.712394,1520.0,0.389868045795937,0.4174904033541679,0.76638,0.7163,0.3497469872236252,0.31540751457214355,0.31212,0.3129,0.02138,0.0295,0.61918,0.5849,0.46006,0.4413,1071.1414445371045,15569.974900054931
2023-08-23 09:24:47.591565,1521.0,0.38919651842847164,0.4174966312944889,0.7675,0.7164,0.3490455746650696,0.31532785296440125,0.31208,0.3129,0.0224,0.0296,0.62154,0.5848,0.45964,0.4414,1010.8484138177365,20695.705295562744
2023-08-23 09:25:41.155697,1522.0,0.38966333121061325,0.41749353632330893,0.76658,0.7164,0.34842732548713684,0.3152935355901718,0.31114,0.3128,0.0225,0.0295,0.61852,0.5849,0.45882,0.4414,983.6881037342305,15612.806139373779
2023-08-23 09:26:40.846918,1523.0,0.389175116407628,0.4174922086298466,0.76892,0.7163,0.3504951596260071,0.3154994249343872,0.31176,0.3129,0.02194,0.0297,0.62194,0.5848,0.46206,0.4415,893.35883829545,17344.186087036134
2023-08-23 09:27:36.501610,1524.0,0.38970805385283064,0.4174934349954128,0.7667,0.7168,0.34862053394317627,0.31531447172164917,0.30918,0.3128,0.0219,0.0296,0.62106,0.5846,0.45994,0.4415,952.3594210099201,19885.13179092407
